TeamID,Name,Week,Team.x,Opp,Score,PlayerCompletions,PlayerPassingAttempts,PlayerPassingYds,PlayerPassingTDs,PlayerInterceptions,PlayerSacked,FUM.x,PlayerPassRating,Oppt.x,PlayerRushingAttempts,PlayerRushingYds,Avg,PlayerRushingTDs,PlayerReceptions,PlayerReceivingYds,PlayerReceivingTDs,FG.Made,FG.Att,XP.Made,XP.Att,Pts,Year,GID,Pos,Team.y,h.a,Oppt.y,FD.points,FD.salary,TeamID.y,Team,RushDefenseRank,RushingGamesPlayed,RusingPointsperGameGAllowed,TotalRushingPointsAllowed,TotalRushAttemptsAgainst,RushAttemptsAgainstPerGame,RushYdsAllowed,AverageYardsPerCarryAllowed,RushingYardsPerGameAllowed,RushingTDAllowed,LongestRunAllowed,FirstDownsAllowed,FirstDownPercentageAllowed,20yardsRunOrLongerAllowed,40yardsRunOrLongerAllowed,FumblesCaused,PassDefenseRank,PassingGamesPlayed,PassingPointsperGameGAllowed,TotalPassingPointsAllowed,CompletionsAllowed,TotalPassAttemptsAgainst,CompletionPercentageAllowed,PassAttemptsAgainstPerGame,PassingYdsAllowed,AverageYardsPerPassAllowed,PassingYardsPerGameAllowed,PassingTDAllowed,Interceptions,PassingFirstDownsAllowed,PassingFirstDownPercentageAllowed,LongestPassAllowed,20yardsPassOrLongerAllowed,40yardsPassOrLongerAllowed,Sacs,PassDefenseRating,Rk,G,Pts.G,TotPts,Scrm.Plys,Yds.G,Yds.P,X1st.G,X3rd.Md,X3rd.Att,X3rd.Pct,X4th.Md,X4th.Att,X4th.Pct,Pen,Pen.Yds,ToP.G,FUM.y,Lost,Scored Labels
1,"Carpenter, Dan",3,buf,vs ARI,W  33-18,0,0,0,0,0,0,0,0,ari,0,0,0,0,0,0,0,2,2,3,4,9,2016,6163,K,BUF,t,ne,6,4500,20,1,28,3,21,63,84,28,399,4.8,133,4,19,23,27.4,4,1,5,6,3,21,63,65,110,59.1,36.7,7,5.7,189,2,5,30,27.3,2,7,0,9,62.2,9,3,21,63,203,322,4.8,18.7,19,42,45,0,1,0,22,183,15,7,3,9.91353988647461
1,"Gillislee, Mike",3,buf,vs ARI,W  33-18,0,0,0,0,0,0,0,0,ari,3,20,6.7,0,0,0,0,0,0,0,0,0,2016,2894,RB,BUF,t,ne,3.46666653951009,4900,20,1,28,3,21,63,84,28,399,4.8,133,4,19,23,27.4,4,1,5,6,3,21,63,65,110,59.1,36.7,7,5.7,189,2,5,30,27.3,2,7,0,9,62.2,9,3,21,63,203,322,4.8,18.7,19,42,45,0,1,0,22,183,15,7,3,2.10628938674927
1,"Goodwin, Marquise",3,buf,vs ARI,W  33-18,0,0,0,0,0,0,0,0,ari,0,0,6,0,1,6,0,0,0,0,0,0,2016,5205,WR,BUF,t,ne,9.64999961853027,5300,20,1,28,3,21,63,84,28,399,4.8,133,4,19,23,27.4,4,1,5,6,3,21,63,65,110,59.1,36.7,7,5.7,189,2,5,30,27.3,2,7,0,9,62.2,9,3,21,63,203,322,4.8,18.7,19,42,45,0,1,0,22,183,15,7,3,0.559004843235016
1,"McCoy, LeSean",3,buf,vs ARI,W  33-18,0,0,0,0,0,0,0,0,ari,17,110,6.5,2,0,0,0,0,0,0,0,0,2016,2707,RB,BUF,t,ne,17.033332824707,7600,20,1,28,3,21,63,84,28,399,4.8,133,4,19,23,27.4,4,1,5,6,3,21,63,65,110,59.1,36.7,7,5.7,189,2,5,30,27.3,2,7,0,9,62.2,9,3,21,63,203,322,4.8,18.7,19,42,45,0,1,0,22,183,15,7,3,23.055383682251
1,"McCoy, LeSean",3,buf,vs ARI,W  33-18,0,0,0,0,0,0,0,0,ari,0,0,2,0,3,6,0,0,0,0,0,0,2016,2707,RB,BUF,t,ne,17.033332824707,7600,20,1,28,3,21,63,84,28,399,4.8,133,4,19,23,27.4,4,1,5,6,3,21,63,65,110,59.1,36.7,7,5.7,189,2,5,30,27.3,2,7,0,9,62.2,9,3,21,63,203,322,4.8,18.7,19,42,45,0,1,0,22,183,15,7,3,18.662691116333
1,"O'Leary, Nick",3,buf,vs ARI,W  33-18,0,0,0,0,0,0,0,0,ari,0,0,28,0,1,28,0,0,0,0,0,0,2016,4661,TE,BUF,t,ne,1.64999997615814,4500,20,1,28,3,21,63,84,28,399,4.8,133,4,19,23,27.4,4,1,5,6,3,21,63,65,110,59.1,36.7,7,5.7,189,2,5,30,27.3,2,7,0,9,62.2,9,3,21,63,203,322,4.8,18.7,19,42,45,0,1,0,22,183,15,7,3,3.89118051528931
1,"Taylor, Tyrod",3,buf,vs ARI,W  33-18,14,25,119,0,1,4,0,51.9,ari,0,0,0,0,0,0,0,0,0,0,0,0,2016,1400,QB,BUF,t,ne,16.0933329264323,7600,20,1,28,3,21,63,84,28,399,4.8,133,4,19,23,27.4,4,1,5,6,3,21,63,65,110,59.1,36.7,7,5.7,189,2,5,30,27.3,2,7,0,9,62.2,9,3,21,63,203,322,4.8,18.7,19,42,45,0,1,0,22,183,15,7,3,15.2763004302979
1,"Taylor, Tyrod",3,buf,vs ARI,W  33-18,0,0,0,0,0,0,0,0,ari,9,76,8.4,1,0,0,0,0,0,0,0,0,2016,1400,QB,BUF,t,ne,16.0933329264323,7600,20,1,28,3,21,63,84,28,399,4.8,133,4,19,23,27.4,4,1,5,6,3,21,63,65,110,59.1,36.7,7,5.7,189,2,5,30,27.3,2,7,0,9,62.2,9,3,21,63,203,322,4.8,18.7,19,42,45,0,1,0,22,183,15,7,3,18.2918376922607
1,"Woods, Robert",3,buf,vs ARI,W  33-18,0,0,0,0,0,0,0,0,ari,0,0,8.5,0,6,51,0,0,0,0,0,0,2016,5217,WR,BUF,t,ne,4.53333346048991,5400,20,1,28,3,21,63,84,28,399,4.8,133,4,19,23,27.4,4,1,5,6,3,21,63,65,110,59.1,36.7,7,5.7,189,2,5,30,27.3,2,7,0,9,62.2,9,3,21,63,203,322,4.8,18.7,19,42,45,0,1,0,22,183,15,7,3,9.30631256103516
4,"Brown, Jaron",3,ari,@ BUF,L  18-33,0,0,0,0,0,0,0,0,buf,0,0,16.3,0,3,49,0,0,0,0,0,0,2016,5229,WR,ARI,t,la,7.83333333333333,4700,17,4,14,3,22.7,68,86,28.7,294,3.4,98,5,8,16,18.6,1,0,2,22,3,22.7,68,72,117,61.5,39,23,7.9,285,2,4,46,39.3,19,13,1,10,77.5,23,3,22.7,68,213,383,5.4,23.7,19,43,44,0,2,0,21,135,29,6,3,6.28498840332031
4,"Brown, John",3,ari,@ BUF,L  18-33,0,0,0,0,0,0,0,0,buf,0,0,11.7,0,6,70,0,0,0,0,0,0,2016,5264,WR,ARI,t,la,4.39999993642171,6200,17,4,14,3,22.7,68,86,28.7,294,3.4,98,5,8,16,18.6,1,0,2,22,3,22.7,68,72,117,61.5,39,23,7.9,285,2,4,46,39.3,19,13,1,10,77.5,23,3,22.7,68,213,383,5.4,23.7,19,43,44,0,2,0,21,135,29,6,3,9.72382068634033
4,"Catanzaro, Chandler",3,ari,@ BUF,L  18-33,0,0,0,0,0,0,0,0,buf,0,0,0,0,0,0,0,1,1,1,1,4,2016,6229,K,ARI,t,la,6.66666666666667,4600,17,4,14,3,22.7,68,86,28.7,294,3.4,98,5,8,16,18.6,1,0,2,22,3,22.7,68,72,117,61.5,39,23,7.9,285,2,4,46,39.3,19,13,1,10,77.5,23,3,22.7,68,213,383,5.4,23.7,19,43,44,0,2,0,21,135,29,6,3,4.12005710601807
4,"Fells, Darren",3,ari,@ BUF,L  18-33,0,0,0,0,0,0,0,0,buf,0,0,7.5,0,2,15,0,0,0,0,0,0,2016,4609,TE,ARI,t,la,3.79999995231628,4700,17,4,14,3,22.7,68,86,28.7,294,3.4,98,5,8,16,18.6,1,0,2,22,3,22.7,68,72,117,61.5,39,23,7.9,285,2,4,46,39.3,19,13,1,10,77.5,23,3,22.7,68,213,383,5.4,23.7,19,43,44,0,2,0,21,135,29,6,3,2.12106537818909
4,"Fitzgerald, Larry",3,ari,@ BUF,L  18-33,0,0,0,0,0,0,0,0,buf,0,0,8.6,0,7,60,0,0,0,0,0,0,2016,3501,WR,ARI,t,la,16.7333335876465,7500,17,4,14,3,22.7,68,86,28.7,294,3.4,98,5,8,16,18.6,1,0,2,22,3,22.7,68,72,117,61.5,39,23,7.9,285,2,4,46,39.3,19,13,1,10,77.5,23,3,22.7,68,213,383,5.4,23.7,19,43,44,0,2,0,21,135,29,6,3,8.92705249786377
4,"Floyd, Michael",3,ari,@ BUF,L  18-33,0,0,0,0,0,0,0,0,buf,0,0,16.2,0,4,65,0,0,0,0,0,0,2016,5148,WR,ARI,t,la,7.96666653951009,6500,17,4,14,3,22.7,68,86,28.7,294,3.4,98,5,8,16,18.6,1,0,2,22,3,22.7,68,72,117,61.5,39,23,7.9,285,2,4,46,39.3,19,13,1,10,77.5,23,3,22.7,68,213,383,5.4,23.7,19,43,44,0,2,0,21,135,29,6,3,7.30274295806885
4,"Gresham, Jermaine",3,ari,@ BUF,L  18-33,0,0,0,0,0,0,0,0,buf,0,0,0,0,0,0,0,0,0,0,0,0,2016,4493,TE,ARI,t,la,2.03333330154419,4500,17,4,14,3,22.7,68,86,28.7,294,3.4,98,5,8,16,18.6,1,0,2,22,3,22.7,68,72,117,61.5,39,23,7.9,285,2,4,46,39.3,19,13,1,10,77.5,23,3,22.7,68,213,383,5.4,23.7,19,43,44,0,2,0,21,135,29,6,3,-0.617125034332275
4,"Johnson, Chris",3,ari,@ BUF,L  18-33,0,0,0,0,0,0,0,0,buf,2,5,2.5,0,0,0,0,0,0,0,0,0,2016,2645,RB,ARI,t,la,4.03333346048991,4900,17,4,14,3,22.7,68,86,28.7,294,3.4,98,5,8,16,18.6,1,0,2,22,3,22.7,68,72,117,61.5,39,23,7.9,285,2,4,46,39.3,19,13,1,10,77.5,23,3,22.7,68,213,383,5.4,23.7,19,43,44,0,2,0,21,135,29,6,3,-0.690217792987823
4,"Johnson, David",3,ari,@ BUF,L  18-33,0,0,0,0,0,0,0,0,buf,19,83,4.4,2,0,0,0,0,0,0,0,0,2016,4450,RB,ARI,t,la,20.533332824707,8700,17,4,14,3,22.7,68,86,28.7,294,3.4,98,5,8,16,18.6,1,0,2,22,3,22.7,68,72,117,61.5,39,23,7.9,285,2,4,46,39.3,19,13,1,10,77.5,23,3,22.7,68,213,383,5.4,23.7,19,43,44,0,2,0,21,135,29,6,3,14.2899599075317
4,"Johnson, David",3,ari,@ BUF,L  18-33,0,0,0,0,0,0,0,0,buf,19,83,4.4,2,0,0,0,0,0,0,0,0,2016,5395,RB,ARI,t,la,20.533332824707,8700,17,4,14,3,22.7,68,86,28.7,294,3.4,98,5,8,16,18.6,1,0,2,22,3,22.7,68,72,117,61.5,39,23,7.9,285,2,4,46,39.3,19,13,1,10,77.5,23,3,22.7,68,213,383,5.4,23.7,19,43,44,0,2,0,21,135,29,6,3,15.6423997879028
4,"Johnson, David",3,ari,@ BUF,L  18-33,0,0,0,0,0,0,0,0,buf,19,83,4.4,2,0,0,0,0,0,0,0,0,2016,4450,TE,PIT,t,kc,1,4500,16,4,14,3,22.7,68,86,28.7,294,3.4,98,5,8,16,18.6,1,0,2,22,3,22.7,68,72,117,61.5,39,23,7.9,285,2,4,46,39.3,19,13,1,10,77.5,23,3,22.7,68,213,383,5.4,23.7,19,43,44,0,2,0,21,135,29,6,3,3.23679208755493
4,"Johnson, David",3,ari,@ BUF,L  18-33,0,0,0,0,0,0,0,0,buf,19,83,4.4,2,0,0,0,0,0,0,0,0,2016,5395,TE,PIT,t,kc,1,4500,16,4,14,3,22.7,68,86,28.7,294,3.4,98,5,8,16,18.6,1,0,2,22,3,22.7,68,72,117,61.5,39,23,7.9,285,2,4,46,39.3,19,13,1,10,77.5,23,3,22.7,68,213,383,5.4,23.7,19,43,44,0,2,0,21,135,29,6,3,4.5614128112793
4,"Johnson, David",3,ari,@ BUF,L  18-33,0,0,0,0,0,0,0,0,buf,0,0,9.3,0,3,28,0,0,0,0,0,0,2016,4450,RB,ARI,t,la,20.533332824707,8700,17,4,14,3,22.7,68,86,28.7,294,3.4,98,5,8,16,18.6,1,0,2,22,3,22.7,68,72,117,61.5,39,23,7.9,285,2,4,46,39.3,19,13,1,10,77.5,23,3,22.7,68,213,383,5.4,23.7,19,43,44,0,2,0,21,135,29,6,3,12.6471710205078
4,"Johnson, David",3,ari,@ BUF,L  18-33,0,0,0,0,0,0,0,0,buf,0,0,9.3,0,3,28,0,0,0,0,0,0,2016,5395,RB,ARI,t,la,20.533332824707,8700,17,4,14,3,22.7,68,86,28.7,294,3.4,98,5,8,16,18.6,1,0,2,22,3,22.7,68,72,117,61.5,39,23,7.9,285,2,4,46,39.3,19,13,1,10,77.5,23,3,22.7,68,213,383,5.4,23.7,19,43,44,0,2,0,21,135,29,6,3,13.5920104980469
4,"Johnson, David",3,ari,@ BUF,L  18-33,0,0,0,0,0,0,0,0,buf,0,0,9.3,0,3,28,0,0,0,0,0,0,2016,4450,TE,PIT,t,kc,1,4500,16,4,14,3,22.7,68,86,28.7,294,3.4,98,5,8,16,18.6,1,0,2,22,3,22.7,68,72,117,61.5,39,23,7.9,285,2,4,46,39.3,19,13,1,10,77.5,23,3,22.7,68,213,383,5.4,23.7,19,43,44,0,2,0,21,135,29,6,3,2.25313067436218
4,"Johnson, David",3,ari,@ BUF,L  18-33,0,0,0,0,0,0,0,0,buf,0,0,9.3,0,3,28,0,0,0,0,0,0,2016,5395,TE,PIT,t,kc,1,4500,16,4,14,3,22.7,68,86,28.7,294,3.4,98,5,8,16,18.6,1,0,2,22,3,22.7,68,72,117,61.5,39,23,7.9,285,2,4,46,39.3,19,13,1,10,77.5,23,3,22.7,68,213,383,5.4,23.7,19,43,44,0,2,0,21,135,29,6,3,3.63396906852722
4,"Palmer, Carson",3,ari,@ BUF,L  18-33,26,50,287,0,4,5,0,36,buf,0,0,0,0,0,0,0,0,0,0,0,0,2016,1207,QB,ARI,t,la,16.8600006103516,8000,17,4,14,3,22.7,68,86,28.7,294,3.4,98,5,8,16,18.6,1,0,2,22,3,22.7,68,72,117,61.5,39,23,7.9,285,2,4,46,39.3,19,13,1,10,77.5,23,3,22.7,68,213,383,5.4,23.7,19,43,44,0,2,0,21,135,29,6,3,6.90259265899658
6,"Bailey, Dan",3,dal,vs CHI,W  31-17,0,0,0,0,0,0,0,0,chi,0,0,0,0,0,0,0,1,2,4,4,7,2016,6194,K,DAL,t,sf,11.3333333333333,4600,28,6,30,3,27.7,83,108,36,428,4,142.7,5,14,26,24.1,2,0,1,10,3,27.7,83,62,93,66.7,31,11,7.2,214.3,4,1,34,36.6,9,8,1,4,97.5,16,3,27.7,83,205,357,5.2,21,20,46,44,4,4,100,15,148,30,2,1,8.05707931518555
6,"Beasley, Cole",3,dal,vs CHI,W  31-17,0,0,0,0,0,0,0,0,chi,0,0,10.4,0,7,73,0,0,0,0,0,0,2016,5163,WR,DAL,t,sf,10.4333330790202,5200,28,6,30,3,27.7,83,108,36,428,4,142.7,5,14,26,24.1,2,0,1,10,3,27.7,83,62,93,66.7,31,11,7.2,214.3,4,1,34,36.6,9,8,1,4,97.5,16,3,27.7,83,205,357,5.2,21,20,46,44,4,4,100,15,148,30,2,1,12.0579347610474
6,"Butler, Brice",3,dal,vs CHI,W  31-17,0,0,0,0,0,0,0,0,chi,0,0,0,0,0,0,0,0,0,0,0,0,2016,5219,WR,DAL,t,sf,0.699999968210856,4500,28,6,30,3,27.7,83,108,36,428,4,142.7,5,14,26,24.1,2,0,1,10,3,27.7,83,62,93,66.7,31,11,7.2,214.3,4,1,34,36.6,9,8,1,4,97.5,16,3,27.7,83,205,357,5.2,21,20,46,44,4,4,100,15,148,30,2,1,-0.754493951797485
6,"Dunbar, Lance",3,dal,vs CHI,W  31-17,0,0,0,0,0,0,0,0,chi,1,1,1,1,0,0,0,0,0,0,0,0,2016,2880,RB,DAL,t,sf,4.13333320617676,4900,28,6,30,3,27.7,83,108,36,428,4,142.7,5,14,26,24.1,2,0,1,10,3,27.7,83,62,93,66.7,31,11,7.2,214.3,4,1,34,36.6,9,8,1,4,97.5,16,3,27.7,83,205,357,5.2,21,20,46,44,4,4,100,15,148,30,2,1,5.33759593963623
6,"Elliott, Ezekiel",3,dal,vs CHI,W  31-17,0,0,0,0,0,0,0,0,chi,30,140,4.7,0,0,0,0,0,0,0,0,0,2016,5444,RB,DAL,t,sf,14.1333338419596,8100,28,6,30,3,27.7,83,108,36,428,4,142.7,5,14,26,24.1,2,0,1,10,3,27.7,83,62,93,66.7,31,11,7.2,214.3,4,1,34,36.6,9,8,1,4,97.5,16,3,27.7,83,205,357,5.2,21,20,46,44,4,4,100,15,148,30,2,1,14.3923101425171
6,"Elliott, Ezekiel",3,dal,vs CHI,W  31-17,0,0,0,0,0,0,0,0,chi,0,0,10,0,2,20,0,0,0,0,0,0,2016,5444,RB,DAL,t,sf,14.1333338419596,8100,28,6,30,3,27.7,83,108,36,428,4,142.7,5,14,26,24.1,2,0,1,10,3,27.7,83,62,93,66.7,31,11,7.2,214.3,4,1,34,36.6,9,8,1,4,97.5,16,3,27.7,83,205,357,5.2,21,20,46,44,4,4,100,15,148,30,2,1,15.1018733978271
6,"Morris, Alfred",3,dal,vs CHI,W  31-17,0,0,0,0,0,0,0,0,chi,5,19,3.8,1,0,0,0,0,0,0,0,0,2016,2871,RB,DAL,t,sf,6.26666641235352,5200,28,6,30,3,27.7,83,108,36,428,4,142.7,5,14,26,24.1,2,0,1,10,3,27.7,83,62,93,66.7,31,11,7.2,214.3,4,1,34,36.6,9,8,1,4,97.5,16,3,27.7,83,205,357,5.2,21,20,46,44,4,4,100,15,148,30,2,1,6.1276798248291
6,"Morris, Alfred",3,dal,vs CHI,W  31-17,0,0,0,0,0,0,0,0,chi,0,0,2,0,1,2,0,0,0,0,0,0,2016,2871,RB,DAL,t,sf,6.26666641235352,5200,28,6,30,3,27.7,83,108,36,428,4,142.7,5,14,26,24.1,2,0,1,10,3,27.7,83,62,93,66.7,31,11,7.2,214.3,4,1,34,36.6,9,8,1,4,97.5,16,3,27.7,83,205,357,5.2,21,20,46,44,4,4,100,15,148,30,2,1,5.55976581573486
6,"Prescott, Dak",3,dal,vs CHI,W  31-17,19,24,248,1,0,0,0,123.6,chi,0,0,0,0,0,0,0,0,0,0,0,0,2016,1501,QB,DAL,t,sf,17.3600006103516,7200,28,6,30,3,27.7,83,108,36,428,4,142.7,5,14,26,24.1,2,0,1,10,3,27.7,83,62,93,66.7,31,11,7.2,214.3,4,1,34,36.6,9,8,1,4,97.5,16,3,27.7,83,205,357,5.2,21,20,46,44,4,4,100,15,148,30,2,1,21.972957611084
6,"Prescott, Dak",3,dal,vs CHI,W  31-17,0,0,0,0,0,0,0,0,chi,4,36,9,1,0,0,0,0,0,0,0,0,2016,1501,QB,DAL,t,sf,17.3600006103516,7200,28,6,30,3,27.7,83,108,36,428,4,142.7,5,14,26,24.1,2,0,1,10,3,27.7,83,62,93,66.7,31,11,7.2,214.3,4,1,34,36.6,9,8,1,4,97.5,16,3,27.7,83,205,357,5.2,21,20,46,44,4,4,100,15,148,30,2,1,22.7099552154541
6,"Swaim, Geoff",3,dal,vs CHI,W  31-17,0,0,0,0,0,0,0,0,chi,0,0,0,0,0,0,0,0,0,0,0,0,2016,4668,TE,DAL,t,sf,2.16666666666667,4500,28,6,30,3,27.7,83,108,36,428,4,142.7,5,14,26,24.1,2,0,1,10,3,27.7,83,62,93,66.7,31,11,7.2,214.3,4,1,34,36.6,9,8,1,4,97.5,16,3,27.7,83,205,357,5.2,21,20,46,44,4,4,100,15,148,30,2,1,-0.0716556161642075
6,"Whitehead, Lucky",3,dal,vs CHI,W  31-17,0,0,0,0,0,0,0,0,chi,1,3,3,0,0,0,0,0,0,0,0,0,2016,5400,WR,DAL,t,sf,0.100000003973643,4500,28,6,30,3,27.7,83,108,36,428,4,142.7,5,14,26,24.1,2,0,1,10,3,27.7,83,62,93,66.7,31,11,7.2,214.3,4,1,34,36.6,9,8,1,4,97.5,16,3,27.7,83,205,357,5.2,21,20,46,44,4,4,100,15,148,30,2,1,1.22903978824615
6,"Williams, Terrance",3,dal,vs CHI,W  31-17,0,0,0,0,0,0,1,0,chi,0,0,22,0,4,88,0,0,0,0,0,0,2016,5216,WR,DAL,t,sf,6.84999990463257,4600,28,6,30,3,27.7,83,108,36,428,4,142.7,5,14,26,24.1,2,0,1,10,3,27.7,83,62,93,66.7,31,11,7.2,214.3,4,1,34,36.6,9,8,1,4,97.5,16,3,27.7,83,205,357,5.2,21,20,46,44,4,4,100,15,148,30,2,1,8.11459445953369
6,"Witten, Jason",3,dal,vs CHI,W  31-17,0,0,0,0,0,0,0,0,chi,0,0,12.5,0,2,25,0,0,0,0,0,0,2016,4262,TE,DAL,t,sf,7.06666692097982,6000,28,6,30,3,27.7,83,108,36,428,4,142.7,5,14,26,24.1,2,0,1,10,3,27.7,83,62,93,66.7,31,11,7.2,214.3,4,1,34,36.6,9,8,1,4,97.5,16,3,27.7,83,205,357,5.2,21,20,46,44,4,4,100,15,148,30,2,1,3.97627067565918
7,"Anderson, C.J.",3,den,@ CIN,W  29-17,0,0,0,0,0,0,0,0,cin,14,37,2.6,0,0,0,0,0,0,0,0,0,2016,2924,RB,DEN,t,tb,16.4333330790202,7900,30,7,18,3,25,75,89,29.7,328,3.7,109.3,0,4,17,19.1,0,0,1,13,3,25,75,61,107,57,35.7,14,7.1,247,9,3,36,33.6,14,10,4,4,95.5,15,3,25,75,200,356.3,5.3,20.7,17,41,42,0,1,0,17,190,22,3,1,6.74831771850586
7,"Anderson, C.J.",3,den,@ CIN,W  29-17,0,0,0,0,0,0,0,0,cin,0,0,4,0,1,4,0,0,0,0,0,0,2016,2924,RB,DEN,t,tb,16.4333330790202,7900,30,7,18,3,25,75,89,29.7,328,3.7,109.3,0,4,17,19.1,0,0,1,13,3,25,75,61,107,57,35.7,14,7.1,247,9,3,36,33.6,14,10,4,4,95.5,15,3,25,75,200,356.3,5.3,20.7,17,41,42,0,1,0,17,190,22,3,1,7.10685348510742
7,"Booker, Devontae",3,den,@ CIN,W  29-17,0,0,0,0,0,0,0,0,cin,4,8,2,0,0,0,0,0,0,0,0,0,2016,5468,RB,DEN,t,tb,2.46666669845581,5200,30,7,18,3,25,75,89,29.7,328,3.7,109.3,0,4,17,19.1,0,0,1,13,3,25,75,61,107,57,35.7,14,7.1,247,9,3,36,33.6,14,10,4,4,95.5,15,3,25,75,200,356.3,5.3,20.7,17,41,42,0,1,0,17,190,22,3,1,2.11890649795532
7,"Booker, Devontae",3,den,@ CIN,W  29-17,0,0,0,0,0,0,0,0,cin,0,0,17,0,1,17,0,0,0,0,0,0,2016,5468,RB,DEN,t,tb,2.46666669845581,5200,30,7,18,3,25,75,89,29.7,328,3.7,109.3,0,4,17,19.1,0,0,1,13,3,25,75,61,107,57,35.7,14,7.1,247,9,3,36,33.6,14,10,4,4,95.5,15,3,25,75,200,356.3,5.3,20.7,17,41,42,0,1,0,17,190,22,3,1,3.68760251998901
7,"Fowler, Bennie",3,den,@ CIN,W  29-17,0,0,0,0,0,0,0,0,cin,0,0,13,0,1,13,0,0,0,0,0,0,2016,5353,WR,DEN,t,tb,1.79999995231628,4500,30,7,18,3,25,75,89,29.7,328,3.7,109.3,0,4,17,19.1,0,0,1,13,3,25,75,61,107,57,35.7,14,7.1,247,9,3,36,33.6,14,10,4,4,95.5,15,3,25,75,200,356.3,5.3,20.7,17,41,42,0,1,0,17,190,22,3,1,2.28391790390015
7,"Janovich, Andy",3,den,@ CIN,W  29-17,0,0,0,0,0,0,0,0,cin,1,2,2,0,0,0,0,0,0,0,0,0,2016,5482,RB,DEN,t,tb,4.13333320617676,4500,30,7,18,3,25,75,89,29.7,328,3.7,109.3,0,4,17,19.1,0,0,1,13,3,25,75,61,107,57,35.7,14,7.1,247,9,3,36,33.6,14,10,4,4,95.5,15,3,25,75,200,356.3,5.3,20.7,17,41,42,0,1,0,17,190,22,3,1,1.4612854719162
7,"Janovich, Andy",3,den,@ CIN,W  29-17,0,0,0,0,0,0,0,0,cin,0,0,13,0,1,13,0,0,0,0,0,0,2016,5482,RB,DEN,t,tb,4.13333320617676,4500,30,7,18,3,25,75,89,29.7,328,3.7,109.3,0,4,17,19.1,0,0,1,13,3,25,75,61,107,57,35.7,14,7.1,247,9,3,36,33.6,14,10,4,4,95.5,15,3,25,75,200,356.3,5.3,20.7,17,41,42,0,1,0,17,190,22,3,1,2.87167429924011
7,"Latimer, Cody",3,den,@ CIN,W  29-17,0,0,0,0,0,0,0,0,cin,0,0,10,0,1,10,0,0,0,0,0,0,2016,5268,WR,DEN,t,tb,1.85000002384186,4500,30,7,18,3,25,75,89,29.7,328,3.7,109.3,0,4,17,19.1,0,0,1,13,3,25,75,61,107,57,35.7,14,7.1,247,9,3,36,33.6,14,10,4,4,95.5,15,3,25,75,200,356.3,5.3,20.7,17,41,42,0,1,0,17,190,22,3,1,1.82560157775879
7,"McManus, Brandon",3,den,@ CIN,W  29-17,0,0,0,0,0,0,0,0,cin,0,0,0,0,0,0,0,1,1,2,3,5,2016,6227,K,DEN,t,tb,7.66666666666667,4800,30,7,18,3,25,75,89,29.7,328,3.7,109.3,0,4,17,19.1,0,0,1,13,3,25,75,61,107,57,35.7,14,7.1,247,9,3,36,33.6,14,10,4,4,95.5,15,3,25,75,200,356.3,5.3,20.7,17,41,42,0,1,0,17,190,22,3,1,6.42368984222412
7,"Norwood, Jordan",3,den,@ CIN,W  29-17,0,0,0,0,0,0,0,0,cin,1,0,0,0,0,0,0,0,0,0,0,0,2016,3828,WR,DEN,t,tb,1.30000003178914,4600,30,7,18,3,25,75,89,29.7,328,3.7,109.3,0,4,17,19.1,0,0,1,13,3,25,75,61,107,57,35.7,14,7.1,247,9,3,36,33.6,14,10,4,4,95.5,15,3,25,75,200,356.3,5.3,20.7,17,41,42,0,1,0,17,190,22,3,1,-0.638603150844574
7,"Norwood, Jordan",3,den,@ CIN,W  29-17,0,0,0,0,0,0,0,0,cin,0,0,0,0,0,0,0,0,0,0,0,0,2016,3828,WR,DEN,t,tb,1.30000003178914,4600,30,7,18,3,25,75,89,29.7,328,3.7,109.3,0,4,17,19.1,0,0,1,13,3,25,75,61,107,57,35.7,14,7.1,247,9,3,36,33.6,14,10,4,4,95.5,15,3,25,75,200,356.3,5.3,20.7,17,41,42,0,1,0,17,190,22,3,1,-0.638603150844574
7,"Phillips, John",3,den,@ CIN,W  29-17,0,0,0,0,0,0,0,0,cin,0,0,4.5,0,2,9,1,0,0,0,0,0,2016,4433,TE,DEN,t,tb,7.90000009536743,4700,30,7,18,3,25,75,89,29.7,328,3.7,109.3,0,4,17,19.1,0,0,1,13,3,25,75,61,107,57,35.7,14,7.1,247,9,3,36,33.6,14,10,4,4,95.5,15,3,25,75,200,356.3,5.3,20.7,17,41,42,0,1,0,17,190,22,3,1,8.43818950653076
7,"Sanders, Emmanuel",3,den,@ CIN,W  29-17,0,0,0,0,0,0,0,0,cin,0,0,13,0,9,117,2,0,0,0,0,0,2016,3983,WR,DEN,t,tb,13.6666666666667,6900,30,7,18,3,25,75,89,29.7,328,3.7,109.3,0,4,17,19.1,0,0,1,13,3,25,75,61,107,57,35.7,14,7.1,247,9,3,36,33.6,14,10,4,4,95.5,15,3,25,75,200,356.3,5.3,20.7,17,41,42,0,1,0,17,190,22,3,1,23.7522792816162
7,"Siemian, Trevor",3,den,@ CIN,W  29-17,23,35,312,4,0,2,0,132.1,cin,0,0,0,0,0,0,0,0,0,0,0,0,2016,1488,QB,DEN,t,tb,17.4799995422363,7400,30,7,18,3,25,75,89,29.7,328,3.7,109.3,0,4,17,19.1,0,0,1,13,3,25,75,61,107,57,35.7,14,7.1,247,9,3,36,33.6,14,10,4,4,95.5,15,3,25,75,200,356.3,5.3,20.7,17,41,42,0,1,0,17,190,22,3,1,26.5606727600098
7,"Siemian, Trevor",3,den,@ CIN,W  29-17,0,0,0,0,0,0,0,0,cin,3,5,1.7,0,0,0,0,0,0,0,0,0,2016,1488,QB,DEN,t,tb,17.4799995422363,7400,30,7,18,3,25,75,89,29.7,328,3.7,109.3,0,4,17,19.1,0,0,1,13,3,25,75,61,107,57,35.7,14,7.1,247,9,3,36,33.6,14,10,4,4,95.5,15,3,25,75,200,356.3,5.3,20.7,17,41,42,0,1,0,17,190,22,3,1,25.0154895782471
7,"Thomas, Demaryius",3,den,@ CIN,W  29-17,0,0,0,0,0,0,1,0,cin,0,0,16.7,0,6,100,1,0,0,0,0,0,2016,3997,WR,DEN,t,tb,12.4333330790202,7900,30,7,18,3,25,75,89,29.7,328,3.7,109.3,0,4,17,19.1,0,0,1,13,3,25,75,61,107,57,35.7,14,7.1,247,9,3,36,33.6,14,10,4,4,95.5,15,3,25,75,200,356.3,5.3,20.7,17,41,42,0,1,0,17,190,22,3,1,16.8477268218994
9,"Barth, Connor",3,chi,@ DAL,L  17-31,0,0,0,0,0,0,0,0,dal,0,0,0,0,0,0,0,1,1,2,2,5,2016,6166,K,CHI,t,det,3,4500,11,9,12,3,20,60,55,18.3,273,5,91,1,16,13,23.6,2,0,1,23,3,20,60,77,123,62.6,41,24,7.2,288.3,6,2,47,38.2,15,12,2,5,93.8,22,3,20,60,183,379.3,6.2,21,12,32,38,1,2,50,18,136,2,5,2,5.86724185943604
9,"Hoyer, Brian",3,chi,@ DAL,L  17-31,30,49,317,2,0,0,1,93.7,dal,0,0,0,0,0,0,0,0,0,0,0,0,2016,1336,QB,CHI,t,det,11,6000,11,9,12,3,20,60,55,18.3,273,5,91,1,16,13,23.6,2,0,1,23,3,20,60,77,123,62.6,41,24,7.2,288.3,6,2,47,38.2,15,12,2,5,93.8,22,3,20,60,183,379.3,6.2,21,12,32,38,1,2,50,18,136,2,5,2,18.8856201171875
9,"Hoyer, Brian",3,chi,@ DAL,L  17-31,0,0,0,0,0,0,1,0,dal,3,-3,-1,0,0,0,0,0,0,0,0,0,2016,1336,QB,CHI,t,det,11,6000,11,9,12,3,20,60,55,18.3,273,5,91,1,16,13,23.6,2,0,1,23,3,20,60,77,123,62.6,41,24,7.2,288.3,6,2,47,38.2,15,12,2,5,93.8,22,3,20,60,183,379.3,6.2,21,12,32,38,1,2,50,18,136,2,5,2,17.1083850860596
9,"Meredith, Cameron",3,chi,@ DAL,L  17-31,0,0,0,0,0,0,1,0,dal,0,0,12,0,2,24,0,0,0,0,0,0,2016,5417,WR,CHI,t,det,1.39999997615814,4500,11,9,12,3,20,60,55,18.3,273,5,91,1,16,13,23.6,2,0,1,23,3,20,60,77,123,62.6,41,24,7.2,288.3,6,2,47,38.2,15,12,2,5,93.8,22,3,20,60,183,379.3,6.2,21,12,32,38,1,2,50,18,136,2,5,2,4.77075242996216
9,"Miller, Zach",3,chi,@ DAL,L  17-31,0,0,0,0,0,0,0,0,dal,0,0,9.8,0,8,78,2,0,0,0,0,0,2016,4461,TE,CHI,t,det,10.6666666666667,5000,11,9,12,3,20,60,55,18.3,273,5,91,1,16,13,23.6,2,0,1,23,3,20,60,77,123,62.6,41,24,7.2,288.3,6,2,47,38.2,15,12,2,5,93.8,22,3,20,60,183,379.3,6.2,21,12,32,38,1,2,50,18,136,2,5,2,21.3598976135254
9,"Royal, Eddie",3,chi,@ DAL,L  17-31,0,0,0,0,0,0,0,0,dal,0,0,7,0,3,21,0,0,0,0,0,0,2016,3748,WR,CHI,t,det,10.1666666666667,5500,11,9,12,3,20,60,55,18.3,273,5,91,1,16,13,23.6,2,0,1,23,3,20,60,77,123,62.6,41,24,7.2,288.3,6,2,47,38.2,15,12,2,5,93.8,22,3,20,60,183,379.3,6.2,21,12,32,38,1,2,50,18,136,2,5,2,3.60960626602173
9,"White, Kevin",3,chi,@ DAL,L  17-31,0,0,0,0,0,0,0,0,dal,0,0,10.3,0,6,62,0,0,0,0,0,0,2016,5377,WR,CHI,t,det,6.86666679382324,5500,11,9,12,3,20,60,55,18.3,273,5,91,1,16,13,23.6,2,0,1,23,3,20,60,77,123,62.6,41,24,7.2,288.3,6,2,47,38.2,15,12,2,5,93.8,22,3,20,60,183,379.3,6.2,21,12,32,38,1,2,50,18,136,2,5,2,9.77966785430908
12,"Boldin, Anquan",3,det,@ GB,L  27-34,0,0,0,0,0,0,0,0,gb,0,0,5.5,0,4,22,1,0,0,0,0,0,2016,3423,WR,DET,t,chi,9.33333333333333,6500,6,12,1,3,22.3,67,71,23.7,128,1.8,42.7,1,1,10,14.1,0,0,0,28,3,22.3,67,74,111,66.7,37,29,8.9,307.3,6,2,42,37.8,20,15,3,10,105.3,13,3,22.3,67,192,350,5.5,19,16,43,37,5,7,71,26,302,26,3,1,12.5810766220093
12,"Prater, Matt",3,det,@ GB,L  27-34,0,0,0,0,0,0,0,0,gb,0,0,0,0,0,0,0,2,3,3,3,9,2016,6159,K,DET,t,chi,9.33333333333333,4700,6,12,1,3,22.3,67,71,23.7,128,1.8,42.7,1,1,10,14.1,0,0,0,28,3,22.3,67,74,111,66.7,37,29,8.9,307.3,6,2,42,37.8,20,15,3,10,105.3,13,3,22.3,67,192,350,5.5,19,16,43,37,5,7,71,26,302,26,3,1,11.4849796295166
12,"Riddick, Theo",3,det,@ GB,L  27-34,0,0,0,0,0,0,0,0,gb,10,9,0.9,0,0,0,0,0,0,0,0,0,2016,2907,RB,DET,t,chi,14.033332824707,6600,6,12,1,3,22.3,67,71,23.7,128,1.8,42.7,1,1,10,14.1,0,0,0,28,3,22.3,67,74,111,66.7,37,29,8.9,307.3,6,2,42,37.8,20,15,3,10,105.3,13,3,22.3,67,192,350,5.5,19,16,43,37,5,7,71,26,302,26,3,1,9.30853939056396
12,"Riddick, Theo",3,det,@ GB,L  27-34,0,0,0,0,0,0,0,0,gb,0,0,5.6,0,7,39,0,0,0,0,0,0,2016,2907,RB,DET,t,chi,14.033332824707,6600,6,12,1,3,22.3,67,71,23.7,128,1.8,42.7,1,1,10,14.1,0,0,0,28,3,22.3,67,74,111,66.7,37,29,8.9,307.3,6,2,42,37.8,20,15,3,10,105.3,13,3,22.3,67,192,350,5.5,19,16,43,37,5,7,71,26,302,26,3,1,13.1999177932739
12,"Roberts, Andre",3,det,@ GB,L  27-34,0,0,0,0,0,0,0,0,gb,0,0,0,0,0,0,0,0,0,0,0,0,2016,3978,WR,DET,t,chi,0.433333317438761,4500,6,12,1,3,22.3,67,71,23.7,128,1.8,42.7,1,1,10,14.1,0,0,0,28,3,22.3,67,74,111,66.7,37,29,8.9,307.3,6,2,42,37.8,20,15,3,10,105.3,13,3,22.3,67,192,350,5.5,19,16,43,37,5,7,71,26,302,26,3,1,1.47478139400482
12,"Stafford, Matthew",3,det,@ GB,L  27-34,28,41,385,3,1,3,0,112.3,gb,0,0,0,0,0,0,0,0,0,0,0,0,2016,1340,QB,DET,t,chi,23.3666661580404,8300,6,12,1,3,22.3,67,71,23.7,128,1.8,42.7,1,1,10,14.1,0,0,0,28,3,22.3,67,74,111,66.7,37,29,8.9,307.3,6,2,42,37.8,20,15,3,10,105.3,13,3,22.3,67,192,350,5.5,19,16,43,37,5,7,71,26,302,26,3,1,27.5406246185303
12,"Stafford, Matthew",3,det,@ GB,L  27-34,0,0,0,0,0,0,0,0,gb,2,11,5.5,0,0,0,0,0,0,0,0,0,2016,1340,QB,DET,t,chi,23.3666661580404,8300,6,12,1,3,22.3,67,71,23.7,128,1.8,42.7,1,1,10,14.1,0,0,0,28,3,22.3,67,74,111,66.7,37,29,8.9,307.3,6,2,42,37.8,20,15,3,10,105.3,13,3,22.3,67,192,350,5.5,19,16,43,37,5,7,71,26,302,26,3,1,27.0245361328125
12,"Tate, Golden",3,det,@ GB,L  27-34,0,0,0,0,0,0,0,0,gb,1,-8,-8,0,0,0,0,0,0,0,0,0,2016,3995,WR,DET,t,chi,5.10000006357829,6200,6,12,1,3,22.3,67,71,23.7,128,1.8,42.7,1,1,10,14.1,0,0,0,28,3,22.3,67,74,111,66.7,37,29,8.9,307.3,6,2,42,37.8,20,15,3,10,105.3,13,3,22.3,67,192,350,5.5,19,16,43,37,5,7,71,26,302,26,3,1,15.8847169876099
12,"Tate, Golden",3,det,@ GB,L  27-34,0,0,0,0,0,0,0,0,gb,0,0,10,0,4,40,0,0,0,0,0,0,2016,3995,WR,DET,t,chi,5.10000006357829,6200,6,12,1,3,22.3,67,71,23.7,128,1.8,42.7,1,1,10,14.1,0,0,0,28,3,22.3,67,74,111,66.7,37,29,8.9,307.3,6,2,42,37.8,20,15,3,10,105.3,13,3,22.3,67,192,350,5.5,19,16,43,37,5,7,71,26,302,26,3,1,6.5062370300293
12,"Washington, Dwayne",3,det,@ GB,L  27-34,0,0,0,0,0,0,0,0,gb,10,38,3.8,0,0,0,0,0,0,0,0,0,2016,5483,RB,DET,t,chi,4.39999993642171,4500,6,12,1,3,22.3,67,71,23.7,128,1.8,42.7,1,1,10,14.1,0,0,0,28,3,22.3,67,74,111,66.7,37,29,8.9,307.3,6,2,42,37.8,20,15,3,10,105.3,13,3,22.3,67,192,350,5.5,19,16,43,37,5,7,71,26,302,26,3,1,4.50658702850342
12,"Washington, Dwayne",3,det,@ GB,L  27-34,0,0,0,0,0,0,0,0,gb,0,0,-3,0,1,-3,0,0,0,0,0,0,2016,5483,RB,DET,t,chi,4.39999993642171,4500,6,12,1,3,22.3,67,71,23.7,128,1.8,42.7,1,1,10,14.1,0,0,0,28,3,22.3,67,74,111,66.7,37,29,8.9,307.3,6,2,42,37.8,20,15,3,10,105.3,13,3,22.3,67,192,350,5.5,19,16,43,37,5,7,71,26,302,26,3,1,4.18192768096924
12,"Wick, Cole",3,det,@ GB,L  27-34,0,0,0,0,0,0,0,0,gb,0,0,13,0,1,13,0,0,0,0,0,0,2016,4678,TE,DET,t,chi,1.39999997615814,4500,6,12,1,3,22.3,67,71,23.7,128,1.8,42.7,1,1,10,14.1,0,0,0,28,3,22.3,67,74,111,66.7,37,29,8.9,307.3,6,2,42,37.8,20,15,3,10,105.3,13,3,22.3,67,192,350,5.5,19,16,43,37,5,7,71,26,302,26,3,1,2.31303787231445
13,"Amendola, Danny",3,ne,vs HOU,W  27-0,0,0,0,0,0,0,0,0,hou,0,0,11.5,0,2,23,0,0,0,0,0,0,2016,3851,WR,NE,t,buf,8.79999987284342,5400,4,13,26,3,17.7,53,78,26,377,4.8,125.7,4,17,14,17.9,5,1,3,1,3,17.7,53,47,85,55.3,28.3,2,5.9,151.3,1,1,24,28.2,13,5,1,10,71.9,5,3,17.7,53,173,277,4.8,14.3,11,41,27,0,2,0,16,122,5,6,3,3.53033709526062
13,"Bennett, Martellus",3,ne,vs HOU,W  27-0,0,0,0,0,0,0,0,0,hou,1,6,6,0,0,0,0,0,0,0,0,0,2016,4407,TE,NE,t,buf,8.46666653951009,6300,4,13,26,3,17.7,53,78,26,377,4.8,125.7,4,17,14,17.9,5,1,3,1,3,17.7,53,47,85,55.3,28.3,2,5.9,151.3,1,1,24,28.2,13,5,1,10,71.9,5,3,17.7,53,173,277,4.8,14.3,11,41,27,0,2,0,16,122,5,6,3,8.0332498550415
13,"Bennett, Martellus",3,ne,vs HOU,W  27-0,0,0,0,0,0,0,0,0,hou,0,0,5,0,2,10,0,0,0,0,0,0,2016,4407,TE,NE,t,buf,8.46666653951009,6300,4,13,26,3,17.7,53,78,26,377,4.8,125.7,4,17,14,17.9,5,1,3,1,3,17.7,53,47,85,55.3,28.3,2,5.9,151.3,1,1,24,28.2,13,5,1,10,71.9,5,3,17.7,53,173,277,4.8,14.3,11,41,27,0,2,0,16,122,5,6,3,3.64899682998657
13,"Blount, LeGarrette",3,ne,vs HOU,W  27-0,0,0,0,0,0,0,0,0,hou,24,105,4.4,2,0,0,0,0,0,0,0,0,2016,2721,RB,NE,t,buf,17.2666664123535,7500,4,13,26,3,17.7,53,78,26,377,4.8,125.7,4,17,14,17.9,5,1,3,1,3,17.7,53,47,85,55.3,28.3,2,5.9,151.3,1,1,24,28.2,13,5,1,10,71.9,5,3,17.7,53,173,277,4.8,14.3,11,41,27,0,2,0,16,122,5,6,3,20.3726367950439
13,"Edelman, Julian",3,ne,vs HOU,W  27-0,0,0,0,0,0,0,0,0,hou,3,14,4.7,0,0,0,0,0,0,0,0,0,2016,3826,WR,NE,t,buf,10,7200,4,13,26,3,17.7,53,78,26,377,4.8,125.7,4,17,14,17.9,5,1,3,1,3,17.7,53,47,85,55.3,28.3,2,5.9,151.3,1,1,24,28.2,13,5,1,10,71.9,5,3,17.7,53,173,277,4.8,14.3,11,41,27,0,2,0,16,122,5,6,3,6.7463641166687
13,"Edelman, Julian",3,ne,vs HOU,W  27-0,0,0,0,0,0,0,0,0,hou,0,0,9.5,0,4,38,0,0,0,0,0,0,2016,3826,WR,NE,t,buf,10,7200,4,13,26,3,17.7,53,78,26,377,4.8,125.7,4,17,14,17.9,5,1,3,1,3,17.7,53,47,85,55.3,28.3,2,5.9,151.3,1,1,24,28.2,13,5,1,10,71.9,5,3,17.7,53,173,277,4.8,14.3,11,41,27,0,2,0,16,122,5,6,3,6.14260196685791
13,"Gostkowski, Stephen",3,ne,vs HOU,W  27-0,0,0,0,0,0,0,0,0,hou,0,0,0,0,0,0,0,2,2,3,3,9,2016,6098,K,NE,t,buf,10,5200,4,13,26,3,17.7,53,78,26,377,4.8,125.7,4,17,14,17.9,5,1,3,1,3,17.7,53,47,85,55.3,28.3,2,5.9,151.3,1,1,24,28.2,13,5,1,10,71.9,5,3,17.7,53,173,277,4.8,14.3,11,41,27,0,2,0,16,122,5,6,3,9.5495719909668
13,"Hogan, Chris",3,ne,vs HOU,W  27-0,0,0,0,0,0,0,0,0,hou,0,0,3,0,1,3,0,0,0,0,0,0,2016,5167,WR,NE,t,buf,7.40000025431315,5200,4,13,26,3,17.7,53,78,26,377,4.8,125.7,4,17,14,17.9,5,1,3,1,3,17.7,53,47,85,55.3,28.3,2,5.9,151.3,1,1,24,28.2,13,5,1,10,71.9,5,3,17.7,53,173,277,4.8,14.3,11,41,27,0,2,0,16,122,5,6,3,0.743511021137238
13,"Mitchell, Malcolm",3,ne,vs HOU,W  27-0,0,0,0,0,0,0,0,0,hou,0,0,27,0,1,27,0,0,0,0,0,0,2016,5488,WR,NE,t,buf,3.16666666666667,4500,4,13,26,3,17.7,53,78,26,377,4.8,125.7,4,17,14,17.9,5,1,3,1,3,17.7,53,47,85,55.3,28.3,2,5.9,151.3,1,1,24,28.2,13,5,1,10,71.9,5,3,17.7,53,173,277,4.8,14.3,11,41,27,0,2,0,16,122,5,6,3,2.66974878311157
13,"White, James",3,ne,vs HOU,W  27-0,0,0,0,0,0,0,0,0,hou,3,12,4,0,0,0,0,0,0,0,0,0,2016,2954,RB,NE,t,buf,4.23333326975505,5300,4,13,26,3,17.7,53,78,26,377,4.8,125.7,4,17,14,17.9,5,1,3,1,3,17.7,53,47,85,55.3,28.3,2,5.9,151.3,1,1,24,28.2,13,5,1,10,71.9,5,3,17.7,53,173,277,4.8,14.3,11,41,27,0,2,0,16,122,5,6,3,1.7762326002121
13,"White, James",3,ne,vs HOU,W  27-0,0,0,0,0,0,0,0,0,hou,0,0,2,0,1,2,0,0,0,0,0,0,2016,2954,RB,NE,t,buf,4.23333326975505,5300,4,13,26,3,17.7,53,78,26,377,4.8,125.7,4,17,14,17.9,5,1,3,1,3,17.7,53,47,85,55.3,28.3,2,5.9,151.3,1,1,24,28.2,13,5,1,10,71.9,5,3,17.7,53,173,277,4.8,14.3,11,41,27,0,2,0,16,122,5,6,3,2.56041550636292
14,"Benjamin, Travis",3,sd,@ IND,L  22-26,0,0,0,0,0,0,1,0,ind,0,0,20.5,0,4,82,0,0,0,0,0,0,2016,5173,WR,SD,t,no,13.7666664123535,6600,21,14,13,3,31.7,95,72,24,287,4,95.7,4,7,15,20.8,1,0,0,27,3,31.7,95,79,111,71.2,37,28,8.4,304.3,3,1,49,44.1,7,10,2,4,101.6,24,3,31.7,95,187,400,6.4,23,14,31,45,0,0,0,26,204,12,4,3,10.1453132629395
14,"Gordon, Melvin",3,sd,@ IND,L  22-26,0,0,0,0,0,0,0,0,ind,16,35,2.2,1,0,0,0,0,0,0,0,0,2016,2991,RB,SD,t,no,17.6666666666667,7600,21,14,13,3,31.7,95,72,24,287,4,95.7,4,7,15,20.8,1,0,0,27,3,31.7,95,79,111,71.2,37,28,8.4,304.3,3,1,49,44.1,7,10,2,4,101.6,24,3,31.7,95,187,400,6.4,23,14,31,45,0,0,0,26,204,12,4,3,16.6043395996094
14,"Gordon, Melvin",3,sd,@ IND,L  22-26,0,0,0,0,0,0,0,0,ind,0,0,10.8,0,4,43,0,0,0,0,0,0,2016,2991,RB,SD,t,no,17.6666666666667,7600,21,14,13,3,31.7,95,72,24,287,4,95.7,4,7,15,20.8,1,0,0,27,3,31.7,95,79,111,71.2,37,28,8.4,304.3,3,1,49,44.1,7,10,2,4,101.6,24,3,31.7,95,187,400,6.4,23,14,31,45,0,0,0,26,204,12,4,3,17.6135711669922
14,"Henry, Hunter",3,sd,@ IND,L  22-26,0,0,0,0,0,0,1,0,ind,0,0,15.2,0,5,76,0,0,0,0,0,0,2016,4675,TE,SD,t,no,5.09999990463257,4500,21,14,13,3,31.7,95,72,24,287,4,95.7,4,7,15,20.8,1,0,0,27,3,31.7,95,79,111,71.2,37,28,8.4,304.3,3,1,49,44.1,7,10,2,4,101.6,24,3,31.7,95,187,400,6.4,23,14,31,45,0,0,0,26,204,12,4,3,7.84727096557617
14,"Inman, Dontrelle",3,sd,@ IND,L  22-26,0,0,0,0,0,0,0,0,ind,0,0,10.7,0,3,32,0,0,0,0,0,0,2016,5097,WR,SD,t,no,2.33333333333333,5700,21,14,13,3,31.7,95,72,24,287,4,95.7,4,7,15,20.8,1,0,0,27,3,31.7,95,79,111,71.2,37,28,8.4,304.3,3,1,49,44.1,7,10,2,4,101.6,24,3,31.7,95,187,400,6.4,23,14,31,45,0,0,0,26,204,12,4,3,4.3439359664917
14,"Lambo, Josh",3,sd,@ IND,L  22-26,0,0,0,0,0,0,0,0,ind,0,0,0,0,0,0,0,3,3,1,2,10,2016,6233,K,SD,t,no,9.33333333333333,4500,21,14,13,3,31.7,95,72,24,287,4,95.7,4,7,15,20.8,1,0,0,27,3,31.7,95,79,111,71.2,37,28,8.4,304.3,3,1,49,44.1,7,10,2,4,101.6,24,3,31.7,95,187,400,6.4,23,14,31,45,0,0,0,26,204,12,4,3,11.0736694335938
14,"McCluster, Dexter",3,sd,@ IND,L  22-26,0,0,0,0,0,0,0,0,ind,0,0,4.5,0,2,9,0,0,0,0,0,0,2016,3953,RB,SD,t,no,1.89999997615814,4500,21,14,13,3,31.7,95,72,24,287,4,95.7,4,7,15,20.8,1,0,0,27,3,31.7,95,79,111,71.2,37,28,8.4,304.3,3,1,49,44.1,7,10,2,4,101.6,24,3,31.7,95,187,400,6.4,23,14,31,45,0,0,0,26,204,12,4,3,2.36388850212097
14,"McGrath, Sean",3,sd,@ IND,L  22-26,0,0,0,0,0,0,0,0,ind,0,0,13,0,1,13,0,0,0,0,0,0,2016,4588,TE,SD,t,no,1.79999995231628,4500,21,14,13,3,31.7,95,72,24,287,4,95.7,4,7,15,20.8,1,0,0,27,3,31.7,95,79,111,71.2,37,28,8.4,304.3,3,1,49,44.1,7,10,2,4,101.6,24,3,31.7,95,187,400,6.4,23,14,31,45,0,0,0,26,204,12,4,3,1.61291539669037
14,"Rivers, Philip",3,sd,@ IND,L  22-26,26,39,330,0,0,2,1,92.9,ind,0,0,0,0,0,0,0,0,0,0,0,0,2016,1231,QB,SD,t,no,16.5533332824707,8500,21,14,13,3,31.7,95,72,24,287,4,95.7,4,7,15,20.8,1,0,0,27,3,31.7,95,79,111,71.2,37,28,8.4,304.3,3,1,49,44.1,7,10,2,4,101.6,24,3,31.7,95,187,400,6.4,23,14,31,45,0,0,0,26,204,12,4,3,11.2385501861572
14,"Rivers, Philip",3,sd,@ IND,L  22-26,0,0,0,0,0,0,1,0,ind,1,2,2,0,0,0,0,0,0,0,0,0,2016,1231,QB,SD,t,no,16.5533332824707,8500,21,14,13,3,31.7,95,72,24,287,4,95.7,4,7,15,20.8,1,0,0,27,3,31.7,95,79,111,71.2,37,28,8.4,304.3,3,1,49,44.1,7,10,2,4,101.6,24,3,31.7,95,187,400,6.4,23,14,31,45,0,0,0,26,204,12,4,3,11.1736421585083
14,"Williams, Tyrell",3,sd,@ IND,L  22-26,0,0,0,0,0,0,0,0,ind,0,0,11.5,0,6,69,0,0,0,0,0,0,2016,5432,WR,SD,t,no,10.5333334604899,6400,21,14,13,3,31.7,95,72,24,287,4,95.7,4,7,15,20.8,1,0,0,27,3,31.7,95,79,111,71.2,37,28,8.4,304.3,3,1,49,44.1,7,10,2,4,101.6,24,3,31.7,95,187,400,6.4,23,14,31,45,0,0,0,26,204,12,4,3,9.68993282318115
15,"Flacco, Joe",3,bal,@ JAX,W  19-17,29,40,214,0,2,2,0,64,jax,0,0,0,0,0,0,0,0,0,0,0,0,2016,1302,QB,BAL,t,oak,14.6533330281576,7700,24,15,20,3,28,84,82,27.3,329,4,109.7,3,13,19,23.2,3,0,0,7,3,28,84,66,99,66.7,33,8,6.4,201.7,6,2,31,31.3,8,8,3,6,96.1,8,3,28,84,187,311.3,5,20.3,17,40,42,2,2,100,16,105,20,4,2,13.3687791824341
15,"Flacco, Joe",3,bal,@ JAX,W  19-17,0,0,0,0,0,0,0,0,jax,3,12,4,1,0,0,0,0,0,0,0,0,2016,1302,QB,BAL,t,oak,14.6533330281576,7700,24,15,20,3,28,84,82,27.3,329,4,109.7,3,13,19,23.2,3,0,0,7,3,28,84,66,99,66.7,33,8,6.4,201.7,6,2,31,31.3,8,8,3,6,96.1,8,3,28,84,187,311.3,5,20.3,17,40,42,2,2,100,16,105,20,4,2,14.7145662307739
15,"Forsett, Justin",3,bal,@ JAX,W  19-17,0,0,0,0,0,0,0,0,jax,7,20,2.9,0,0,0,0,0,0,0,0,0,2016,2642,RB,BAL,t,oak,6.29999987284342,5800,24,15,20,3,28,84,82,27.3,329,4,109.7,3,13,19,23.2,3,0,0,7,3,28,84,66,99,66.7,33,8,6.4,201.7,6,2,31,31.3,8,8,3,6,96.1,8,3,28,84,187,311.3,5,20.3,17,40,42,2,2,100,16,105,20,4,2,3.79488730430603
15,"Forsett, Justin",3,bal,@ JAX,W  19-17,0,0,0,0,0,0,0,0,jax,0,0,2,0,6,12,0,0,0,0,0,0,2016,2642,RB,BAL,t,oak,6.29999987284342,5800,24,15,20,3,28,84,82,27.3,329,4,109.7,3,13,19,23.2,3,0,0,7,3,28,84,66,99,66.7,33,8,6.4,201.7,6,2,31,31.3,8,8,3,6,96.1,8,3,28,84,187,311.3,5,20.3,17,40,42,2,2,100,16,105,20,4,2,7.0548849105835
15,"Juszczyk, Kyle",3,bal,@ JAX,W  19-17,0,0,0,0,0,0,0,0,jax,0,0,2,0,1,2,0,0,0,0,0,0,2016,2908,RB,BAL,t,oak,1.76666673024495,4500,24,15,20,3,28,84,82,27.3,329,4,109.7,3,13,19,23.2,3,0,0,7,3,28,84,66,99,66.7,33,8,6.4,201.7,6,2,31,31.3,8,8,3,6,96.1,8,3,28,84,187,311.3,5,20.3,17,40,42,2,2,100,16,105,20,4,2,1.54082930088043
15,"Perriman, Breshad",3,bal,@ JAX,W  19-17,0,0,0,0,0,0,0,0,jax,1,2,2,0,0,0,0,0,0,0,0,0,2016,5379,WR,BAL,t,oak,3.86666679382324,5000,24,15,20,3,28,84,82,27.3,329,4,109.7,3,13,19,23.2,3,0,0,7,3,28,84,66,99,66.7,33,8,6.4,201.7,6,2,31,31.3,8,8,3,6,96.1,8,3,28,84,187,311.3,5,20.3,17,40,42,2,2,100,16,105,20,4,2,3.06525802612305
15,"Perriman, Breshad",3,bal,@ JAX,W  19-17,0,0,0,0,0,0,0,0,jax,0,0,11,0,2,22,0,0,0,0,0,0,2016,5379,WR,BAL,t,oak,3.86666679382324,5000,24,15,20,3,28,84,82,27.3,329,4,109.7,3,13,19,23.2,3,0,0,7,3,28,84,66,99,66.7,33,8,6.4,201.7,6,2,31,31.3,8,8,3,6,96.1,8,3,28,84,187,311.3,5,20.3,17,40,42,2,2,100,16,105,20,4,2,3.38265419006348
15,"Pitta, Dennis",3,bal,@ JAX,W  19-17,0,0,0,0,0,0,0,0,jax,0,0,7,0,6,42,0,0,0,0,0,0,2016,4516,TE,BAL,t,oak,9.09999974568685,5400,24,15,20,3,28,84,82,27.3,329,4,109.7,3,13,19,23.2,3,0,0,7,3,28,84,66,99,66.7,33,8,6.4,201.7,6,2,31,31.3,8,8,3,6,96.1,8,3,28,84,187,311.3,5,20.3,17,40,42,2,2,100,16,105,20,4,2,7.36379337310791
15,"Tucker, Justin",3,bal,@ JAX,W  19-17,0,0,0,0,0,0,0,0,jax,0,0,0,0,0,0,0,4,4,1,1,13,2016,6206,K,BAL,t,oak,13.6666666666667,5100,24,15,20,3,28,84,82,27.3,329,4,109.7,3,13,19,23.2,3,0,0,7,3,28,84,66,99,66.7,33,8,6.4,201.7,6,2,31,31.3,8,8,3,6,96.1,8,3,28,84,187,311.3,5,20.3,17,40,42,2,2,100,16,105,20,4,2,16.4189472198486
15,"Wallace, Mike",3,bal,@ JAX,W  19-17,0,0,0,0,0,0,0,0,jax,1,5,5,0,0,0,0,0,0,0,0,0,2016,3809,WR,BAL,t,oak,13.7333335876465,6700,24,15,20,3,28,84,82,27.3,329,4,109.7,3,13,19,23.2,3,0,0,7,3,28,84,66,99,66.7,33,8,6.4,201.7,6,2,31,31.3,8,8,3,6,96.1,8,3,28,84,187,311.3,5,20.3,17,40,42,2,2,100,16,105,20,4,2,8.90835094451904
15,"Wallace, Mike",3,bal,@ JAX,W  19-17,0,0,0,0,0,0,0,0,jax,0,0,11.3,0,3,34,0,0,0,0,0,0,2016,3809,WR,BAL,t,oak,13.7333335876465,6700,24,15,20,3,28,84,82,27.3,329,4,109.7,3,13,19,23.2,3,0,0,7,3,28,84,66,99,66.7,33,8,6.4,201.7,6,2,31,31.3,8,8,3,6,96.1,8,3,28,84,187,311.3,5,20.3,17,40,42,2,2,100,16,105,20,4,2,5.21306896209717
15,"West, Terrance",3,bal,@ JAX,W  19-17,0,0,0,0,0,0,0,0,jax,10,45,4.5,0,0,0,0,0,0,0,0,0,2016,2929,RB,BAL,t,oak,5.59999974568685,4900,24,15,20,3,28,84,82,27.3,329,4,109.7,3,13,19,23.2,3,0,0,7,3,28,84,66,99,66.7,33,8,6.4,201.7,6,2,31,31.3,8,8,3,6,96.1,8,3,28,84,187,311.3,5,20.3,17,40,42,2,2,100,16,105,20,4,2,4.15265512466431
15,"West, Terrance",3,bal,@ JAX,W  19-17,0,0,0,0,0,0,0,0,jax,0,0,8,0,1,8,0,0,0,0,0,0,2016,2929,RB,BAL,t,oak,5.59999974568685,4900,24,15,20,3,28,84,82,27.3,329,4,109.7,3,13,19,23.2,3,0,0,7,3,28,84,66,99,66.7,33,8,6.4,201.7,6,2,31,31.3,8,8,3,6,96.1,8,3,28,84,187,311.3,5,20.3,17,40,42,2,2,100,16,105,20,4,2,2.7634379863739
16,"Enunwa, Quincy",3,nyj,@ KC,L  3-24,0,0,0,0,0,0,0,0,kc,0,0,9.2,0,4,37,0,0,0,0,0,0,2016,5420,WR,NYJ,t,sea,10.9333330790202,5600,29,16,24,3,16.3,49,88,29.3,369,4.2,123,2,7,18,20.5,1,0,1,11,3,16.3,49,64,113,56.6,37.7,12,6.2,225,2,8,33,29.2,12,9,1,3,51.5,11,3,16.3,49,204,348,5.1,19,18,44,41,2,3,67,13,89,24,3,2,5.64212989807129
16,"Fitzpatrick, Ryan",3,nyj,@ KC,L  3-24,20,44,188,0,6,0,0,18.2,kc,0,0,0,0,0,0,0,0,0,0,0,0,2016,1242,QB,NYJ,t,sea,13.613333384196,6900,29,16,24,3,16.3,49,88,29.3,369,4.2,123,2,7,18,20.5,1,0,1,11,3,16.3,49,64,113,56.6,37.7,12,6.2,225,2,8,33,29.2,12,9,1,3,51.5,11,3,16.3,49,204,348,5.1,19,18,44,41,2,3,67,13,89,24,3,2,5.5590991973877
16,"Fitzpatrick, Ryan",3,nyj,@ KC,L  3-24,0,0,0,0,0,0,0,0,kc,3,22,7.3,0,0,0,0,0,0,0,0,0,2016,1242,QB,NYJ,t,sea,13.613333384196,6900,29,16,24,3,16.3,49,88,29.3,369,4.2,123,2,7,18,20.5,1,0,1,11,3,16.3,49,64,113,56.6,37.7,12,6.2,225,2,8,33,29.2,12,9,1,3,51.5,11,3,16.3,49,204,348,5.1,19,18,44,41,2,3,67,13,89,24,3,2,15.0701637268066
16,"Folk, Nick",3,nyj,@ KC,L  3-24,0,0,0,0,0,0,0,0,kc,0,0,0,0,0,0,0,1,1,0,0,3,2016,6120,K,NYJ,t,sea,9,4500,29,16,24,3,16.3,49,88,29.3,369,4.2,123,2,7,18,20.5,1,0,1,11,3,16.3,49,64,113,56.6,37.7,12,6.2,225,2,8,33,29.2,12,9,1,3,51.5,11,3,16.3,49,204,348,5.1,19,18,44,41,2,3,67,13,89,24,3,2,2.94575095176697
16,"Forte, Matt",3,nyj,@ KC,L  3-24,0,0,0,0,0,0,0,0,kc,15,65,4.3,0,0,0,0,0,0,0,0,0,2016,2613,RB,NYJ,t,sea,18.4333330790202,6900,29,16,24,3,16.3,49,88,29.3,369,4.2,123,2,7,18,20.5,1,0,1,11,3,16.3,49,64,113,56.6,37.7,12,6.2,225,2,8,33,29.2,12,9,1,3,51.5,11,3,16.3,49,204,348,5.1,19,18,44,41,2,3,67,13,89,24,3,2,9.52894973754883
16,"Forte, Matt",3,nyj,@ KC,L  3-24,0,0,0,0,0,0,0,0,kc,0,0,-0.5,0,2,-1,0,0,0,0,0,0,2016,2613,RB,NYJ,t,sea,18.4333330790202,6900,29,16,24,3,16.3,49,88,29.3,369,4.2,123,2,7,18,20.5,1,0,1,11,3,16.3,49,64,113,56.6,37.7,12,6.2,225,2,8,33,29.2,12,9,1,3,51.5,11,3,16.3,49,204,348,5.1,19,18,44,41,2,3,67,13,89,24,3,2,8.67180919647217
16,"Marshall, Brandon",3,nyj,@ KC,L  3-24,0,0,0,0,0,0,0,0,kc,0,0,9,0,3,27,0,0,0,0,0,0,2016,3627,WR,NYJ,t,sea,7.33333333333333,7500,29,16,24,3,16.3,49,88,29.3,369,4.2,123,2,7,18,20.5,1,0,1,11,3,16.3,49,64,113,56.6,37.7,12,6.2,225,2,8,33,29.2,12,9,1,3,51.5,11,3,16.3,49,204,348,5.1,19,18,44,41,2,3,67,13,89,24,3,2,5.11561393737793
16,"Powell, Bilal",3,nyj,@ KC,L  3-24,0,0,0,0,0,0,1,0,kc,4,30,7.5,0,0,0,0,0,0,0,0,0,2016,2819,RB,NYJ,t,sea,4.89999993642171,5000,29,16,24,3,16.3,49,88,29.3,369,4.2,123,2,7,18,20.5,1,0,1,11,3,16.3,49,64,113,56.6,37.7,12,6.2,225,2,8,33,29.2,12,9,1,3,51.5,11,3,16.3,49,204,348,5.1,19,18,44,41,2,3,67,13,89,24,3,2,8.47145557403564
16,"Powell, Bilal",3,nyj,@ KC,L  3-24,0,0,0,0,0,0,1,0,kc,0,0,6.8,0,6,41,0,0,0,0,0,0,2016,2819,RB,NYJ,t,sea,4.89999993642171,5000,29,16,24,3,16.3,49,88,29.3,369,4.2,123,2,7,18,20.5,1,0,1,11,3,16.3,49,64,113,56.6,37.7,12,6.2,225,2,8,33,29.2,12,9,1,3,51.5,11,3,16.3,49,204,348,5.1,19,18,44,41,2,3,67,13,89,24,3,2,12.9147100448608
17,"Aguayo, Roberto",3,tb,vs LA,L  32-37,0,0,0,0,0,0,0,0,la,0,0,0,0,0,0,0,0,1,2,3,2,2016,6238,K,TB,t,den,3.66666666666667,4500,10,17,16,3,21,63,88,29.3,300,3.4,100,4,9,21,23.9,1,0,0,17,3,21,63,80,128,62.5,42.7,18,6.5,266,4,1,41,32,12,7,1,4,88.3,18,3,21,63,220,366,5,25,20,46,44,3,4,75,21,204,23,7,3,2.22023320198059
17,"Brate, Cameron",3,tb,vs LA,L  32-37,0,0,0,0,0,0,0,0,la,0,0,9.2,0,5,46,2,0,0,0,0,0,2016,4648,TE,TB,t,den,8.90000025431315,5300,10,17,16,3,21,63,88,29.3,300,3.4,100,4,9,21,23.9,1,0,0,17,3,21,63,80,128,62.5,42.7,18,6.5,266,4,1,41,32,12,7,1,4,88.3,18,3,21,63,220,366,5,25,20,46,44,3,4,75,21,204,23,7,3,20.2579917907715
17,"Evans, Mike",3,tb,vs LA,L  32-37,0,0,0,0,0,0,0,0,la,0,0,13.2,0,10,132,1,0,0,0,0,0,2016,5253,WR,TB,t,den,19.533332824707,8000,10,17,16,3,21,63,88,29.3,300,3.4,100,4,9,21,23.9,1,0,0,17,3,21,63,80,128,62.5,42.7,18,6.5,266,4,1,41,32,12,7,1,4,88.3,18,3,21,63,220,366,5,25,20,46,44,3,4,75,21,204,23,7,3,24.6615943908691
17,"Humphries, Adam",3,tb,vs LA,L  32-37,0,0,0,0,0,0,0,0,la,0,0,11.1,0,9,100,0,0,0,0,0,0,2016,5412,WR,TB,t,den,9.93333307902018,5000,10,17,16,3,21,63,88,29.3,300,3.4,100,4,9,21,23.9,1,0,0,17,3,21,63,80,128,62.5,42.7,18,6.5,266,4,1,41,32,12,7,1,4,88.3,18,3,21,63,220,366,5,25,20,46,44,3,4,75,21,204,23,7,3,13.8617076873779
17,"Jackson, Vincent",3,tb,vs LA,L  32-37,0,0,0,0,0,0,0,0,la,0,0,12.3,0,3,37,0,0,0,0,0,0,2016,3550,WR,TB,t,den,4.79999987284342,5100,10,17,16,3,21,63,88,29.3,300,3.4,100,4,9,21,23.9,1,0,0,17,3,21,63,80,128,62.5,42.7,18,6.5,266,4,1,41,32,12,7,1,4,88.3,18,3,21,63,220,366,5,25,20,46,44,3,4,75,21,204,23,7,3,6.75460386276245
17,"Myers, Brandon",3,tb,vs LA,L  32-37,0,0,0,0,0,0,0,0,la,0,0,7,0,1,7,0,0,0,0,0,0,2016,4457,TE,TB,t,den,4.05000019073486,4500,10,17,16,3,21,63,88,29.3,300,3.4,100,4,9,21,23.9,1,0,0,17,3,21,63,80,128,62.5,42.7,18,6.5,266,4,1,41,32,12,7,1,4,88.3,18,3,21,63,220,366,5,25,20,46,44,3,4,75,21,204,23,7,3,2.28378510475159
17,"Rodgers, Jacquizz",3,tb,vs LA,L  32-37,0,0,0,0,0,0,0,0,la,5,15,3,0,0,0,0,0,0,0,0,0,2016,2818,RB,TB,t,den,2.84999990463257,5500,10,17,16,3,21,63,88,29.3,300,3.4,100,4,9,21,23.9,1,0,0,17,3,21,63,80,128,62.5,42.7,18,6.5,266,4,1,41,32,12,7,1,4,88.3,18,3,21,63,220,366,5,25,20,46,44,3,4,75,21,204,23,7,3,6.09954500198364
17,"Rodgers, Jacquizz",3,tb,vs LA,L  32-37,0,0,0,0,0,0,0,0,la,0,0,8,0,1,8,0,0,0,0,0,0,2016,2818,RB,TB,t,den,2.84999990463257,5500,10,17,16,3,21,63,88,29.3,300,3.4,100,4,9,21,23.9,1,0,0,17,3,21,63,80,128,62.5,42.7,18,6.5,266,4,1,41,32,12,7,1,4,88.3,18,3,21,63,220,366,5,25,20,46,44,3,4,75,21,204,23,7,3,3.14553427696228
17,"Sims, Charles",3,tb,vs LA,L  32-37,0,0,0,0,0,0,0,0,la,13,55,4.2,1,0,0,0,0,0,0,0,0,2016,2931,RB,TB,t,den,12.4333330790202,6500,10,17,16,3,21,63,88,29.3,300,3.4,100,4,9,21,23.9,1,0,0,17,3,21,63,80,128,62.5,42.7,18,6.5,266,4,1,41,32,12,7,1,4,88.3,18,3,21,63,220,366,5,25,20,46,44,3,4,75,21,204,23,7,3,19.0931434631348
17,"Sims, Charles",3,tb,vs LA,L  32-37,0,0,0,0,0,0,0,0,la,0,0,11.5,0,6,69,0,0,0,0,0,0,2016,2931,RB,TB,t,den,12.4333330790202,6500,10,17,16,3,21,63,88,29.3,300,3.4,100,4,9,21,23.9,1,0,0,17,3,21,63,80,128,62.5,42.7,18,6.5,266,4,1,41,32,12,7,1,4,88.3,18,3,21,63,220,366,5,25,20,46,44,3,4,75,21,204,23,7,3,20.6757431030273
17,"Winston, Jameis",3,tb,vs LA,L  32-37,36,58,405,3,1,2,1,93,la,0,0,0,0,0,0,0,0,0,0,0,0,2016,1465,QB,TB,t,den,20.5533332824707,7100,10,17,16,3,21,63,88,29.3,300,3.4,100,4,9,21,23.9,1,0,0,17,3,21,63,80,128,62.5,42.7,18,6.5,266,4,1,41,32,12,7,1,4,88.3,18,3,21,63,220,366,5,25,20,46,44,3,4,75,21,204,23,7,3,27.2608222961426
17,"Winston, Jameis",3,tb,vs LA,L  32-37,0,0,0,0,0,0,1,0,la,4,13,3.2,0,0,0,0,0,0,0,0,0,2016,1465,QB,TB,t,den,20.5533332824707,7100,10,17,16,3,21,63,88,29.3,300,3.4,100,4,9,21,23.9,1,0,0,17,3,21,63,80,128,62.5,42.7,18,6.5,266,4,1,41,32,12,7,1,4,88.3,18,3,21,63,220,366,5,25,20,46,44,3,4,75,21,204,23,7,3,24.0919857025146
18,"Barnidge, Gary",3,cle,@ MIA,L  24-30,0,0,0,0,0,0,0,0,mia,0,0,13.2,0,5,66,0,0,0,0,0,0,2016,4401,TE,CLE,t,was,5.59999974568685,5900,32,18,31,3,22.3,67,102,34,442,4.3,147.3,2,12,23,22.5,2,0,3,18,3,22.3,67,75,116,64.7,38.7,19,7.4,267.7,4,1,41,35.3,4,12,1,9,94.8,28,3,22.3,67,227,415,5.5,23.7,16,45,36,2,3,67,28,225,31,7,3,11.3313999176025
18,"Crowell, Isaiah",3,cle,@ MIA,L  24-30,0,0,0,0,0,0,0,0,mia,15,79,5.3,0,0,0,0,0,0,0,0,0,2016,2969,RB,CLE,t,was,14.6666666666667,6600,32,18,31,3,22.3,67,102,34,442,4.3,147.3,2,12,23,22.5,2,0,3,18,3,22.3,67,75,116,64.7,38.7,19,7.4,267.7,4,1,41,35.3,4,12,1,9,94.8,28,3,22.3,67,227,415,5.5,23.7,16,45,36,2,3,67,28,225,31,7,3,7.91905069351196
18,"Crowell, Isaiah",3,cle,@ MIA,L  24-30,0,0,0,0,0,0,0,0,mia,0,0,0,0,0,0,0,0,0,0,0,0,2016,2969,RB,CLE,t,was,14.6666666666667,6600,32,18,31,3,22.3,67,102,34,442,4.3,147.3,2,12,23,22.5,2,0,3,18,3,22.3,67,75,116,64.7,38.7,19,7.4,267.7,4,1,41,35.3,4,12,1,9,94.8,28,3,22.3,67,227,415,5.5,23.7,16,45,36,2,3,67,28,225,31,7,3,10.2965888977051
18,"Hawkins, Andrew",3,cle,@ MIA,L  24-30,0,0,0,0,0,0,0,0,mia,1,1,1,0,0,0,0,0,0,0,0,0,2016,5140,WR,CLE,t,was,2.23333326975505,4500,32,18,31,3,22.3,67,102,34,442,4.3,147.3,2,12,23,22.5,2,0,3,18,3,22.3,67,75,116,64.7,38.7,19,7.4,267.7,4,1,41,35.3,4,12,1,9,94.8,28,3,22.3,67,227,415,5.5,23.7,16,45,36,2,3,67,28,225,31,7,3,1.01570785045624
18,"Hawkins, Andrew",3,cle,@ MIA,L  24-30,0,0,0,0,0,0,0,0,mia,0,0,7,0,2,14,0,0,0,0,0,0,2016,5140,WR,CLE,t,was,2.23333326975505,4500,32,18,31,3,22.3,67,102,34,442,4.3,147.3,2,12,23,22.5,2,0,3,18,3,22.3,67,75,116,64.7,38.7,19,7.4,267.7,4,1,41,35.3,4,12,1,9,94.8,28,3,22.3,67,227,415,5.5,23.7,16,45,36,2,3,67,28,225,31,7,3,2.71013045310974
18,"Higgins, Rashard",3,cle,@ MIA,L  24-30,0,0,0,0,0,0,0,0,mia,0,0,0,0,0,0,0,0,0,0,0,0,2016,5475,WR,CLE,t,was,0,4500,32,18,31,3,22.3,67,102,34,442,4.3,147.3,2,12,23,22.5,2,0,3,18,3,22.3,67,75,116,64.7,38.7,19,7.4,267.7,4,1,41,35.3,4,12,1,9,94.8,28,3,22.3,67,227,415,5.5,23.7,16,45,36,2,3,67,28,225,31,7,3,0.751157641410828
18,"Johnson, Malcolm",3,cle,@ MIA,L  24-30,0,0,0,0,0,0,0,0,mia,0,0,3,0,1,3,0,0,0,0,0,0,2016,4663,RB,CLE,t,was,1.35000002384186,4500,32,18,31,3,22.3,67,102,34,442,4.3,147.3,2,12,23,22.5,2,0,3,18,3,22.3,67,75,116,64.7,38.7,19,7.4,267.7,4,1,41,35.3,4,12,1,9,94.8,28,3,22.3,67,227,415,5.5,23.7,16,45,36,2,3,67,28,225,31,7,3,1.52955102920532
18,"Louis, Ricardo",3,cle,@ MIA,L  24-30,0,0,0,0,0,0,0,0,mia,0,0,13.3,0,3,40,0,0,0,0,0,0,2016,5481,WR,CLE,t,was,2.75,4500,32,18,31,3,22.3,67,102,34,442,4.3,147.3,2,12,23,22.5,2,0,3,18,3,22.3,67,75,116,64.7,38.7,19,7.4,267.7,4,1,41,35.3,4,12,1,9,94.8,28,3,22.3,67,227,415,5.5,23.7,16,45,36,2,3,67,28,225,31,7,3,4.06276512145996
18,"Parkey, Cody",3,cle,@ MIA,L  24-30,0,0,0,0,0,0,0,0,mia,0,0,0,0,0,0,0,3,6,1,1,10,2016,6230,K,CLE,t,was,12,4500,32,18,31,3,22.3,67,102,34,442,4.3,147.3,2,12,23,22.5,2,0,3,18,3,22.3,67,75,116,64.7,38.7,19,7.4,267.7,4,1,41,35.3,4,12,1,9,94.8,28,3,22.3,67,227,415,5.5,23.7,16,45,36,2,3,67,28,225,31,7,3,11.4929857254028
19,"Anderson, Derek",3,car,vs MIN,L  10-22,1,1,3,0,0,0,0,79.2,min,0,0,0,0,0,0,0,0,0,0,0,0,2016,1239,QB,CAR,t,atl,0.119999997317791,5000,2,19,7,3,13.3,40,73,24.3,252,3.5,84,2,2,13,17.8,0,0,3,9,3,13.3,40,67,113,59.3,37.7,10,6.6,211,3,5,36,31.9,3,8,0,15,69.5,6,3,13.3,40,201,295,4.4,19,20,43,46,0,3,0,18,147,21,6,4,2.18614768981934
19,"Artis-Payne, Cameron",3,car,vs MIN,L  10-22,0,0,0,0,0,0,0,0,min,12,47,3.9,0,0,0,0,0,0,0,0,0,2016,2999,RB,CAR,t,atl,6.30000019073486,5700,2,19,7,3,13.3,40,73,24.3,252,3.5,84,2,2,13,17.8,0,0,3,9,3,13.3,40,67,113,59.3,37.7,10,6.6,211,3,5,36,31.9,3,8,0,15,69.5,6,3,13.3,40,201,295,4.4,19,20,43,46,0,3,0,18,147,21,6,4,5.97913551330566
19,"Artis-Payne, Cameron",3,car,vs MIN,L  10-22,0,0,0,0,0,0,0,0,min,0,0,11,0,1,11,0,0,0,0,0,0,2016,2999,RB,CAR,t,atl,6.30000019073486,5700,2,19,7,3,13.3,40,73,24.3,252,3.5,84,2,2,13,17.8,0,0,3,9,3,13.3,40,67,113,59.3,37.7,10,6.6,211,3,5,36,31.9,3,8,0,15,69.5,6,3,13.3,40,201,295,4.4,19,20,43,46,0,3,0,18,147,21,6,4,6.1756157875061
19,"Benjamin, Kelvin",3,car,vs MIN,L  10-22,0,0,0,0,0,0,0,0,min,0,0,0,0,0,0,0,0,0,0,0,0,2016,5257,WR,CAR,t,atl,14.8000005086263,7700,2,19,7,3,13.3,40,73,24.3,252,3.5,84,2,2,13,17.8,0,0,3,9,3,13.3,40,67,113,59.3,37.7,10,6.6,211,3,5,36,31.9,3,8,0,15,69.5,6,3,13.3,40,201,295,4.4,19,20,43,46,0,3,0,18,147,21,6,4,2.81765675544739
19,"Brown, Corey",3,car,vs MIN,L  10-22,0,0,0,0,0,0,0,0,min,0,0,14.2,0,4,57,0,0,0,0,0,0,2016,5362,WR,CAR,t,atl,4.10000006357829,4800,2,19,7,3,13.3,40,73,24.3,252,3.5,84,2,2,13,17.8,0,0,3,9,3,13.3,40,67,113,59.3,37.7,10,6.6,211,3,5,36,31.9,3,8,0,15,69.5,6,3,13.3,40,201,295,4.4,19,20,43,46,0,3,0,18,147,21,6,4,7.54200792312622
19,"Dickson, Ed",3,car,vs MIN,L  10-22,0,0,0,0,0,0,0,0,min,0,0,23,0,1,23,0,0,0,0,0,0,2016,4482,TE,CAR,t,atl,1.39999997615814,4500,2,19,7,3,13.3,40,73,24.3,252,3.5,84,2,2,13,17.8,0,0,3,9,3,13.3,40,67,113,59.3,37.7,10,6.6,211,3,5,36,31.9,3,8,0,15,69.5,6,3,13.3,40,201,295,4.4,19,20,43,46,0,3,0,18,147,21,6,4,2.42847657203674
19,"Funchess, Devin",3,car,vs MIN,L  10-22,0,0,0,0,0,0,0,0,min,0,0,0,0,0,0,0,0,0,0,0,0,2016,5381,WR,CAR,t,atl,3.43333339691162,5300,2,19,7,3,13.3,40,73,24.3,252,3.5,84,2,2,13,17.8,0,0,3,9,3,13.3,40,67,113,59.3,37.7,10,6.6,211,3,5,36,31.9,3,8,0,15,69.5,6,3,13.3,40,201,295,4.4,19,20,43,46,0,3,0,18,147,21,6,4,0.586011409759521
19,"Gano, Graham",3,car,vs MIN,L  10-22,0,0,0,0,0,0,0,0,min,0,0,0,0,0,0,0,1,2,1,1,4,2016,6172,K,CAR,t,atl,10.6666666666667,4800,2,19,7,3,13.3,40,73,24.3,252,3.5,84,2,2,13,17.8,0,0,3,9,3,13.3,40,67,113,59.3,37.7,10,6.6,211,3,5,36,31.9,3,8,0,15,69.5,6,3,13.3,40,201,295,4.4,19,20,43,46,0,3,0,18,147,21,6,4,4.24239253997803
19,"Newton, Cam",3,car,vs MIN,L  10-22,21,35,262,0,3,8,0,47.6,min,0,0,0,0,0,0,0,0,0,0,0,0,2016,1378,QB,CAR,t,atl,23.0199991861979,9300,2,19,7,3,13.3,40,73,24.3,252,3.5,84,2,2,13,17.8,0,0,3,9,3,13.3,40,67,113,59.3,37.7,10,6.6,211,3,5,36,31.9,3,8,0,15,69.5,6,3,13.3,40,201,295,4.4,19,20,43,46,0,3,0,18,147,21,6,4,15.9018516540527
19,"Newton, Cam",3,car,vs MIN,L  10-22,0,0,0,0,0,0,0,0,min,7,26,3.7,1,0,0,0,0,0,0,0,0,2016,1378,QB,CAR,t,atl,23.0199991861979,9300,2,19,7,3,13.3,40,73,24.3,252,3.5,84,2,2,13,17.8,0,0,3,9,3,13.3,40,67,113,59.3,37.7,10,6.6,211,3,5,36,31.9,3,8,0,15,69.5,6,3,13.3,40,201,295,4.4,19,20,43,46,0,3,0,18,147,21,6,4,15.2774572372437
19,"Olsen, Greg",3,car,vs MIN,L  10-22,0,0,0,0,0,0,0,0,min,0,0,10.7,0,6,64,0,0,0,0,0,0,2016,4368,TE,CAR,t,atl,13.6333338419596,7900,2,19,7,3,13.3,40,73,24.3,252,3.5,84,2,2,13,17.8,0,0,3,9,3,13.3,40,67,113,59.3,37.7,10,6.6,211,3,5,36,31.9,3,8,0,15,69.5,6,3,13.3,40,201,295,4.4,19,20,43,46,0,3,0,18,147,21,6,4,8.19812107086182
19,"Tolbert, Mike",3,car,vs MIN,L  10-22,0,0,0,0,0,0,0,0,min,2,5,2.5,0,0,0,0,0,0,0,0,0,2016,2647,RB,CAR,t,atl,2.19999996821086,4900,2,19,7,3,13.3,40,73,24.3,252,3.5,84,2,2,13,17.8,0,0,3,9,3,13.3,40,67,113,59.3,37.7,10,6.6,211,3,5,36,31.9,3,8,0,15,69.5,6,3,13.3,40,201,295,4.4,19,20,43,46,0,3,0,18,147,21,6,4,2.82213282585144
19,"Tolbert, Mike",3,car,vs MIN,L  10-22,0,0,0,0,0,0,0,0,min,0,0,7,0,2,14,0,0,0,0,0,0,2016,2647,RB,CAR,t,atl,2.19999996821086,4900,2,19,7,3,13.3,40,73,24.3,252,3.5,84,2,2,13,17.8,0,0,3,9,3,13.3,40,67,113,59.3,37.7,10,6.6,211,3,5,36,31.9,3,8,0,15,69.5,6,3,13.3,40,201,295,4.4,19,20,43,46,0,3,0,18,147,21,6,4,3.61780524253845
19,"Whittaker, Fozzy",3,car,vs MIN,L  10-22,0,0,0,0,0,0,0,0,min,5,22,4.4,0,0,0,0,0,0,0,0,0,2016,2916,RB,CAR,t,atl,7.63333320617676,5800,2,19,7,3,13.3,40,73,24.3,252,3.5,84,2,2,13,17.8,0,0,3,9,3,13.3,40,67,113,59.3,37.7,10,6.6,211,3,5,36,31.9,3,8,0,15,69.5,6,3,13.3,40,201,295,4.4,19,20,43,46,0,3,0,18,147,21,6,4,8.69717407226563
19,"Whittaker, Fozzy",3,car,vs MIN,L  10-22,0,0,0,0,0,0,0,0,min,0,0,6.8,0,5,34,0,0,0,0,0,0,2016,2916,RB,CAR,t,atl,7.63333320617676,5800,2,19,7,3,13.3,40,73,24.3,252,3.5,84,2,2,13,17.8,0,0,3,9,3,13.3,40,67,113,59.3,37.7,10,6.6,211,3,5,36,31.9,3,8,0,15,69.5,6,3,13.3,40,201,295,4.4,19,20,43,46,0,3,0,18,147,21,6,4,13.5316009521484
20,"Blue, Alfred",3,hou,@ NE,L  0-27,0,0,0,0,0,0,0,0,ne,2,12,6,0,0,0,0,0,0,0,0,0,2016,2960,RB,HOU,t,ten,0.900000015894572,4700,31,20,10,3,15,45,62,20.7,271,4.4,90.3,2,18,17,27.4,1,1,3,19,3,15,45,80,123,65,41,20,6.9,271.3,4,3,43,35,3,10,0,5,85.9,17,3,15,45,190,361.7,5.7,21,17,37,46,0,4,0,17,150,7,6,4,3.10541248321533
20,"Fiedorowicz, C.J.",3,hou,@ NE,L  0-27,0,0,0,0,0,0,0,0,ne,0,0,0,0,0,0,0,0,0,0,0,0,2016,4640,TE,HOU,t,ten,0.566666682561239,4500,31,20,10,3,15,45,62,20.7,271,4.4,90.3,2,18,17,27.4,1,1,3,19,3,15,45,80,123,65,41,20,6.9,271.3,4,3,43,35,3,10,0,5,85.9,17,3,15,45,190,361.7,5.7,21,17,37,46,0,4,0,17,150,7,6,4,1.13889145851135
20,"Fuller, Will",3,hou,@ NE,L  0-27,0,0,0,0,0,0,0,0,ne,0,0,10.3,0,3,31,0,0,0,0,0,0,2016,5454,WR,HOU,t,ten,12.0666669209798,6700,31,20,10,3,15,45,62,20.7,271,4.4,90.3,2,18,17,27.4,1,1,3,19,3,15,45,80,123,65,41,20,6.9,271.3,4,3,43,35,3,10,0,5,85.9,17,3,15,45,190,361.7,5.7,21,17,37,46,0,4,0,17,150,7,6,4,6.16736078262329
20,"Griffin, Ryan",3,hou,@ NE,L  0-27,0,0,0,0,0,0,0,0,ne,0,0,6.5,0,8,52,0,0,0,0,0,0,2016,1450,QB,TB,t,den,0,5000,10,20,10,3,15,45,62,20.7,271,4.4,90.3,2,18,17,27.4,1,1,3,19,3,15,45,80,123,65,41,20,6.9,271.3,4,3,43,35,3,10,0,5,85.9,17,3,15,45,190,361.7,5.7,21,17,37,46,0,4,0,17,150,7,6,4,10.8322992324829
20,"Griffin, Ryan",3,hou,@ NE,L  0-27,0,0,0,0,0,0,0,0,ne,0,0,6.5,0,8,52,0,0,0,0,0,0,2016,4592,QB,TB,t,den,0,5000,10,20,10,3,15,45,62,20.7,271,4.4,90.3,2,18,17,27.4,1,1,3,19,3,15,45,80,123,65,41,20,6.9,271.3,4,3,43,35,3,10,0,5,85.9,17,3,15,45,190,361.7,5.7,21,17,37,46,0,4,0,17,150,7,6,4,9.40059185028076
20,"Griffin, Ryan",3,hou,@ NE,L  0-27,0,0,0,0,0,0,0,0,ne,0,0,6.5,0,8,52,0,0,0,0,0,0,2016,1450,TE,HOU,t,ten,4.29999987284342,4500,31,20,10,3,15,45,62,20.7,271,4.4,90.3,2,18,17,27.4,1,1,3,19,3,15,45,80,123,65,41,20,6.9,271.3,4,3,43,35,3,10,0,5,85.9,17,3,15,45,190,361.7,5.7,21,17,37,46,0,4,0,17,150,7,6,4,6.18838119506836
20,"Griffin, Ryan",3,hou,@ NE,L  0-27,0,0,0,0,0,0,0,0,ne,0,0,6.5,0,8,52,0,0,0,0,0,0,2016,4592,TE,HOU,t,ten,4.29999987284342,4500,31,20,10,3,15,45,62,20.7,271,4.4,90.3,2,18,17,27.4,1,1,3,19,3,15,45,80,123,65,41,20,6.9,271.3,4,3,43,35,3,10,0,5,85.9,17,3,15,45,190,361.7,5.7,21,17,37,46,0,4,0,17,150,7,6,4,7.33329296112061
20,"Hopkins, DeAndre",3,hou,@ NE,L  0-27,0,0,0,0,0,0,0,0,ne,0,0,14,0,4,56,0,0,0,0,0,0,2016,5206,WR,HOU,t,ten,14.0999997456868,8600,31,20,10,3,15,45,62,20.7,271,4.4,90.3,2,18,17,27.4,1,1,3,19,3,15,45,80,123,65,41,20,6.9,271.3,4,3,43,35,3,10,0,5,85.9,17,3,15,45,190,361.7,5.7,21,17,37,46,0,4,0,17,150,7,6,4,12.2091436386108
20,"Miller, Lamar",3,hou,@ NE,L  0-27,0,0,0,0,0,0,0,0,ne,21,80,3.8,0,0,0,0,0,0,0,0,0,2016,2859,RB,HOU,t,ten,12.3666661580404,8200,31,20,10,3,15,45,62,20.7,271,4.4,90.3,2,18,17,27.4,1,1,3,19,3,15,45,80,123,65,41,20,6.9,271.3,4,3,43,35,3,10,0,5,85.9,17,3,15,45,190,361.7,5.7,21,17,37,46,0,4,0,17,150,7,6,4,5.02558469772339
20,"Miller, Lamar",3,hou,@ NE,L  0-27,0,0,0,0,0,0,0,0,ne,0,0,6.8,0,4,27,0,0,0,0,0,0,2016,2859,RB,HOU,t,ten,12.3666661580404,8200,31,20,10,3,15,45,62,20.7,271,4.4,90.3,2,18,17,27.4,1,1,3,19,3,15,45,80,123,65,41,20,6.9,271.3,4,3,43,35,3,10,0,5,85.9,17,3,15,45,190,361.7,5.7,21,17,37,46,0,4,0,17,150,7,6,4,11.7532873153687
20,"Osweiler, Brock",3,hou,@ NE,L  0-27,24,41,196,0,1,2,0,60.6,ne,0,0,0,0,0,0,0,0,0,0,0,0,2016,1414,QB,HOU,t,ten,12.7333335876465,7300,31,20,10,3,15,45,62,20.7,271,4.4,90.3,2,18,17,27.4,1,1,3,19,3,15,45,80,123,65,41,20,6.9,271.3,4,3,43,35,3,10,0,5,85.9,17,3,15,45,190,361.7,5.7,21,17,37,46,0,4,0,17,150,7,6,4,8.78252696990967
20,"Osweiler, Brock",3,hou,@ NE,L  0-27,0,0,0,0,0,0,0,0,ne,1,13,13,0,0,0,0,0,0,0,0,0,2016,1414,QB,HOU,t,ten,12.7333335876465,7300,31,20,10,3,15,45,62,20.7,271,4.4,90.3,2,18,17,27.4,1,1,3,19,3,15,45,80,123,65,41,20,6.9,271.3,4,3,43,35,3,10,0,5,85.9,17,3,15,45,190,361.7,5.7,21,17,37,46,0,4,0,17,150,7,6,4,10.3226642608643
20,"Strong, Jaelen",3,hou,@ NE,L  0-27,0,0,0,0,0,0,0,0,ne,0,0,15,0,1,15,0,0,0,0,0,0,2016,5383,WR,HOU,t,ten,1,4700,31,20,10,3,15,45,62,20.7,271,4.4,90.3,2,18,17,27.4,1,1,3,19,3,15,45,80,123,65,41,20,6.9,271.3,4,3,43,35,3,10,0,5,85.9,17,3,15,45,190,361.7,5.7,21,17,37,46,0,4,0,17,150,7,6,4,3.0737292766571
22,"Cousins, Kirk",3,was,@ NYG,W  29-27,21,35,296,2,0,2,0,106.4,nyg,0,0,0,0,0,0,0,0,0,0,0,0,2016,1415,QB,WAS,t,cle,16.9533335367839,7600,8,22,5,3,20.3,61,73,24.3,232,3.2,77.3,1,2,16,21.9,0,0,1,15,3,20.3,61,76,125,60.8,41.7,16,6.5,262.3,3,0,41,32.8,14,9,2,4,88,10,3,20.3,61,202,339.7,5,20,20,46,44,1,1,100,21,196,25,3,1,19.5997447967529
22,"Cousins, Kirk",3,was,@ NYG,W  29-27,0,0,0,0,0,0,0,0,nyg,3,-5,-1.7,0,0,0,0,0,0,0,0,0,2016,1415,QB,WAS,t,cle,16.9533335367839,7600,8,22,5,3,20.3,61,73,24.3,232,3.2,77.3,1,2,16,21.9,0,0,1,15,3,20.3,61,76,125,60.8,41.7,16,6.5,262.3,3,0,41,32.8,14,9,2,4,88,10,3,20.3,61,202,339.7,5,20,20,46,44,1,1,100,21,196,25,3,1,18.1741485595703
22,"Crowder, Jamison",3,was,@ NYG,W  29-27,0,0,0,0,0,0,0,0,nyg,0,0,19.5,0,4,78,1,0,0,0,0,0,2016,5410,WR,WAS,t,cle,12.5,6000,8,22,5,3,20.3,61,73,24.3,232,3.2,77.3,1,2,16,21.9,0,0,1,15,3,20.3,61,76,125,60.8,41.7,16,6.5,262.3,3,0,41,32.8,14,9,2,4,88,10,3,20.3,61,202,339.7,5,20,20,46,44,1,1,100,21,196,25,3,1,14.0358905792236
22,"Garcon, Pierre",3,was,@ NYG,W  29-27,0,0,0,0,0,0,0,0,nyg,0,0,11.8,0,5,59,0,0,0,0,0,0,2016,3754,WR,WAS,t,cle,6.66666666666667,6000,8,22,5,3,20.3,61,73,24.3,232,3.2,77.3,1,2,16,21.9,0,0,1,15,3,20.3,61,76,125,60.8,41.7,16,6.5,262.3,3,0,41,32.8,14,9,2,4,88,10,3,20.3,61,202,339.7,5,20,20,46,44,1,1,100,21,196,25,3,1,10.2670860290527
22,"Grant, Ryan",3,was,@ NYG,W  29-27,0,0,0,0,0,0,0,0,nyg,0,0,0,0,0,0,0,0,0,0,0,0,2016,2580,WR,WAS,t,cle,0.333333333333333,4600,8,22,5,3,20.3,61,73,24.3,232,3.2,77.3,1,2,16,21.9,0,0,1,15,3,20.3,61,76,125,60.8,41.7,16,6.5,262.3,3,0,41,32.8,14,9,2,4,88,10,3,20.3,61,202,339.7,5,20,20,46,44,1,1,100,21,196,25,3,1,1.48833799362183
22,"Grant, Ryan",3,was,@ NYG,W  29-27,0,0,0,0,0,0,0,0,nyg,0,0,0,0,0,0,0,0,0,0,0,0,2016,5295,WR,WAS,t,cle,0.333333333333333,4600,8,22,5,3,20.3,61,73,24.3,232,3.2,77.3,1,2,16,21.9,0,0,1,15,3,20.3,61,76,125,60.8,41.7,16,6.5,262.3,3,0,41,32.8,14,9,2,4,88,10,3,20.3,61,202,339.7,5,20,20,46,44,1,1,100,21,196,25,3,1,0.509826481342316
22,"Hopkins, Dustin",3,was,@ NYG,W  29-27,0,0,0,0,0,0,0,0,nyg,0,0,0,0,0,0,0,5,5,2,2,17,2016,6209,K,WAS,t,cle,13.6666666666667,4500,8,22,5,3,20.3,61,73,24.3,232,3.2,77.3,1,2,16,21.9,0,0,1,15,3,20.3,61,76,125,60.8,41.7,16,6.5,262.3,3,0,41,32.8,14,9,2,4,88,10,3,20.3,61,202,339.7,5,20,20,46,44,1,1,100,21,196,25,3,1,17.060827255249
22,"Jackson, DeSean",3,was,@ NYG,W  29-27,0,0,0,0,0,0,0,0,nyg,0,0,19.2,0,5,96,1,0,0,0,0,0,2016,3770,WR,WAS,t,cle,12.2666664123535,6900,8,22,5,3,20.3,61,73,24.3,232,3.2,77.3,1,2,16,21.9,0,0,1,15,3,20.3,61,76,125,60.8,41.7,16,6.5,262.3,3,0,41,32.8,14,9,2,4,88,10,3,20.3,61,202,339.7,5,20,20,46,44,1,1,100,21,196,25,3,1,18.2076873779297
22,"Jones, Matt",3,was,@ NYG,W  29-27,0,0,0,0,0,0,0,0,nyg,17,65,3.8,0,0,0,0,0,0,0,0,0,2016,3552,RB,WAS,t,cle,8.56666692097982,6600,8,22,5,3,20.3,61,73,24.3,232,3.2,77.3,1,2,16,21.9,0,0,1,15,3,20.3,61,76,125,60.8,41.7,16,6.5,262.3,3,0,41,32.8,14,9,2,4,88,10,3,20.3,61,202,339.7,5,20,20,46,44,1,1,100,21,196,25,3,1,8.54524517059326
22,"Jones, Matt",3,was,@ NYG,W  29-27,0,0,0,0,0,0,0,0,nyg,0,0,7,0,2,14,0,0,0,0,0,0,2016,3552,RB,WAS,t,cle,8.56666692097982,6600,8,22,5,3,20.3,61,73,24.3,232,3.2,77.3,1,2,16,21.9,0,0,1,15,3,20.3,61,76,125,60.8,41.7,16,6.5,262.3,3,0,41,32.8,14,9,2,4,88,10,3,20.3,61,202,339.7,5,20,20,46,44,1,1,100,21,196,25,3,1,3.51737427711487
22,"Reed, Jordan",3,was,@ NYG,W  29-27,0,0,0,0,0,0,0,0,nyg,0,0,14,0,4,56,0,0,0,0,0,0,2016,4573,TE,WAS,t,cle,9,7500,8,22,5,3,20.3,61,73,24.3,232,3.2,77.3,1,2,16,21.9,0,0,1,15,3,20.3,61,76,125,60.8,41.7,16,6.5,262.3,3,0,41,32.8,14,9,2,4,88,10,3,20.3,61,202,339.7,5,20,20,46,44,1,1,100,21,196,25,3,1,7.71364831924438
22,"Thompson, Chris",3,was,@ NYG,W  29-27,0,0,0,0,0,0,0,0,nyg,6,23,3.8,0,0,0,0,0,0,0,0,0,2016,2915,RB,WAS,t,cle,6.76666641235352,5200,8,22,5,3,20.3,61,73,24.3,232,3.2,77.3,1,2,16,21.9,0,0,1,15,3,20.3,61,76,125,60.8,41.7,16,6.5,262.3,3,0,41,32.8,14,9,2,4,88,10,3,20.3,61,202,339.7,5,20,20,46,44,1,1,100,21,196,25,3,1,5.22120904922485
22,"Thompson, Chris",3,was,@ NYG,W  29-27,0,0,0,0,0,0,0,0,nyg,0,0,-7,0,1,-7,0,0,0,0,0,0,2016,2915,RB,WAS,t,cle,6.76666641235352,5200,8,22,5,3,20.3,61,73,24.3,232,3.2,77.3,1,2,16,21.9,0,0,1,15,3,20.3,61,76,125,60.8,41.7,16,6.5,262.3,3,0,41,32.8,14,9,2,4,88,10,3,20.3,61,202,339.7,5,20,20,46,44,1,1,100,21,196,25,3,1,5.4023232460022
23,"Conley, Chris",3,kc,vs NYJ,W  24-3,0,0,0,0,0,0,0,0,nyj,0,0,14.7,0,3,44,0,0,0,0,0,0,2016,5385,WR,KC,t,pit,4.89999993642171,4800,26,23,3,3,26,78,65,21.7,215,3.3,71.7,1,10,15,23.1,1,0,2,21,3,26,78,67,94,71.3,31.3,22,9.7,284,5,2,34,36.2,23,11,6,9,110.7,14,3,26,78,168,355.7,6.4,17.3,13,36,36,1,3,33,16,162,4,2,1,5.93222045898438
23,"Harris, Demetrius",3,kc,vs NYJ,W  24-3,0,0,0,0,0,0,0,0,nyj,0,0,7,0,2,14,0,0,0,0,0,0,2016,4642,TE,KC,t,pit,1.80000003178914,4500,26,23,3,3,26,78,65,21.7,215,3.3,71.7,1,10,15,23.1,1,0,2,21,3,26,78,67,94,71.3,31.3,22,9.7,284,5,2,34,36.2,23,11,6,9,110.7,14,3,26,78,168,355.7,6.4,17.3,13,36,36,1,3,33,16,162,4,2,1,2.64557361602783
23,"Hill, Tyreek",3,kc,vs NYJ,W  24-3,0,0,0,0,0,0,0,0,nyj,1,-3,-3,0,0,0,0,0,0,0,0,0,2016,5485,RB,KC,t,pit,4.29999987284342,4500,26,23,3,3,26,78,65,21.7,215,3.3,71.7,1,10,15,23.1,1,0,2,21,3,26,78,67,94,71.3,31.3,22,9.7,284,5,2,34,36.2,23,11,6,9,110.7,14,3,26,78,168,355.7,6.4,17.3,13,36,36,1,3,33,16,162,4,2,1,2.86521625518799
23,"Hill, Tyreek",3,kc,vs NYJ,W  24-3,0,0,0,0,0,0,0,0,nyj,0,0,8.7,0,3,26,0,0,0,0,0,0,2016,5485,RB,KC,t,pit,4.29999987284342,4500,26,23,3,3,26,78,65,21.7,215,3.3,71.7,1,10,15,23.1,1,0,2,21,3,26,78,67,94,71.3,31.3,22,9.7,284,5,2,34,36.2,23,11,6,9,110.7,14,3,26,78,168,355.7,6.4,17.3,13,36,36,1,3,33,16,162,4,2,1,3.88611197471619
23,"Kelce, Travis",3,kc,vs NYJ,W  24-3,0,0,0,0,0,0,0,0,nyj,0,0,14.8,0,6,89,1,0,0,0,0,0,2016,4582,TE,KC,t,pit,11.4000002543132,6500,26,23,3,3,26,78,65,21.7,215,3.3,71.7,1,10,15,23.1,1,0,2,21,3,26,78,67,94,71.3,31.3,22,9.7,284,5,2,34,36.2,23,11,6,9,110.7,14,3,26,78,168,355.7,6.4,17.3,13,36,36,1,3,33,16,162,4,2,1,18.2446308135986
23,"Maclin, Jeremy",3,kc,vs NYJ,W  24-3,0,0,0,0,0,0,0,0,nyj,0,0,8.8,0,4,35,0,0,0,0,0,0,2016,3830,WR,KC,t,pit,10,6900,26,23,3,3,26,78,65,21.7,215,3.3,71.7,1,10,15,23.1,1,0,2,21,3,26,78,67,94,71.3,31.3,22,9.7,284,5,2,34,36.2,23,11,6,9,110.7,14,3,26,78,168,355.7,6.4,17.3,13,36,36,1,3,33,16,162,4,2,1,5.64291667938232
23,"Santos, Cairo",3,kc,vs NYJ,W  24-3,0,0,0,0,0,0,0,0,nyj,0,0,0,0,0,0,0,1,1,3,3,6,2016,6224,K,KC,t,pit,10.3333333333333,4900,26,23,3,3,26,78,65,21.7,215,3.3,71.7,1,10,15,23.1,1,0,2,21,3,26,78,67,94,71.3,31.3,22,9.7,284,5,2,34,36.2,23,11,6,9,110.7,14,3,26,78,168,355.7,6.4,17.3,13,36,36,1,3,33,16,162,4,2,1,6.55227565765381
23,"Sherman, Anthony",3,kc,vs NYJ,W  24-3,0,0,0,0,0,0,0,0,nyj,0,0,3,0,1,3,0,0,0,0,0,0,2016,2822,RB,KC,t,pit,0.800000011920929,4500,26,23,3,3,26,78,65,21.7,215,3.3,71.7,1,10,15,23.1,1,0,2,21,3,26,78,67,94,71.3,31.3,22,9.7,284,5,2,34,36.2,23,11,6,9,110.7,14,3,26,78,168,355.7,6.4,17.3,13,36,36,1,3,33,16,162,4,2,1,1.01715171337128
23,"Smith, Alex",3,kc,vs NYJ,W  24-3,25,33,237,1,0,2,0,105.2,nyj,0,0,0,0,0,0,0,0,0,0,0,0,2016,1254,QB,KC,t,pit,15.2800000508626,6900,26,23,3,3,26,78,65,21.7,215,3.3,71.7,1,10,15,23.1,1,0,2,21,3,26,78,67,94,71.3,31.3,22,9.7,284,5,2,34,36.2,23,11,6,9,110.7,14,3,26,78,168,355.7,6.4,17.3,13,36,36,1,3,33,16,162,4,2,1,13.5368061065674
23,"Smith, Alex",3,kc,vs NYJ,W  24-3,0,0,0,0,0,0,0,0,nyj,3,-3,-1,0,0,0,0,0,0,0,0,0,2016,1254,QB,KC,t,pit,15.2800000508626,6900,26,23,3,3,26,78,65,21.7,215,3.3,71.7,1,10,15,23.1,1,0,2,21,3,26,78,67,94,71.3,31.3,22,9.7,284,5,2,34,36.2,23,11,6,9,110.7,14,3,26,78,168,355.7,6.4,17.3,13,36,36,1,3,33,16,162,4,2,1,18.1442470550537
23,"Ware, Spencer",3,kc,vs NYJ,W  24-3,0,0,0,0,0,0,1,0,nyj,20,75,3.8,0,0,0,0,0,0,0,0,0,2016,2914,RB,KC,t,pit,15.2333335876465,6200,26,23,3,3,26,78,65,21.7,215,3.3,71.7,1,10,15,23.1,1,0,2,21,3,26,78,67,94,71.3,31.3,22,9.7,284,5,2,34,36.2,23,11,6,9,110.7,14,3,26,78,168,355.7,6.4,17.3,13,36,36,1,3,33,16,162,4,2,1,8.38693428039551
23,"Ware, Spencer",3,kc,vs NYJ,W  24-3,0,0,0,0,0,0,1,0,nyj,0,0,8,0,1,8,0,0,0,0,0,0,2016,2914,RB,KC,t,pit,15.2333335876465,6200,26,23,3,3,26,78,65,21.7,215,3.3,71.7,1,10,15,23.1,1,0,2,21,3,26,78,67,94,71.3,31.3,22,9.7,284,5,2,34,36.2,23,11,6,9,110.7,14,3,26,78,168,355.7,6.4,17.3,13,36,36,1,3,33,16,162,4,2,1,6.80540752410889
24,"Douglas, Harry",3,ten,vs OAK,L  10-17,0,0,0,0,0,0,0,0,oak,0,0,10,0,2,20,0,0,0,0,0,0,2016,3731,WR,TEN,t,hou,3.04999995231628,4500,13,24,29,3,26.3,79,80,26.7,408,5.1,136,2,16,25,31.3,1,0,2,32,3,26.3,79,71,109,65.1,36.3,1,9.5,340,7,3,43,39.4,24,16,5,3,105.8,32,3,26.3,79,192,476,7.4,24.3,11,33,33,1,2,50,22,195,10,4,2,2.78377556800842
24,"Fowler, Jalston",3,ten,vs OAK,L  10-17,0,0,0,0,0,0,0,0,oak,0,0,14,0,1,14,0,0,0,0,0,0,2016,5413,RB,TEN,t,hou,1.89999997615814,4500,13,24,29,3,26.3,79,80,26.7,408,5.1,136,2,16,25,31.3,1,0,2,32,3,26.3,79,71,109,65.1,36.3,1,9.5,340,7,3,43,39.4,24,16,5,3,105.8,32,3,26.3,79,192,476,7.4,24.3,11,33,33,1,2,50,22,195,10,4,2,3.3779308795929
24,"Henry, Derrick",3,ten,vs OAK,L  10-17,0,0,0,0,0,0,0,0,oak,10,45,4.5,0,0,0,0,0,0,0,0,0,2016,5445,RB,TEN,t,hou,5.10000006357829,5000,13,24,29,3,26.3,79,80,26.7,408,5.1,136,2,16,25,31.3,1,0,2,32,3,26.3,79,71,109,65.1,36.3,1,9.5,340,7,3,43,39.4,24,16,5,3,105.8,32,3,26.3,79,192,476,7.4,24.3,11,33,33,1,2,50,22,195,10,4,2,5.56724214553833
24,"Johnson, Andre",3,ten,vs OAK,L  10-17,0,0,0,0,0,0,0,0,oak,0,0,0,0,0,0,0,0,0,0,0,0,2016,3437,WR,TEN,t,hou,3.96666653951009,5100,13,24,29,3,26.3,79,80,26.7,408,5.1,136,2,16,25,31.3,1,0,2,32,3,26.3,79,71,109,65.1,36.3,1,9.5,340,7,3,43,39.4,24,16,5,3,105.8,32,3,26.3,79,192,476,7.4,24.3,11,33,33,1,2,50,22,195,10,4,2,2.6737380027771
24,"Mariota, Marcus",3,ten,vs OAK,L  10-17,17,33,214,0,2,1,1,46.8,oak,0,0,0,0,0,0,0,0,0,0,0,0,2016,1466,QB,TEN,t,hou,14.0399996439616,7400,13,24,29,3,26.3,79,80,26.7,408,5.1,136,2,16,25,31.3,1,0,2,32,3,26.3,79,71,109,65.1,36.3,1,9.5,340,7,3,43,39.4,24,16,5,3,105.8,32,3,26.3,79,192,476,7.4,24.3,11,33,33,1,2,50,22,195,10,4,2,7.6866307258606
24,"Mariota, Marcus",3,ten,vs OAK,L  10-17,0,0,0,0,0,0,1,0,oak,3,22,7.3,0,0,0,0,0,0,0,0,0,2016,1466,QB,TEN,t,hou,14.0399996439616,7400,13,24,29,3,26.3,79,80,26.7,408,5.1,136,2,16,25,31.3,1,0,2,32,3,26.3,79,71,109,65.1,36.3,1,9.5,340,7,3,43,39.4,24,16,5,3,105.8,32,3,26.3,79,192,476,7.4,24.3,11,33,33,1,2,50,22,195,10,4,2,20.6237182617188
24,"Matthews, Rishard",3,ten,vs OAK,L  10-17,0,0,0,0,0,0,0,0,oak,0,0,10.7,0,3,32,0,0,0,0,0,0,2016,5182,WR,TEN,t,hou,4.93333339691162,5000,13,24,29,3,26.3,79,80,26.7,408,5.1,136,2,16,25,31.3,1,0,2,32,3,26.3,79,71,109,65.1,36.3,1,9.5,340,7,3,43,39.4,24,16,5,3,105.8,32,3,26.3,79,192,476,7.4,24.3,11,33,33,1,2,50,22,195,10,4,2,4.72438812255859
24,"Murray, DeMarco",3,ten,vs OAK,L  10-17,0,0,0,0,0,0,0,0,oak,16,114,7.1,1,0,0,0,0,0,0,0,0,2016,2831,RB,TEN,t,hou,20.7333335876465,7300,13,24,29,3,26.3,79,80,26.7,408,5.1,136,2,16,25,31.3,1,0,2,32,3,26.3,79,71,109,65.1,36.3,1,9.5,340,7,3,43,39.4,24,16,5,3,105.8,32,3,26.3,79,192,476,7.4,24.3,11,33,33,1,2,50,22,195,10,4,2,18.5063743591309
24,"Murray, DeMarco",3,ten,vs OAK,L  10-17,0,0,0,0,0,0,0,0,oak,0,0,8.2,0,5,41,0,0,0,0,0,0,2016,2831,RB,TEN,t,hou,20.7333335876465,7300,13,24,29,3,26.3,79,80,26.7,408,5.1,136,2,16,25,31.3,1,0,2,32,3,26.3,79,71,109,65.1,36.3,1,9.5,340,7,3,43,39.4,24,16,5,3,105.8,32,3,26.3,79,192,476,7.4,24.3,11,33,33,1,2,50,22,195,10,4,2,20.9375839233398
24,"Sharpe, Tajae",3,ten,vs OAK,L  10-17,0,0,0,0,0,0,0,0,oak,0,0,16,0,3,48,0,0,0,0,0,0,2016,5461,WR,TEN,t,hou,7.56666692097982,5600,13,24,29,3,26.3,79,80,26.7,408,5.1,136,2,16,25,31.3,1,0,2,32,3,26.3,79,71,109,65.1,36.3,1,9.5,340,7,3,43,39.4,24,16,5,3,105.8,32,3,26.3,79,192,476,7.4,24.3,11,33,33,1,2,50,22,195,10,4,2,7.1012864112854
24,"Succop, Ryan",3,ten,vs OAK,L  10-17,0,0,0,0,0,0,0,0,oak,0,0,0,0,0,0,0,1,1,1,1,4,2016,6169,K,TEN,t,hou,4.33333333333333,4500,13,24,29,3,26.3,79,80,26.7,408,5.1,136,2,16,25,31.3,1,0,2,32,3,26.3,79,71,109,65.1,36.3,1,9.5,340,7,3,43,39.4,24,16,5,3,105.8,32,3,26.3,79,192,476,7.4,24.3,11,33,33,1,2,50,22,195,10,4,2,5.08271503448486
24,"Supernaw, Phillip",3,ten,vs OAK,L  10-17,0,0,0,0,0,0,0,0,oak,0,0,0,0,0,0,0,0,0,0,0,0,2016,4637,TE,TEN,t,hou,0.600000023841858,4500,13,24,29,3,26.3,79,80,26.7,408,5.1,136,2,16,25,31.3,1,0,2,32,3,26.3,79,71,109,65.1,36.3,1,9.5,340,7,3,43,39.4,24,16,5,3,105.8,32,3,26.3,79,192,476,7.4,24.3,11,33,33,1,2,50,22,195,10,4,2,-0.127985656261444
25,"Boswell, Chris",3,pit,@ PHI,L  3-34,0,0,0,0,0,0,0,0,phi,0,0,0,0,0,0,0,1,2,0,0,3,2016,6225,K,PIT,t,kc,6.66666666666667,4800,16,25,2,3,9,27,49,16.3,213,4.3,71,2,6,14,28.6,2,0,1,8,3,9,27,57,99,57.6,33,9,6.9,203.3,0,3,27,27.3,16,9,4,10,66.1,4,3,9,27,158,274.3,5.2,15,10,31,32,0,5,0,18,152,1,6,3,3.65486812591553
25,"Brown, Antonio",3,pit,@ PHI,L  3-34,0,0,0,0,0,0,0,0,phi,0,0,11.7,0,12,140,0,0,0,0,0,0,2016,3474,WR,PIT,t,kc,18.1666666666667,9400,16,25,2,3,9,27,49,16.3,213,4.3,71,2,6,14,28.6,2,0,1,8,3,9,27,57,99,57.6,33,9,6.9,203.3,0,3,27,27.3,16,9,4,10,66.1,4,3,9,27,158,274.3,5.2,15,10,31,32,0,5,0,18,152,1,6,3,22.9968662261963
25,"Coates, Sammie",3,pit,@ PHI,L  3-34,0,0,0,0,0,0,0,0,phi,0,0,16.7,0,3,50,0,0,0,0,0,0,2016,5388,WR,PIT,t,kc,8.13333320617676,5400,16,25,2,3,9,27,49,16.3,213,4.3,71,2,6,14,28.6,2,0,1,8,3,9,27,57,99,57.6,33,9,6.9,203.3,0,3,27,27.3,16,9,4,10,66.1,4,3,9,27,158,274.3,5.2,15,10,31,32,0,5,0,18,152,1,6,3,8.16600608825684
25,"Heyward-Bey, Darrius",3,pit,@ PHI,L  3-34,0,0,0,0,0,0,0,0,phi,0,0,0,0,0,0,0,0,0,0,0,0,2016,3848,WR,PIT,t,kc,0.600000023841858,4500,16,25,2,3,9,27,49,16.3,213,4.3,71,2,6,14,28.6,2,0,1,8,3,9,27,57,99,57.6,33,9,6.9,203.3,0,3,27,27.3,16,9,4,10,66.1,4,3,9,27,158,274.3,5.2,15,10,31,32,0,5,0,18,152,1,6,3,0.796648383140564
25,"James, Jesse",3,pit,@ PHI,L  3-34,0,0,0,0,0,0,0,0,phi,0,0,5,0,2,10,0,0,0,0,0,0,2016,4653,TE,PIT,t,kc,6,4500,16,25,2,3,9,27,49,16.3,213,4.3,71,2,6,14,28.6,2,0,1,8,3,9,27,57,99,57.6,33,9,6.9,203.3,0,3,27,27.3,16,9,4,10,66.1,4,3,9,27,158,274.3,5.2,15,10,31,32,0,5,0,18,152,1,6,3,2.55662655830383
25,"Richardson, Daryl",3,pit,@ PHI,L  3-34,0,0,0,0,0,0,0,0,phi,1,1,1,0,0,0,0,0,0,0,0,0,2016,2864,RB,PIT,t,kc,0.349999994039536,4500,16,25,2,3,9,27,49,16.3,213,4.3,71,2,6,14,28.6,2,0,1,8,3,9,27,57,99,57.6,33,9,6.9,203.3,0,3,27,27.3,16,9,4,10,66.1,4,3,9,27,158,274.3,5.2,15,10,31,32,0,5,0,18,152,1,6,3,1.67425978183746
25,"Roethlisberger, Ben",3,pit,@ PHI,L  3-34,24,44,257,0,1,4,1,62.4,phi,0,0,0,0,0,0,0,0,0,0,0,0,2016,1232,QB,PIT,t,kc,17.5133336385091,8400,16,25,2,3,9,27,49,16.3,213,4.3,71,2,6,14,28.6,2,0,1,8,3,9,27,57,99,57.6,33,9,6.9,203.3,0,3,27,27.3,16,9,4,10,66.1,4,3,9,27,158,274.3,5.2,15,10,31,32,0,5,0,18,152,1,6,3,9.31672477722168
25,"Roethlisberger, Ben",3,pit,@ PHI,L  3-34,0,0,0,0,0,0,1,0,phi,1,7,7,0,0,0,0,0,0,0,0,0,2016,1232,QB,PIT,t,kc,17.5133336385091,8400,16,25,2,3,9,27,49,16.3,213,4.3,71,2,6,14,28.6,2,0,1,8,3,9,27,57,99,57.6,33,9,6.9,203.3,0,3,27,27.3,16,9,4,10,66.1,4,3,9,27,158,274.3,5.2,15,10,31,32,0,5,0,18,152,1,6,3,9.88875675201416
25,"Wheaton, Markus",3,pit,@ PHI,L  3-34,0,0,0,0,0,0,0,0,phi,0,0,2,0,1,2,0,0,0,0,0,0,2016,5215,WR,PIT,t,kc,0.699999988079071,5800,16,25,2,3,9,27,49,16.3,213,4.3,71,2,6,14,28.6,2,0,1,8,3,9,27,57,99,57.6,33,9,6.9,203.3,0,3,27,27.3,16,9,4,10,66.1,4,3,9,27,158,274.3,5.2,15,10,31,32,0,5,0,18,152,1,6,3,2.82285141944885
25,"Williams, DeAngelo",3,pit,@ PHI,L  3-34,0,0,0,0,0,0,0,0,phi,8,21,2.6,0,0,0,0,0,0,0,0,0,2016,2500,RB,PIT,t,kc,19.9000002543132,5900,16,25,2,3,9,27,49,16.3,213,4.3,71,2,6,14,28.6,2,0,1,8,3,9,27,57,99,57.6,33,9,6.9,203.3,0,3,27,27.3,16,9,4,10,66.1,4,3,9,27,158,274.3,5.2,15,10,31,32,0,5,0,18,152,1,6,3,8.33535194396973
25,"Williams, DeAngelo",3,pit,@ PHI,L  3-34,0,0,0,0,0,0,0,0,phi,0,0,5.8,0,4,23,0,0,0,0,0,0,2016,2500,RB,PIT,t,kc,19.9000002543132,5900,16,25,2,3,9,27,49,16.3,213,4.3,71,2,6,14,28.6,2,0,1,8,3,9,27,57,99,57.6,33,9,6.9,203.3,0,3,27,27.3,16,9,4,10,66.1,4,3,9,27,158,274.3,5.2,15,10,31,32,0,5,0,18,152,1,6,3,6.86979722976685
28,"Baldwin, Doug",3,sea,vs SF,W  37-18,0,0,0,0,0,0,0,0,sf,1,-4,-4,0,0,0,0,0,0,0,0,0,2016,5136,WR,SEA,t,nyj,16.4000002543132,7400,23,28,23,3,27.7,83,91,30.3,368,4,122.7,2,17,19,20.9,2,1,1,14,3,27.7,83,63,107,58.9,35.7,15,7.4,254.7,6,4,31,29,22,11,4,5,85.1,20,3,27.7,83,203,377.3,5.6,18,19,44,43,1,2,50,24,217,28,4,4,23.7916088104248
28,"Baldwin, Doug",3,sea,vs SF,W  37-18,0,0,0,0,0,0,0,0,sf,0,0,20.5,0,8,164,1,0,0,0,0,0,2016,5136,WR,SEA,t,nyj,16.4000002543132,7400,23,28,23,3,27.7,83,91,30.3,368,4,122.7,2,17,19,20.9,2,1,1,14,3,27.7,83,63,107,58.9,35.7,15,7.4,254.7,6,4,31,29,22,11,4,5,85.1,20,3,27.7,83,203,377.3,5.6,18,19,44,43,1,2,50,24,217,28,4,4,24.4447536468506
28,"Boykin, Trevone",3,sea,vs SF,W  37-18,7,9,65,1,1,0,0,94.2,sf,0,0,0,0,0,0,0,0,0,0,0,0,2016,1493,QB,SEA,t,nyj,5.40000009536743,6200,23,28,23,3,27.7,83,91,30.3,368,4,122.7,2,17,19,20.9,2,1,1,14,3,27.7,83,63,107,58.9,35.7,15,7.4,254.7,6,4,31,29,22,11,4,5,85.1,20,3,27.7,83,203,377.3,5.6,18,19,44,43,1,2,50,24,217,28,4,4,18.3453350067139
28,"Boykin, Trevone",3,sea,vs SF,W  37-18,0,0,0,0,0,0,0,0,sf,2,-2,-1,0,0,0,0,0,0,0,0,0,2016,1493,QB,SEA,t,nyj,5.40000009536743,6200,23,28,23,3,27.7,83,91,30.3,368,4,122.7,2,17,19,20.9,2,1,1,14,3,27.7,83,63,107,58.9,35.7,15,7.4,254.7,6,4,31,29,22,11,4,5,85.1,20,3,27.7,83,203,377.3,5.6,18,19,44,43,1,2,50,24,217,28,4,4,24.1203689575195
28,"Collins, Alex",3,sea,vs SF,W  37-18,0,0,0,0,0,0,0,0,sf,4,12,3,0,0,0,0,0,0,0,0,0,2016,5450,RB,SEA,t,nyj,2.04999995231628,4500,23,28,23,3,27.7,83,91,30.3,368,4,122.7,2,17,19,20.9,2,1,1,14,3,27.7,83,63,107,58.9,35.7,15,7.4,254.7,6,4,31,29,22,11,4,5,85.1,20,3,27.7,83,203,377.3,5.6,18,19,44,43,1,2,50,24,217,28,4,4,3.78201389312744
28,"Collins, Alex",3,sea,vs SF,W  37-18,0,0,0,0,0,0,0,0,sf,0,0,9.5,0,2,19,0,0,0,0,0,0,2016,5450,RB,SEA,t,nyj,2.04999995231628,4500,23,28,23,3,27.7,83,91,30.3,368,4,122.7,2,17,19,20.9,2,1,1,14,3,27.7,83,63,107,58.9,35.7,15,7.4,254.7,6,4,31,29,22,11,4,5,85.1,20,3,27.7,83,203,377.3,5.6,18,19,44,43,1,2,50,24,217,28,4,4,5.16267108917236
28,"Hauschka, Steven",3,sea,vs SF,W  37-18,0,0,0,0,0,0,0,0,sf,0,0,0,0,0,0,0,3,3,4,4,13,2016,6167,K,SEA,t,nyj,7.33333333333333,4800,23,28,23,3,27.7,83,91,30.3,368,4,122.7,2,17,19,20.9,2,1,1,14,3,27.7,83,63,107,58.9,35.7,15,7.4,254.7,6,4,31,29,22,11,4,5,85.1,20,3,27.7,83,203,377.3,5.6,18,19,44,43,1,2,50,24,217,28,4,4,13.7320756912231
28,"Kearse, Jermaine",3,sea,vs SF,W  37-18,0,0,0,0,0,0,0,0,sf,0,0,5.5,0,2,11,0,0,0,0,0,0,2016,5186,WR,SEA,t,nyj,4.13333320617676,4900,23,28,23,3,27.7,83,91,30.3,368,4,122.7,2,17,19,20.9,2,1,1,14,3,27.7,83,63,107,58.9,35.7,15,7.4,254.7,6,4,31,29,22,11,4,5,85.1,20,3,27.7,83,203,377.3,5.6,18,19,44,43,1,2,50,24,217,28,4,4,3.46432399749756
28,"Michael, Christine",3,sea,vs SF,W  37-18,0,0,0,0,0,0,0,0,sf,20,106,5.3,2,0,0,0,0,0,0,0,0,2016,2898,RB,SEA,t,nyj,13.4333330790202,7500,23,28,23,3,27.7,83,91,30.3,368,4,122.7,2,17,19,20.9,2,1,1,14,3,27.7,83,63,107,58.9,35.7,15,7.4,254.7,6,4,31,29,22,11,4,5,85.1,20,3,27.7,83,203,377.3,5.6,18,19,44,43,1,2,50,24,217,28,4,4,23.262113571167
28,"Michael, Christine",3,sea,vs SF,W  37-18,0,0,0,0,0,0,0,0,sf,0,0,2.5,0,2,5,0,0,0,0,0,0,2016,2898,RB,SEA,t,nyj,13.4333330790202,7500,23,28,23,3,27.7,83,91,30.3,368,4,122.7,2,17,19,20.9,2,1,1,14,3,27.7,83,63,107,58.9,35.7,15,7.4,254.7,6,4,31,29,22,11,4,5,85.1,20,3,27.7,83,203,377.3,5.6,18,19,44,43,1,2,50,24,217,28,4,4,21.0541324615479
28,"Willson, Luke",3,sea,vs SF,W  37-18,0,0,0,0,0,0,0,0,sf,0,0,4.5,0,2,9,0,0,0,0,0,0,2016,4578,TE,SEA,t,nyj,2.19999996821086,4500,23,28,23,3,27.7,83,91,30.3,368,4,122.7,2,17,19,20.9,2,1,1,14,3,27.7,83,63,107,58.9,35.7,15,7.4,254.7,6,4,31,29,22,11,4,5,85.1,20,3,27.7,83,203,377.3,5.6,18,19,44,43,1,2,50,24,217,28,4,4,4.16297292709351
28,"Wilson, Russell",3,sea,vs SF,W  37-18,15,23,243,1,0,2,0,114.9,sf,0,0,0,0,0,0,0,0,0,0,0,0,2016,1412,QB,SEA,t,nyj,12.8333333333333,8400,23,28,23,3,27.7,83,91,30.3,368,4,122.7,2,17,19,20.9,2,1,1,14,3,27.7,83,63,107,58.9,35.7,15,7.4,254.7,6,4,31,29,22,11,4,5,85.1,20,3,27.7,83,203,377.3,5.6,18,19,44,43,1,2,50,24,217,28,4,4,12.0257730484009
28,"Wilson, Russell",3,sea,vs SF,W  37-18,0,0,0,0,0,0,0,0,sf,1,3,3,0,0,0,0,0,0,0,0,0,2016,1412,QB,SEA,t,nyj,12.8333333333333,8400,23,28,23,3,27.7,83,91,30.3,368,4,122.7,2,17,19,20.9,2,1,1,14,3,27.7,83,63,107,58.9,35.7,15,7.4,254.7,6,4,31,29,22,11,4,5,85.1,20,3,27.7,83,203,377.3,5.6,18,19,44,43,1,2,50,24,217,28,4,4,14.2420215606689
29,"Bell, Blake",3,sf,@ SEA,L  18-37,0,0,0,0,0,0,0,0,sea,0,0,0,0,0,0,0,0,0,0,0,0,2016,4666,TE,SF,t,dal,0.550000011920929,4500,9,29,9,3,12.3,37,76,25.3,263,3.5,87.7,3,15,12,15.8,1,0,1,2,3,12.3,37,48,84,57.1,28,3,6.5,162.7,0,1,23,27.4,10,7,2,8,71.7,1,3,12.3,37,168,250.3,4.5,13.3,10,41,24,1,2,50,17,153,6,3,0,0.856492459774017
29,"Dawson, Phil",3,sf,@ SEA,L  18-37,0,0,0,0,0,0,0,0,sea,0,0,0,0,0,0,0,1,2,1,1,4,2016,6016,K,SF,t,dal,5.66666666666667,4500,9,29,9,3,12.3,37,76,25.3,263,3.5,87.7,3,15,12,15.8,1,0,1,2,3,12.3,37,48,84,57.1,28,3,6.5,162.7,0,1,23,27.4,10,7,2,8,71.7,1,3,12.3,37,168,250.3,4.5,13.3,10,41,24,1,2,50,17,153,6,3,0,4.45167446136475
29,"Draughn, Shaun",3,sf,@ SEA,L  18-37,0,0,0,0,0,0,0,0,sea,5,10,2,0,0,0,0,0,0,0,0,0,2016,2875,RB,SF,t,dal,4.13333320617676,4800,9,29,9,3,12.3,37,76,25.3,263,3.5,87.7,3,15,12,15.8,1,0,1,2,3,12.3,37,48,84,57.1,28,3,6.5,162.7,0,1,23,27.4,10,7,2,8,71.7,1,3,12.3,37,168,250.3,4.5,13.3,10,41,24,1,2,50,17,153,6,3,0,2.16876554489136
29,"Draughn, Shaun",3,sf,@ SEA,L  18-37,0,0,0,0,0,0,0,0,sea,0,0,2,0,1,2,0,0,0,0,0,0,2016,2875,RB,SF,t,dal,4.13333320617676,4800,9,29,9,3,12.3,37,76,25.3,263,3.5,87.7,3,15,12,15.8,1,0,1,2,3,12.3,37,48,84,57.1,28,3,6.5,162.7,0,1,23,27.4,10,7,2,8,71.7,1,3,12.3,37,168,250.3,4.5,13.3,10,41,24,1,2,50,17,153,6,3,0,2.14677381515503
29,"Gabbert, Blaine",3,sf,@ SEA,L  18-37,14,25,119,0,1,0,0,51.9,sea,0,0,0,0,0,0,0,0,0,0,0,0,2016,1381,QB,SF,t,dal,14.2266667683919,6400,9,29,9,3,12.3,37,76,25.3,263,3.5,87.7,3,15,12,15.8,1,0,1,2,3,12.3,37,48,84,57.1,28,3,6.5,162.7,0,1,23,27.4,10,7,2,8,71.7,1,3,12.3,37,168,250.3,4.5,13.3,10,41,24,1,2,50,17,153,6,3,0,11.4902534484863
29,"Gabbert, Blaine",3,sf,@ SEA,L  18-37,0,0,0,0,0,0,0,0,sea,5,22,4.4,0,0,0,0,0,0,0,0,0,2016,1381,QB,SF,t,dal,14.2266667683919,6400,9,29,9,3,12.3,37,76,25.3,263,3.5,87.7,3,15,12,15.8,1,0,1,2,3,12.3,37,48,84,57.1,28,3,6.5,162.7,0,1,23,27.4,10,7,2,8,71.7,1,3,12.3,37,168,250.3,4.5,13.3,10,41,24,1,2,50,17,153,6,3,0,14.2845077514648
29,"Hyde, Carlos",3,sf,@ SEA,L  18-37,0,0,0,0,0,0,0,0,sea,21,103,4.9,2,0,0,0,0,0,0,0,0,2016,2933,RB,SF,t,dal,17.3333333333333,6800,9,29,9,3,12.3,37,76,25.3,263,3.5,87.7,3,15,12,15.8,1,0,1,2,3,12.3,37,48,84,57.1,28,3,6.5,162.7,0,1,23,27.4,10,7,2,8,71.7,1,3,12.3,37,168,250.3,4.5,13.3,10,41,24,1,2,50,17,153,6,3,0,23.2859325408936
29,"Hyde, Carlos",3,sf,@ SEA,L  18-37,0,0,0,0,0,0,0,0,sea,0,0,2,0,1,2,0,0,0,0,0,0,2016,2933,RB,SF,t,dal,17.3333333333333,6800,9,29,9,3,12.3,37,76,25.3,263,3.5,87.7,3,15,12,15.8,1,0,1,2,3,12.3,37,48,84,57.1,28,3,6.5,162.7,0,1,23,27.4,10,7,2,8,71.7,1,3,12.3,37,168,250.3,4.5,13.3,10,41,24,1,2,50,17,153,6,3,0,19.6841735839844
29,"Kerley, Jeremy",3,sf,@ SEA,L  18-37,0,0,0,0,0,0,0,0,sea,0,0,12,0,2,24,0,0,0,0,0,0,2016,5111,WR,SF,t,dal,5.79999987284342,5200,9,29,9,3,12.3,37,76,25.3,263,3.5,87.7,3,15,12,15.8,1,0,1,2,3,12.3,37,48,84,57.1,28,3,6.5,162.7,0,1,23,27.4,10,7,2,8,71.7,1,3,12.3,37,168,250.3,4.5,13.3,10,41,24,1,2,50,17,153,6,3,0,3.19125699996948
29,"Patton, Quinton",3,sf,@ SEA,L  18-37,0,0,0,0,0,0,0,0,sea,0,0,8,0,1,8,0,0,0,0,0,0,2016,5209,WR,SF,t,dal,4.60000006357829,4800,9,29,9,3,12.3,37,76,25.3,263,3.5,87.7,3,15,12,15.8,1,0,1,2,3,12.3,37,48,84,57.1,28,3,6.5,162.7,0,1,23,27.4,10,7,2,8,71.7,1,3,12.3,37,168,250.3,4.5,13.3,10,41,24,1,2,50,17,153,6,3,0,1.24426162242889
29,"Smith, Torrey",3,sf,@ SEA,L  18-37,0,0,0,0,0,0,0,0,sea,0,0,11.7,0,3,35,0,0,0,0,0,0,2016,5113,WR,SF,t,dal,6.76666641235352,5600,9,29,9,3,12.3,37,76,25.3,263,3.5,87.7,3,15,12,15.8,1,0,1,2,3,12.3,37,48,84,57.1,28,3,6.5,162.7,0,1,23,27.4,10,7,2,8,71.7,1,3,12.3,37,168,250.3,4.5,13.3,10,41,24,1,2,50,17,153,6,3,0,4.20556449890137
29,"Streater, Rod",3,sf,@ SEA,L  18-37,0,0,0,0,0,0,0,0,sea,0,0,19,0,1,19,0,0,0,0,0,0,2016,5169,WR,SF,t,dal,2.09999990463257,4500,9,29,9,3,12.3,37,76,25.3,263,3.5,87.7,3,15,12,15.8,1,0,1,2,3,12.3,37,48,84,57.1,28,3,6.5,162.7,0,1,23,27.4,10,7,2,8,71.7,1,3,12.3,37,168,250.3,4.5,13.3,10,41,24,1,2,50,17,153,6,3,0,2.54885077476501
30,"Cunningham, Benny",3,la,@ TB,W  37-32,0,0,0,0,0,0,0,0,tb,2,29,14.5,0,0,0,0,0,0,0,0,0,2016,2911,RB,LA,t,ari,2.36666663487752,4700,1,30,14,3,33.7,101,85,28.3,294,3.5,98,3,8,14,16.5,1,0,0,20,3,33.7,101,59,99,59.6,33,21,8.5,272,7,1,39,39.4,17,12,6,5,106.4,19,3,33.7,101,189,370,5.9,19,15,40,38,1,2,50,18,173,11,1,1,7.03074073791504
30,"Cunningham, Benny",3,la,@ TB,W  37-32,0,0,0,0,0,0,0,0,tb,0,0,10,0,1,10,0,0,0,0,0,0,2016,2911,RB,LA,t,ari,2.36666663487752,4700,1,30,14,3,33.7,101,85,28.3,294,3.5,98,3,8,14,16.5,1,0,0,20,3,33.7,101,59,99,59.6,33,21,8.5,272,7,1,39,39.4,17,12,6,5,106.4,19,3,33.7,101,189,370,5.9,19,15,40,38,1,2,50,18,173,11,1,1,3.99819588661194
30,"Gurley, Todd",3,la,@ TB,W  37-32,0,0,0,0,0,0,0,0,tb,27,85,3.1,2,0,0,0,0,0,0,0,0,2016,2992,RB,LA,t,ari,10.9000002543132,7700,1,30,14,3,33.7,101,85,28.3,294,3.5,98,3,8,14,16.5,1,0,0,20,3,33.7,101,59,99,59.6,33,21,8.5,272,7,1,39,39.4,17,12,6,5,106.4,19,3,33.7,101,189,370,5.9,19,15,40,38,1,2,50,18,173,11,1,1,20.0394687652588
30,"Gurley, Todd",3,la,@ TB,W  37-32,0,0,0,0,0,0,0,0,tb,0,0,-5,0,1,-5,0,0,0,0,0,0,2016,2992,RB,LA,t,ari,10.9000002543132,7700,1,30,14,3,33.7,101,85,28.3,294,3.5,98,3,8,14,16.5,1,0,0,20,3,33.7,101,59,99,59.6,33,21,8.5,272,7,1,39,39.4,17,12,6,5,106.4,19,3,33.7,101,189,370,5.9,19,15,40,38,1,2,50,18,173,11,1,1,21.044958114624
30,"Keenum, Case",3,la,@ TB,W  37-32,14,26,190,2,1,1,0,87,tb,0,0,0,0,0,0,0,0,0,0,0,0,2016,1435,QB,LA,t,ari,9.65333302815755,6500,1,30,14,3,33.7,101,85,28.3,294,3.5,98,3,8,14,16.5,1,0,0,20,3,33.7,101,59,99,59.6,33,21,8.5,272,7,1,39,39.4,17,12,6,5,106.4,19,3,33.7,101,189,370,5.9,19,15,40,38,1,2,50,18,173,11,1,1,15.713433265686
30,"Keenum, Case",3,la,@ TB,W  37-32,0,0,0,0,0,0,0,0,tb,2,1,0.5,0,0,0,0,0,0,0,0,0,2016,1435,QB,LA,t,ari,9.65333302815755,6500,1,30,14,3,33.7,101,85,28.3,294,3.5,98,3,8,14,16.5,1,0,0,20,3,33.7,101,59,99,59.6,33,21,8.5,272,7,1,39,39.4,17,12,6,5,106.4,19,3,33.7,101,189,370,5.9,19,15,40,38,1,2,50,18,173,11,1,1,15.9484872817993
30,"Kendricks, Lance",3,la,@ TB,W  37-32,0,0,0,0,0,0,0,0,tb,0,0,0,0,0,0,0,0,0,0,0,0,2016,4538,TE,LA,t,ari,3.53333346048991,4500,1,30,14,3,33.7,101,85,28.3,294,3.5,98,3,8,14,16.5,1,0,0,20,3,33.7,101,59,99,59.6,33,21,8.5,272,7,1,39,39.4,17,12,6,5,106.4,19,3,33.7,101,189,370,5.9,19,15,40,38,1,2,50,18,173,11,1,1,0.683698952198029
30,"Marquez, Bradley",3,la,@ TB,W  37-32,0,0,0,0,0,0,0,0,tb,0,0,12,0,1,12,0,0,0,0,0,0,2016,5428,WR,LA,t,ari,1.70000004768372,4500,1,30,14,3,33.7,101,85,28.3,294,3.5,98,3,8,14,16.5,1,0,0,20,3,33.7,101,59,99,59.6,33,21,8.5,272,7,1,39,39.4,17,12,6,5,106.4,19,3,33.7,101,189,370,5.9,19,15,40,38,1,2,50,18,173,11,1,1,2.63361310958862
30,"Quick, Brian",3,la,@ TB,W  37-32,0,0,0,0,0,0,0,0,tb,0,0,26.5,0,2,53,1,0,0,0,0,0,2016,5157,WR,LA,t,ari,5.79999987284342,4500,1,30,14,3,33.7,101,85,28.3,294,3.5,98,3,8,14,16.5,1,0,0,20,3,33.7,101,59,99,59.6,33,21,8.5,272,7,1,39,39.4,17,12,6,5,106.4,19,3,33.7,101,189,370,5.9,19,15,40,38,1,2,50,18,173,11,1,1,11.5511789321899
30,"Zuerlein, Greg",3,la,@ TB,W  37-32,0,0,0,0,0,0,0,0,tb,0,0,0,0,0,0,0,1,1,4,4,7,2016,6205,K,LA,t,ari,9.5,4500,1,30,14,3,33.7,101,85,28.3,294,3.5,98,3,8,14,16.5,1,0,0,20,3,33.7,101,59,99,59.6,33,21,8.5,272,7,1,39,39.4,17,12,6,5,106.4,19,3,33.7,101,189,370,5.9,19,15,40,38,1,2,50,18,173,11,1,1,7.84541702270508
31,"Carr, Derek",3,oak,@ TEN,W  17-10,21,35,249,1,1,1,0,79.3,ten,0,0,0,0,0,0,0,0,0,0,0,0,2016,1441,QB,OAK,t,bal,20.0600001017253,8000,3,31,17,3,19,57,76,25.3,325,4.3,108.3,1,14,13,17.1,5,0,0,12,3,19,57,61,108,56.5,36,13,6.9,239.7,2,2,36,33.3,9,11,1,5,76.4,11,3,19,57,189,348,5.5,18,18,43,42,0,0,0,28,235,10,0,0,13.5240001678467
31,"Carr, Derek",3,oak,@ TEN,W  17-10,0,0,0,0,0,0,0,0,ten,1,-1,-1,0,0,0,0,0,0,0,0,0,2016,1441,QB,OAK,t,bal,20.0600001017253,8000,3,31,17,3,19,57,76,25.3,325,4.3,108.3,1,14,13,17.1,5,0,0,12,3,19,57,61,108,56.5,36,13,6.9,239.7,2,2,36,33.3,9,11,1,5,76.4,11,3,19,57,189,348,5.5,18,18,43,42,0,0,0,28,235,10,0,0,12.8793430328369
31,"Cooper, Amari",3,oak,@ TEN,W  17-10,0,0,0,0,0,0,0,0,ten,0,0,15.5,0,4,62,0,0,0,0,0,0,2016,5376,WR,OAK,t,bal,12.1666666666667,7600,3,31,17,3,19,57,76,25.3,325,4.3,108.3,1,14,13,17.1,5,0,0,12,3,19,57,61,108,56.5,36,13,6.9,239.7,2,2,36,33.3,9,11,1,5,76.4,11,3,19,57,189,348,5.5,18,18,43,42,0,0,0,28,235,10,0,0,8.18062496185303
31,"Crabtree, Michael",3,oak,@ TEN,W  17-10,0,0,0,0,0,0,0,0,ten,0,0,12.8,0,8,102,0,0,0,0,0,0,2016,3872,WR,OAK,t,bal,13.1666666666667,6500,3,31,17,3,19,57,76,25.3,325,4.3,108.3,1,14,13,17.1,5,0,0,12,3,19,57,61,108,56.5,36,13,6.9,239.7,2,2,36,33.3,9,11,1,5,76.4,11,3,19,57,189,348,5.5,18,18,43,42,0,0,0,28,235,10,0,0,12.7292737960815
31,"Holmes, Andre",3,oak,@ TEN,W  17-10,0,0,0,0,0,0,0,0,ten,0,0,8,0,1,8,0,0,0,0,0,0,2016,5177,WR,OAK,t,bal,2.79999987284342,4600,3,31,17,3,19,57,76,25.3,325,4.3,108.3,1,14,13,17.1,5,0,0,12,3,19,57,61,108,56.5,36,13,6.9,239.7,2,2,36,33.3,9,11,1,5,76.4,11,3,19,57,189,348,5.5,18,18,43,42,0,0,0,28,235,10,0,0,1.0355464220047
31,"Janikowski, Sebastian",3,oak,@ TEN,W  17-10,0,0,0,0,0,0,0,0,ten,0,0,0,0,0,0,0,1,1,2,2,5,2016,6048,K,OAK,t,bal,6.33333333333333,4700,3,31,17,3,19,57,76,25.3,325,4.3,108.3,1,14,13,17.1,5,0,0,12,3,19,57,61,108,56.5,36,13,6.9,239.7,2,2,36,33.3,9,11,1,5,76.4,11,3,19,57,189,348,5.5,18,18,43,42,0,0,0,28,235,10,0,0,6.79912614822388
31,"Murray, Latavius",3,oak,@ TEN,W  17-10,0,0,0,0,0,0,0,0,ten,10,37,3.7,1,0,0,0,0,0,0,0,0,2016,2899,RB,OAK,t,bal,14.3666661580404,7100,3,31,17,3,19,57,76,25.3,325,4.3,108.3,1,14,13,17.1,5,0,0,12,3,19,57,61,108,56.5,36,13,6.9,239.7,2,2,36,33.3,9,11,1,5,76.4,11,3,19,57,189,348,5.5,18,18,43,42,0,0,0,28,235,10,0,0,10.8608436584473
31,"Murray, Latavius",3,oak,@ TEN,W  17-10,0,0,0,0,0,0,0,0,ten,0,0,1,0,1,1,0,0,0,0,0,0,2016,2899,RB,OAK,t,bal,14.3666661580404,7100,3,31,17,3,19,57,76,25.3,325,4.3,108.3,1,14,13,17.1,5,0,0,12,3,19,57,61,108,56.5,36,13,6.9,239.7,2,2,36,33.3,9,11,1,5,76.4,11,3,19,57,189,348,5.5,18,18,43,42,0,0,0,28,235,10,0,0,13.0028390884399
31,"Olawale, Jamize",3,oak,@ TEN,W  17-10,0,0,0,0,0,0,0,0,ten,1,0,0,0,0,0,0,0,0,0,0,0,2016,2913,RB,OAK,t,bal,3.70000012715658,4500,3,31,17,3,19,57,76,25.3,325,4.3,108.3,1,14,13,17.1,5,0,0,12,3,19,57,61,108,56.5,36,13,6.9,239.7,2,2,36,33.3,9,11,1,5,76.4,11,3,19,57,189,348,5.5,18,18,43,42,0,0,0,28,235,10,0,0,0.423925429582596
31,"Olawale, Jamize",3,oak,@ TEN,W  17-10,0,0,0,0,0,0,0,0,ten,0,0,0,0,0,0,0,0,0,0,0,0,2016,2913,RB,OAK,t,bal,3.70000012715658,4500,3,31,17,3,19,57,76,25.3,325,4.3,108.3,1,14,13,17.1,5,0,0,12,3,19,57,61,108,56.5,36,13,6.9,239.7,2,2,36,33.3,9,11,1,5,76.4,11,3,19,57,189,348,5.5,18,18,43,42,0,0,0,28,235,10,0,0,0.423925429582596
31,"Richard, Jalen",3,oak,@ TEN,W  17-10,0,0,0,0,0,0,0,0,ten,6,28,4.7,0,0,0,0,0,0,0,0,0,2016,5490,RB,OAK,t,bal,8.09999974568685,4900,3,31,17,3,19,57,76,25.3,325,4.3,108.3,1,14,13,17.1,5,0,0,12,3,19,57,61,108,56.5,36,13,6.9,239.7,2,2,36,33.3,9,11,1,5,76.4,11,3,19,57,189,348,5.5,18,18,43,42,0,0,0,28,235,10,0,0,4.84026145935059
31,"Richard, Jalen",3,oak,@ TEN,W  17-10,0,0,0,0,0,0,0,0,ten,0,0,13,0,1,13,0,0,0,0,0,0,2016,5490,RB,OAK,t,bal,8.09999974568685,4900,3,31,17,3,19,57,76,25.3,325,4.3,108.3,1,14,13,17.1,5,0,0,12,3,19,57,61,108,56.5,36,13,6.9,239.7,2,2,36,33.3,9,11,1,5,76.4,11,3,19,57,189,348,5.5,18,18,43,42,0,0,0,28,235,10,0,0,4.30415105819702
31,"Roberts, Seth",3,oak,@ TEN,W  17-10,0,0,0,0,0,0,0,0,ten,0,0,13.5,0,2,27,1,0,0,0,0,0,2016,5408,WR,OAK,t,bal,7.53333346048991,5400,3,31,17,3,19,57,76,25.3,325,4.3,108.3,1,14,13,17.1,5,0,0,12,3,19,57,61,108,56.5,36,13,6.9,239.7,2,2,36,33.3,9,11,1,5,76.4,11,3,19,57,189,348,5.5,18,18,43,42,0,0,0,28,235,10,0,0,10.4379634857178
31,"Smith, Lee",3,oak,@ TEN,W  17-10,0,0,0,0,0,0,0,0,ten,0,0,4,0,1,4,0,0,0,0,0,0,2016,4535,TE,OAK,t,bal,2.65000009536743,4500,3,31,17,3,19,57,76,25.3,325,4.3,108.3,1,14,13,17.1,5,0,0,12,3,19,57,61,108,56.5,36,13,6.9,239.7,2,2,36,33.3,9,11,1,5,76.4,11,3,19,57,189,348,5.5,18,18,43,42,0,0,0,28,235,10,0,0,1.36082351207733
31,"Walford, Clive",3,oak,@ TEN,W  17-10,0,0,0,0,0,0,0,0,ten,0,0,13.5,0,2,27,0,0,0,0,0,0,2016,4651,TE,OAK,t,bal,7.23333358764648,4900,3,31,17,3,19,57,76,25.3,325,4.3,108.3,1,14,13,17.1,5,0,0,12,3,19,57,61,108,56.5,36,13,6.9,239.7,2,2,36,33.3,9,11,1,5,76.4,11,3,19,57,189,348,5.5,18,18,43,42,0,0,0,28,235,10,0,0,4.72900485992432
31,"Washington, DeAndre",3,oak,@ TEN,W  17-10,0,0,0,0,0,0,0,0,ten,6,57,9.5,0,0,0,0,0,0,0,0,0,2016,5449,RB,OAK,t,bal,5.10000006357829,4800,3,31,17,3,19,57,76,25.3,325,4.3,108.3,1,14,13,17.1,5,0,0,12,3,19,57,61,108,56.5,36,13,6.9,239.7,2,2,36,33.3,9,11,1,5,76.4,11,3,19,57,189,348,5.5,18,18,43,42,0,0,0,28,235,10,0,0,4.99914360046387
31,"Washington, DeAndre",3,oak,@ TEN,W  17-10,0,0,0,0,0,0,0,0,ten,0,0,5,0,1,5,0,0,0,0,0,0,2016,5449,RB,OAK,t,bal,5.10000006357829,4800,3,31,17,3,19,57,76,25.3,325,4.3,108.3,1,14,13,17.1,5,0,0,12,3,19,57,61,108,56.5,36,13,6.9,239.7,2,2,36,33.3,9,11,1,5,76.4,11,3,19,57,189,348,5.5,18,18,43,42,0,0,0,28,235,10,0,0,4.45698404312134
