Column 0,TeamID,Week,Year.x,GID,Name,Pos,Team.x,h.a,Oppt,FD.points,FD.salary,Team.y,Rk.x,G.x,Pts.G.x,TotPts.x,Att.x,Att.G.x,Yds.x,Avg.x,Yds.G.x,TD.x,Lng.x,X1st.x,X1st..x,X20..x,X40..x,FUM.x,Rk.y,G.y,Pts.G.y,TotPts.y,Comp,Att.y,Pct,Att.G.y,Yds.y,Avg.y,Yds.G.y,TD.y,Int,X1st.y,X1st..y,Lng.y,X20..y,X40..y,Sck,Rate,k,G,Pts.G,TotPts,Scrm.Plys,Yds.G,Yds.P,X1st.G,X3rd.Md,X3rd.Att,X3rd.Pct,X4th.Md,X4th.Att,X4th.Pct,Pen,Pen.Yds,ToP.G,FUM.y,Lost,Year.y,Rk,Scored Labels
1,0,3,2016,1412,"Wilson, Russell",QB,SEA,t,sf,12.23999977,8700,St. Louis Rams,20,16,20.6,330,453,28.3,1820,4,113.8,7,47,98,21.6,15,1,9,23,16,20.6,330,399,597,66.8,37.3,4065,7.2,254.1,21,13,192,32.2,87T,51,8,41,90.4,23,16,206,330,1091,367.8,5.4,20,78,225,35,4,15,27,109,992,33:12:00,28,13,2016,NA,18.3215847
2,0,3,2016,1409,"Luck, Andrew",QB,IND,t,sd,23.29000092,8700,St. Louis Rams,20,16,20.6,330,453,28.3,1820,4,113.8,7,47,98,21.6,15,1,9,23,16,20.6,330,399,597,66.8,37.3,4065,7.2,254.1,21,13,192,32.2,87T,51,8,41,90.4,23,16,206,330,1091,367.8,5.4,20,78,225,35,4,15,27,109,992,33:12:00,28,13,2016,NA,21.14883041
3,0,3,2016,2992,"Gurley, Todd",RB,LA,t,tb,6.099999905,8300,St. Louis Rams,20,16,20.6,330,453,28.3,1820,4,113.8,7,47,98,21.6,15,1,9,23,16,20.6,330,399,597,66.8,37.3,4065,7.2,254.1,21,13,192,32.2,87T,51,8,41,90.4,23,16,206,330,1091,367.8,5.4,20,78,225,35,4,15,27,109,992,33:12:00,28,13,2016,NA,19.71791458
4,0,3,2016,5253,"Evans, Mike",WR,TB,t,la,17.20000076,8000,St. Louis Rams,20,16,20.6,330,453,28.3,1820,4,113.8,7,47,98,21.6,15,1,9,23,16,20.6,330,399,597,66.8,37.3,4065,7.2,254.1,21,13,192,32.2,87T,51,8,41,90.4,23,16,206,330,1091,367.8,5.4,20,78,225,35,4,15,27,109,992,33:12:00,28,13,2016,NA,8.120744705
5,0,3,2016,3627,"Marshall, Brandon",WR,NYJ,t,kc,8.899999619,7900,St. Louis Rams,20,16,20.6,330,453,28.3,1820,4,113.8,7,47,98,21.6,15,1,9,23,16,20.6,330,399,597,66.8,37.3,4065,7.2,254.1,21,13,192,32.2,87T,51,8,41,90.4,23,16,206,330,1091,367.8,5.4,20,78,225,35,4,15,27,109,992,33:12:00,28,13,2016,NA,13.98370934
6,0,3,2016,1465,"Winston, Jameis",QB,TB,t,la,17.57999992,7600,St. Louis Rams,20,16,20.6,330,453,28.3,1820,4,113.8,7,47,98,21.6,15,1,9,23,16,20.6,330,399,597,66.8,37.3,4065,7.2,254.1,21,13,192,32.2,87T,51,8,41,90.4,23,16,206,330,1091,367.8,5.4,20,78,225,35,4,15,27,109,992,33:12:00,28,13,2016,NA,14.49224663
7,0,3,2016,2613,"Forte, Matt",RB,NYJ,t,kc,23.95000076,7500,St. Louis Rams,20,16,20.6,330,453,28.3,1820,4,113.8,7,47,98,21.6,15,1,9,23,16,20.6,330,399,597,66.8,37.3,4065,7.2,254.1,21,13,192,32.2,87T,51,8,41,90.4,23,16,206,330,1091,367.8,5.4,20,78,225,35,4,15,27,109,992,33:12:00,28,13,2016,NA,19.16769791
8,0,3,2016,5151,"Hilton, T.Y.",WR,IND,t,sd,8.5,7400,St. Louis Rams,20,16,20.6,330,453,28.3,1820,4,113.8,7,47,98,21.6,15,1,9,23,16,20.6,330,399,597,66.8,37.3,4065,7.2,254.1,21,13,192,32.2,87T,51,8,41,90.4,23,16,206,330,1091,367.8,5.4,20,78,225,35,4,15,27,109,992,33:12:00,28,13,2016,NA,8.309556961
9,0,3,2016,1242,"Fitzpatrick, Ryan",QB,NYJ,t,kc,18.55999947,7300,St. Louis Rams,20,16,20.6,330,453,28.3,1820,4,113.8,7,47,98,21.6,15,1,9,23,16,20.6,330,399,597,66.8,37.3,4065,7.2,254.1,21,13,192,32.2,87T,51,8,41,90.4,23,16,206,330,1091,367.8,5.4,20,78,225,35,4,15,27,109,992,33:12:00,28,13,2016,NA,12.14499283
10,0,3,2016,3902,"Decker, Eric",WR,NYJ,t,kc,16.14999962,7300,St. Louis Rams,20,16,20.6,330,453,28.3,1820,4,113.8,7,47,98,21.6,15,1,9,23,16,20.6,330,399,597,66.8,37.3,4065,7.2,254.1,21,13,192,32.2,87T,51,8,41,90.4,23,16,206,330,1091,367.8,5.4,20,78,225,35,4,15,27,109,992,33:12:00,28,13,2016,NA,12.41585732
11,0,3,2016,5136,"Baldwin, Doug",WR,SEA,t,sf,11.60000038,7200,St. Louis Rams,20,16,20.6,330,453,28.3,1820,4,113.8,7,47,98,21.6,15,1,9,23,16,20.6,330,399,597,66.8,37.3,4065,7.2,254.1,21,13,192,32.2,87T,51,8,41,90.4,23,16,206,330,1091,367.8,5.4,20,78,225,35,4,15,27,109,992,33:12:00,28,13,2016,NA,10.05859184
12,0,3,2016,2898,"Michael, Christine",RB,SEA,t,sf,8.100000381,6900,St. Louis Rams,20,16,20.6,330,453,28.3,1820,4,113.8,7,47,98,21.6,15,1,9,23,16,20.6,330,399,597,66.8,37.3,4065,7.2,254.1,21,13,192,32.2,87T,51,8,41,90.4,23,16,206,330,1091,367.8,5.4,20,78,225,35,4,15,27,109,992,33:12:00,28,13,2016,NA,15.80161476
13,0,3,2016,2858,"Martin, Doug",RB,TB,t,la,7.199999809,6800,St. Louis Rams,20,16,20.6,330,453,28.3,1820,4,113.8,7,47,98,21.6,15,1,9,23,16,20.6,330,399,597,66.8,37.3,4065,7.2,254.1,21,13,192,32.2,87T,51,8,41,90.4,23,16,206,330,1091,367.8,5.4,20,78,225,35,4,15,27,109,992,33:12:00,28,13,2016,NA,16.26258087
14,0,3,2016,1435,"Keenum, Case",QB,LA,t,tb,7.130000114,6700,St. Louis Rams,20,16,20.6,330,453,28.3,1820,4,113.8,7,47,98,21.6,15,1,9,23,16,20.6,330,399,597,66.8,37.3,4065,7.2,254.1,21,13,192,32.2,87T,51,8,41,90.4,23,16,206,330,1091,367.8,5.4,20,78,225,35,4,15,27,109,992,33:12:00,28,13,2016,NA,11.1329155
15,0,3,2016,5344,"Moncrief, Donte",WR,IND,t,sd,8.399999619,6600,St. Louis Rams,20,16,20.6,330,453,28.3,1820,4,113.8,7,47,98,21.6,15,1,9,23,16,20.6,330,399,597,66.8,37.3,4065,7.2,254.1,21,13,192,32.2,87T,51,8,41,90.4,23,16,206,330,1091,367.8,5.4,20,78,225,35,4,15,27,109,992,33:12:00,28,13,2016,NA,4.212376118
16,0,3,2016,5402,"Rawls, Thomas",RB,SEA,t,sf,4.800000191,6400,St. Louis Rams,20,16,20.6,330,453,28.3,1820,4,113.8,7,47,98,21.6,15,1,9,23,16,20.6,330,399,597,66.8,37.3,4065,7.2,254.1,21,13,192,32.2,87T,51,8,41,90.4,23,16,206,330,1091,367.8,5.4,20,78,225,35,4,15,27,109,992,33:12:00,28,13,2016,NA,11.06036186
17,0,3,2016,2931,"Sims, Charles",RB,TB,t,la,7.949999809,6300,St. Louis Rams,20,16,20.6,330,453,28.3,1820,4,113.8,7,47,98,21.6,15,1,9,23,16,20.6,330,399,597,66.8,37.3,4065,7.2,254.1,21,13,192,32.2,87T,51,8,41,90.4,23,16,206,330,1091,367.8,5.4,20,78,225,35,4,15,27,109,992,33:12:00,28,13,2016,NA,14.80316544
18,0,3,2016,4551,"Allen, Dwayne",TE,IND,t,sd,9.399999619,6100,St. Louis Rams,20,16,20.6,330,453,28.3,1820,4,113.8,7,47,98,21.6,15,1,9,23,16,20.6,330,399,597,66.8,37.3,4065,7.2,254.1,21,13,192,32.2,87T,51,8,41,90.4,23,16,206,330,1091,367.8,5.4,20,78,225,35,4,15,27,109,992,33:12:00,28,13,2016,NA,7.770606995
19,0,3,2016,5386,"Lockett, Tyler",WR,SEA,t,sf,7.550000191,6100,St. Louis Rams,20,16,20.6,330,453,28.3,1820,4,113.8,7,47,98,21.6,15,1,9,23,16,20.6,330,399,597,66.8,37.3,4065,7.2,254.1,21,13,192,32.2,87T,51,8,41,90.4,23,16,206,330,1091,367.8,5.4,20,78,225,35,4,15,27,109,992,33:12:00,28,13,2016,NA,13.12768936
20,0,3,2016,5384,"Dorsett, Phillip",WR,IND,t,sd,7.449999809,6000,St. Louis Rams,20,16,20.6,330,453,28.3,1820,4,113.8,7,47,98,21.6,15,1,9,23,16,20.6,330,399,597,66.8,37.3,4065,7.2,254.1,21,13,192,32.2,87T,51,8,41,90.4,23,16,206,330,1091,367.8,5.4,20,78,225,35,4,15,27,109,992,33:12:00,28,13,2016,NA,5.615915298
21,0,3,2016,1490,"Goff, Jared",QB,LA,t,tb,0,6000,St. Louis Rams,20,16,20.6,330,453,28.3,1820,4,113.8,7,47,98,21.6,15,1,9,23,16,20.6,330,399,597,66.8,37.3,4065,7.2,254.1,21,13,192,32.2,87T,51,8,41,90.4,23,16,206,330,1091,367.8,5.4,20,78,225,35,4,15,27,109,992,33:12:00,28,13,2016,NA,1.040630817
22,0,3,2016,5420,"Enunwa, Quincy",WR,NYJ,t,kc,13.55000019,6000,St. Louis Rams,20,16,20.6,330,453,28.3,1820,4,113.8,7,47,98,21.6,15,1,9,23,16,20.6,330,399,597,66.8,37.3,4065,7.2,254.1,21,13,192,32.2,87T,51,8,41,90.4,23,16,206,330,1091,367.8,5.4,20,78,225,35,4,15,27,109,992,33:12:00,28,13,2016,NA,11.11542702
23,0,3,2016,5199,"Austin, Tavon",WR,LA,t,tb,5.800000191,5900,St. Louis Rams,20,16,20.6,330,453,28.3,1820,4,113.8,7,47,98,21.6,15,1,9,23,16,20.6,330,399,597,66.8,37.3,4065,7.2,254.1,21,13,192,32.2,87T,51,8,41,90.4,23,16,206,330,1091,367.8,5.4,20,78,225,35,4,15,27,109,992,33:12:00,28,13,2016,NA,13.91136742
24,0,3,2016,2467,"Gore, Frank",RB,IND,t,sd,11.80000019,5700,St. Louis Rams,20,16,20.6,330,453,28.3,1820,4,113.8,7,47,98,21.6,15,1,9,23,16,20.6,330,399,597,66.8,37.3,4065,7.2,254.1,21,13,192,32.2,87T,51,8,41,90.4,23,16,206,330,1091,367.8,5.4,20,78,225,35,4,15,27,109,992,33:12:00,28,13,2016,NA,13.80728626
25,0,3,2016,3824,"Britt, Kenny",WR,LA,t,tb,10.55000019,5400,St. Louis Rams,20,16,20.6,330,453,28.3,1820,4,113.8,7,47,98,21.6,15,1,9,23,16,20.6,330,399,597,66.8,37.3,4065,7.2,254.1,21,13,192,32.2,87T,51,8,41,90.4,23,16,206,330,1091,367.8,5.4,20,78,225,35,4,15,27,109,992,33:12:00,28,13,2016,NA,10.46142197
26,0,3,2016,4602,"Seferian-Jenkins, Austin",TE,TB,t,la,5.949999809,5300,St. Louis Rams,20,16,20.6,330,453,28.3,1820,4,113.8,7,47,98,21.6,15,1,9,23,16,20.6,330,399,597,66.8,37.3,4065,7.2,254.1,21,13,192,32.2,87T,51,8,41,90.4,23,16,206,330,1091,367.8,5.4,20,78,225,35,4,15,27,109,992,33:12:00,28,13,2016,NA,5.775343418
27,0,3,2016,3550,"Jackson, Vincent",WR,TB,t,la,4.599999905,5300,St. Louis Rams,20,16,20.6,330,453,28.3,1820,4,113.8,7,47,98,21.6,15,1,9,23,16,20.6,330,399,597,66.8,37.3,4065,7.2,254.1,21,13,192,32.2,87T,51,8,41,90.4,23,16,206,330,1091,367.8,5.4,20,78,225,35,4,15,27,109,992,33:12:00,28,13,2016,NA,4.069373131
28,0,3,2016,2818,"Rodgers, Jacquizz",RB,TB,t,la,2.900000095,5300,St. Louis Rams,20,16,20.6,330,453,28.3,1820,4,113.8,7,47,98,21.6,15,1,9,23,16,20.6,330,399,597,66.8,37.3,4065,7.2,254.1,21,13,192,32.2,87T,51,8,41,90.4,23,16,206,330,1091,367.8,5.4,20,78,225,35,4,15,27,109,992,33:12:00,28,13,2016,NA,10.78678226
29,0,3,2016,4492,"Graham, Jimmy",TE,SEA,t,sf,3.650000095,5200,St. Louis Rams,20,16,20.6,330,453,28.3,1820,4,113.8,7,47,98,21.6,15,1,9,23,16,20.6,330,399,597,66.8,37.3,4065,7.2,254.1,21,13,192,32.2,87T,51,8,41,90.4,23,16,206,330,1091,367.8,5.4,20,78,225,35,4,15,27,109,992,33:12:00,28,13,2016,NA,4.190787315
30,0,3,2016,5186,"Kearse, Jermaine",WR,SEA,t,sf,5.150000095,5200,St. Louis Rams,20,16,20.6,330,453,28.3,1820,4,113.8,7,47,98,21.6,15,1,9,23,16,20.6,330,399,597,66.8,37.3,4065,7.2,254.1,21,13,192,32.2,87T,51,8,41,90.4,23,16,206,330,1091,367.8,5.4,20,78,225,35,4,15,27,109,992,33:12:00,28,13,2016,NA,3.512200356
31,0,3,2016,6167,"Hauschka, Steven",K,SEA,t,sf,4.5,5100,St. Louis Rams,20,16,20.6,330,453,28.3,1820,4,113.8,7,47,98,21.6,15,1,9,23,16,20.6,330,399,597,66.8,37.3,4065,7.2,254.1,21,13,192,32.2,87T,51,8,41,90.4,23,16,206,330,1091,367.8,5.4,20,78,225,35,4,15,27,109,992,33:12:00,28,13,2016,NA,5.978856564
32,0,3,2016,2867,"Turbin, Robert",RB,IND,t,sd,4.949999809,5100,St. Louis Rams,20,16,20.6,330,453,28.3,1820,4,113.8,7,47,98,21.6,15,1,9,23,16,20.6,330,399,597,66.8,37.3,4065,7.2,254.1,21,13,192,32.2,87T,51,8,41,90.4,23,16,206,330,1091,367.8,5.4,20,78,225,35,4,15,27,109,992,33:12:00,28,13,2016,NA,9.076207161
33,0,3,2016,1493,"Boykin, Trevone",QB,SEA,t,sf,0,5000,St. Louis Rams,20,16,20.6,330,453,28.3,1820,4,113.8,7,47,98,21.6,15,1,9,23,16,20.6,330,399,597,66.8,37.3,4065,7.2,254.1,21,13,192,32.2,87T,51,8,41,90.4,23,16,206,330,1091,367.8,5.4,20,78,225,35,4,15,27,109,992,33:12:00,28,13,2016,NA,9.021467209
34,0,3,2016,1433,"Tolzien, Scott",QB,IND,t,sd,-0.07,5000,St. Louis Rams,20,16,20.6,330,453,28.3,1820,4,113.8,7,47,98,21.6,15,1,9,23,16,20.6,330,399,597,66.8,37.3,4065,7.2,254.1,21,13,192,32.2,87T,51,8,41,90.4,23,16,206,330,1091,367.8,5.4,20,78,225,35,4,15,27,109,992,33:12:00,28,13,2016,NA,4.82848835
35,0,3,2016,1450,"Griffin, Ryan",QB,TB,t,la,0,5000,St. Louis Rams,20,16,20.6,330,453,28.3,1820,4,113.8,7,47,98,21.6,15,1,9,23,16,20.6,330,399,597,66.8,37.3,4065,7.2,254.1,21,13,192,32.2,87T,51,8,41,90.4,23,16,206,330,1091,367.8,5.4,20,78,225,35,4,15,27,109,992,33:12:00,28,13,2016,NA,9.741294861
36,0,3,2016,4592,"Griffin, Ryan",QB,TB,t,la,0,5000,St. Louis Rams,20,16,20.6,330,453,28.3,1820,4,113.8,7,47,98,21.6,15,1,9,23,16,20.6,330,399,597,66.8,37.3,4065,7.2,254.1,21,13,192,32.2,87T,51,8,41,90.4,23,16,206,330,1091,367.8,5.4,20,78,225,35,4,15,27,109,992,33:12:00,28,13,2016,NA,8.777620316
37,0,3,2016,1484,"Mannion, Sean",QB,LA,t,tb,1.24000001,5000,St. Louis Rams,20,16,20.6,330,453,28.3,1820,4,113.8,7,47,98,21.6,15,1,9,23,16,20.6,330,399,597,66.8,37.3,4065,7.2,254.1,21,13,192,32.2,87T,51,8,41,90.4,23,16,206,330,1091,367.8,5.4,20,78,225,35,4,15,27,109,992,33:12:00,28,13,2016,NA,8.46169281
38,0,3,2016,4594,"Doyle, Jack",TE,IND,t,sd,11.35000038,5000,St. Louis Rams,20,16,20.6,330,453,28.3,1820,4,113.8,7,47,98,21.6,15,1,9,23,16,20.6,330,399,597,66.8,37.3,4065,7.2,254.1,21,13,192,32.2,87T,51,8,41,90.4,23,16,206,330,1091,367.8,5.4,20,78,225,35,4,15,27,109,992,33:12:00,28,13,2016,NA,8.80609417
39,0,3,2016,1426,"Smith, Geno",QB,NYJ,t,kc,21,5000,St. Louis Rams,20,16,20.6,330,453,28.3,1820,4,113.8,7,47,98,21.6,15,1,9,23,16,20.6,330,399,597,66.8,37.3,4065,7.2,254.1,21,13,192,32.2,87T,51,8,41,90.4,23,16,206,330,1091,367.8,5.4,20,78,225,35,4,15,27,109,992,33:12:00,28,13,2016,NA,13.81412506
40,0,3,2016,2819,"Powell, Bilal",RB,NYJ,t,kc,3.299999952,4900,St. Louis Rams,20,16,20.6,330,453,28.3,1820,4,113.8,7,47,98,21.6,15,1,9,23,16,20.6,330,399,597,66.8,37.3,4065,7.2,254.1,21,13,192,32.2,87T,51,8,41,90.4,23,16,206,330,1091,367.8,5.4,20,78,225,35,4,15,27,109,992,33:12:00,28,13,2016,NA,10.82448959
41,0,3,2016,2911,"Cunningham, Benny",RB,LA,t,tb,1.350000024,4800,St. Louis Rams,20,16,20.6,330,453,28.3,1820,4,113.8,7,47,98,21.6,15,1,9,23,16,20.6,330,399,597,66.8,37.3,4065,7.2,254.1,21,13,192,32.2,87T,51,8,41,90.4,23,16,206,330,1091,367.8,5.4,20,78,225,35,4,15,27,109,992,33:12:00,28,13,2016,NA,8.820685387
42,0,3,2016,4648,"Brate, Cameron",TE,TB,t,la,3.799999952,4800,St. Louis Rams,20,16,20.6,330,453,28.3,1820,4,113.8,7,47,98,21.6,15,1,9,23,16,20.6,330,399,597,66.8,37.3,4065,7.2,254.1,21,13,192,32.2,87T,51,8,41,90.4,23,16,206,330,1091,367.8,5.4,20,78,225,35,4,15,27,109,992,33:12:00,28,13,2016,NA,7.396729469
43,0,3,2016,5448,"Prosise, C.J.",RB,SEA,t,sf,1.600000024,4800,St. Louis Rams,20,16,20.6,330,453,28.3,1820,4,113.8,7,47,98,21.6,15,1,9,23,16,20.6,330,399,597,66.8,37.3,4065,7.2,254.1,21,13,192,32.2,87T,51,8,41,90.4,23,16,206,330,1091,367.8,5.4,20,78,225,35,4,15,27,109,992,33:12:00,28,13,2016,NA,7.896658897
44,0,3,2016,4578,"Willson, Luke",TE,SEA,t,sf,2.349999905,4700,St. Louis Rams,20,16,20.6,330,453,28.3,1820,4,113.8,7,47,98,21.6,15,1,9,23,16,20.6,330,399,597,66.8,37.3,4065,7.2,254.1,21,13,192,32.2,87T,51,8,41,90.4,23,16,206,330,1091,367.8,5.4,20,78,225,35,4,15,27,109,992,33:12:00,28,13,2016,NA,6.182980537
45,0,3,2016,5412,"Humphries, Adam",WR,TB,t,la,7.650000095,4700,St. Louis Rams,20,16,20.6,330,453,28.3,1820,4,113.8,7,47,98,21.6,15,1,9,23,16,20.6,330,399,597,66.8,37.3,4065,7.2,254.1,21,13,192,32.2,87T,51,8,41,90.4,23,16,206,330,1091,367.8,5.4,20,78,225,35,4,15,27,109,992,33:12:00,28,13,2016,NA,9.385515213
46,0,3,2016,2932,"Mason, Tre",RB,LA,t,tb,3.269230769,4700,St. Louis Rams,20,16,20.6,330,453,28.3,1820,4,113.8,7,47,98,21.6,15,1,9,23,16,20.6,330,399,597,66.8,37.3,4065,7.2,254.1,21,13,192,32.2,87T,51,8,41,90.4,23,16,206,330,1091,367.8,5.4,20,78,225,35,4,15,27,109,992,33:12:00,28,13,2016,NA,10.94745064
47,0,3,2016,6037,"Vinatieri, Adam",K,IND,t,sd,11.5,4700,St. Louis Rams,20,16,20.6,330,453,28.3,1820,4,113.8,7,47,98,21.6,15,1,9,23,16,20.6,330,399,597,66.8,37.3,4065,7.2,254.1,21,13,192,32.2,87T,51,8,41,90.4,23,16,206,330,1091,367.8,5.4,20,78,225,35,4,15,27,109,992,33:12:00,28,13,2016,NA,8.835586548
48,0,3,2016,5489,"Marshall, Jalin",WR,NYJ,t,kc,2,4700,St. Louis Rams,20,16,20.6,330,453,28.3,1820,4,113.8,7,47,98,21.6,15,1,9,23,16,20.6,330,399,597,66.8,37.3,4065,7.2,254.1,21,13,192,32.2,87T,51,8,41,90.4,23,16,206,330,1091,367.8,5.4,20,78,225,35,4,15,27,109,992,33:12:00,28,13,2016,NA,5.241847515
49,0,3,2016,5225,"Thompkins, Kenbrell",WR,NYJ,t,kc,4.166666667,4600,St. Louis Rams,20,16,20.6,330,453,28.3,1820,4,113.8,7,47,98,21.6,15,1,9,23,16,20.6,330,399,597,66.8,37.3,4065,7.2,254.1,21,13,192,32.2,87T,51,8,41,90.4,23,16,206,330,1091,367.8,5.4,20,78,225,35,4,15,27,109,992,33:12:00,28,13,2016,NA,6.397619247
50,0,3,2016,5194,"Ross, Jeremy",WR,NYJ,t,kc,0.681818182,4600,St. Louis Rams,20,16,20.6,330,453,28.3,1820,4,113.8,7,47,98,21.6,15,1,9,23,16,20.6,330,399,597,66.8,37.3,4065,7.2,254.1,21,13,192,32.2,87T,51,8,41,90.4,23,16,206,330,1091,367.8,5.4,20,78,225,35,4,15,27,109,992,33:12:00,28,13,2016,NA,4.602198601
51,0,3,2016,5260,"Richardson, Paul",WR,SEA,t,sf,3.299999952,4600,St. Louis Rams,20,16,20.6,330,453,28.3,1820,4,113.8,7,47,98,21.6,15,1,9,23,16,20.6,330,399,597,66.8,37.3,4065,7.2,254.1,21,13,192,32.2,87T,51,8,41,90.4,23,16,206,330,1091,367.8,5.4,20,78,225,35,4,15,27,109,992,33:12:00,28,13,2016,NA,6.533711433
52,0,3,2016,4457,"Myers, Brandon",TE,TB,t,la,6.900000095,4600,St. Louis Rams,20,16,20.6,330,453,28.3,1820,4,113.8,7,47,98,21.6,15,1,9,23,16,20.6,330,399,597,66.8,37.3,4065,7.2,254.1,21,13,192,32.2,87T,51,8,41,90.4,23,16,206,330,1091,367.8,5.4,20,78,225,35,4,15,27,109,992,33:12:00,28,13,2016,NA,5.038702011
53,0,3,2016,5157,"Quick, Brian",WR,LA,t,tb,2.549999952,4500,St. Louis Rams,20,16,20.6,330,453,28.3,1820,4,113.8,7,47,98,21.6,15,1,9,23,16,20.6,330,399,597,66.8,37.3,4065,7.2,254.1,21,13,192,32.2,87T,51,8,41,90.4,23,16,206,330,1091,367.8,5.4,20,78,225,35,4,15,27,109,992,33:12:00,28,13,2016,NA,-0.325702667
54,0,3,2016,4590,"Williams, Brandon",TE,SEA,t,sf,0,4500,St. Louis Rams,20,16,20.6,330,453,28.3,1820,4,113.8,7,47,98,21.6,15,1,9,23,16,20.6,330,399,597,66.8,37.3,4065,7.2,254.1,21,13,192,32.2,87T,51,8,41,90.4,23,16,206,330,1091,367.8,5.4,20,78,225,35,4,15,27,109,992,33:12:00,28,13,2016,NA,0.56364727
55,0,3,2016,4680,"Higbee, Tyler",TE,LA,t,tb,0.699999988,4500,St. Louis Rams,20,16,20.6,330,453,28.3,1820,4,113.8,7,47,98,21.6,15,1,9,23,16,20.6,330,399,597,66.8,37.3,4065,7.2,254.1,21,13,192,32.2,87T,51,8,41,90.4,23,16,206,330,1091,367.8,5.4,20,78,225,35,4,15,27,109,992,33:12:00,28,13,2016,NA,1.045372486
56,0,3,2016,5484,"Ferguson, Josh",RB,IND,t,sd,4.75,4500,St. Louis Rams,20,16,20.6,330,453,28.3,1820,4,113.8,7,47,98,21.6,15,1,9,23,16,20.6,330,399,597,66.8,37.3,4065,7.2,254.1,21,13,192,32.2,87T,51,8,41,90.4,23,16,206,330,1091,367.8,5.4,20,78,225,35,4,15,27,109,992,33:12:00,28,13,2016,NA,2.813690901
57,0,3,2016,6120,"Folk, Nick",K,NYJ,t,kc,12,4500,St. Louis Rams,20,16,20.6,330,453,28.3,1820,4,113.8,7,47,98,21.6,15,1,9,23,16,20.6,330,399,597,66.8,37.3,4065,7.2,254.1,21,13,192,32.2,87T,51,8,41,90.4,23,16,206,330,1091,367.8,5.4,20,78,225,35,4,15,27,109,992,33:12:00,28,13,2016,NA,3.377591133
58,0,3,2016,4565,"Harkey, Cory",TE,LA,t,tb,0.849999984,4500,St. Louis Rams,20,16,20.6,330,453,28.3,1820,4,113.8,7,47,98,21.6,15,1,9,23,16,20.6,330,399,597,66.8,37.3,4065,7.2,254.1,21,13,192,32.2,87T,51,8,41,90.4,23,16,206,330,1091,367.8,5.4,20,78,225,35,4,15,27,109,992,33:12:00,28,13,2016,NA,0.144138813
59,0,3,2016,5428,"Marquez, Bradley",WR,LA,t,tb,1.530000019,4500,St. Louis Rams,20,16,20.6,330,453,28.3,1820,4,113.8,7,47,98,21.6,15,1,9,23,16,20.6,330,399,597,66.8,37.3,4065,7.2,254.1,21,13,192,32.2,87T,51,8,41,90.4,23,16,206,330,1091,367.8,5.4,20,78,225,35,4,15,27,109,992,33:12:00,28,13,2016,NA,1.632281303
60,0,3,2016,2622,"Smith, Kevin",WR,SEA,t,sf,1.933333397,4500,St. Louis Rams,20,16,20.6,330,453,28.3,1820,4,113.8,7,47,98,21.6,15,1,9,23,16,20.6,330,399,597,66.8,37.3,4065,7.2,254.1,21,13,192,32.2,87T,51,8,41,90.4,23,16,206,330,1091,367.8,5.4,20,78,225,35,4,15,27,109,992,33:12:00,28,13,2016,NA,0.847872257
61,0,3,2016,2919,"Reynolds, Chase",RB,LA,t,tb,0,4500,St. Louis Rams,20,16,20.6,330,453,28.3,1820,4,113.8,7,47,98,21.6,15,1,9,23,16,20.6,330,399,597,66.8,37.3,4065,7.2,254.1,21,13,192,32.2,87T,51,8,41,90.4,23,16,206,330,1091,367.8,5.4,20,78,225,35,4,15,27,109,992,33:12:00,28,13,2016,NA,1.33890295
62,0,3,2016,2829,"Ridley, Stevan",RB,IND,t,sd,1.350000024,4500,St. Louis Rams,20,16,20.6,330,453,28.3,1820,4,113.8,7,47,98,21.6,15,1,9,23,16,20.6,330,399,597,66.8,37.3,4065,7.2,254.1,21,13,192,32.2,87T,51,8,41,90.4,23,16,206,330,1091,367.8,5.4,20,78,225,35,4,15,27,109,992,33:12:00,28,13,2016,NA,0.725770473
63,0,3,2016,5418,"Worthy, Chandler",WR,NYJ,t,kc,0.966666698,4500,St. Louis Rams,20,16,20.6,330,453,28.3,1820,4,113.8,7,47,98,21.6,15,1,9,23,16,20.6,330,399,597,66.8,37.3,4065,7.2,254.1,21,13,192,32.2,87T,51,8,41,90.4,23,16,206,330,1091,367.8,5.4,20,78,225,35,4,15,27,109,992,33:12:00,28,13,2016,NA,1.410468578
64,0,3,2016,4538,"Kendricks, Lance",TE,LA,t,tb,5.300000191,4500,St. Louis Rams,20,16,20.6,330,453,28.3,1820,4,113.8,7,47,98,21.6,15,1,9,23,16,20.6,330,399,597,66.8,37.3,4065,7.2,254.1,21,13,192,32.2,87T,51,8,41,90.4,23,16,206,330,1091,367.8,5.4,20,78,225,35,4,15,27,109,992,33:12:00,28,13,2016,NA,1.26681757
65,0,3,2016,2910,"Bohanon, Tommy",RB,NYJ,t,kc,1.560000038,4500,St. Louis Rams,20,16,20.6,330,453,28.3,1820,4,113.8,7,47,98,21.6,15,1,9,23,16,20.6,330,399,597,66.8,37.3,4065,7.2,254.1,21,13,192,32.2,87T,51,8,41,90.4,23,16,206,330,1091,367.8,5.4,20,78,225,35,4,15,27,109,992,33:12:00,28,13,2016,NA,0.604289055
66,0,3,2016,4614,"Helfet, Cooper",TE,SEA,t,sf,2.785714286,4500,St. Louis Rams,20,16,20.6,330,453,28.3,1820,4,113.8,7,47,98,21.6,15,1,9,23,16,20.6,330,399,597,66.8,37.3,4065,7.2,254.1,21,13,192,32.2,87T,51,8,41,90.4,23,16,206,330,1091,367.8,5.4,20,78,225,35,4,15,27,109,992,33:12:00,28,13,2016,NA,0.493043423
67,0,3,2016,5441,"Brown, Malcolm",RB,LA,t,tb,1.799999952,4500,St. Louis Rams,20,16,20.6,330,453,28.3,1820,4,113.8,7,47,98,21.6,15,1,9,23,16,20.6,330,399,597,66.8,37.3,4065,7.2,254.1,21,13,192,32.2,87T,51,8,41,90.4,23,16,206,330,1091,367.8,5.4,20,78,225,35,4,15,27,109,992,33:12:00,28,13,2016,NA,2.43166399
68,0,3,2016,4403,"Davis, Kellen",TE,NYJ,t,kc,0,4500,St. Louis Rams,20,16,20.6,330,453,28.3,1820,4,113.8,7,47,98,21.6,15,1,9,23,16,20.6,330,399,597,66.8,37.3,4065,7.2,254.1,21,13,192,32.2,87T,51,8,41,90.4,23,16,206,330,1091,367.8,5.4,20,78,225,35,4,15,27,109,992,33:12:00,28,13,2016,NA,0.031700611
69,0,3,2016,4672,"Parker, Brian",TE,NYJ,t,kc,0.550000012,4500,St. Louis Rams,20,16,20.6,330,453,28.3,1820,4,113.8,7,47,98,21.6,15,1,9,23,16,20.6,330,399,597,66.8,37.3,4065,7.2,254.1,21,13,192,32.2,87T,51,8,41,90.4,23,16,206,330,1091,367.8,5.4,20,78,225,35,4,15,27,109,992,33:12:00,28,13,2016,NA,0.27063942
70,0,3,2016,4532,"Stocker, Luke",TE,TB,t,la,2.075000048,4500,St. Louis Rams,20,16,20.6,330,453,28.3,1820,4,113.8,7,47,98,21.6,15,1,9,23,16,20.6,330,399,597,66.8,37.3,4065,7.2,254.1,21,13,192,32.2,87T,51,8,41,90.4,23,16,206,330,1091,367.8,5.4,20,78,225,35,4,15,27,109,992,33:12:00,28,13,2016,NA,1.128070354
71,0,3,2016,2774,"Smith, Antone",RB,NYJ,t,kc,1.100000024,4500,St. Louis Rams,20,16,20.6,330,453,28.3,1820,4,113.8,7,47,98,21.6,15,1,9,23,16,20.6,330,399,597,66.8,37.3,4065,7.2,254.1,21,13,192,32.2,87T,51,8,41,90.4,23,16,206,330,1091,367.8,5.4,20,78,225,35,4,15,27,109,992,33:12:00,28,13,2016,NA,0.010378361
72,0,3,2016,5429,"Bray, Quan",WR,IND,t,sd,0.600000024,4500,St. Louis Rams,20,16,20.6,330,453,28.3,1820,4,113.8,7,47,98,21.6,15,1,9,23,16,20.6,330,399,597,66.8,37.3,4065,7.2,254.1,21,13,192,32.2,87T,51,8,41,90.4,23,16,206,330,1091,367.8,5.4,20,78,225,35,4,15,27,109,992,33:12:00,28,13,2016,NA,0.931842804
73,0,3,2016,4593,"Bostick, Brandon",TE,NYJ,t,kc,0,4500,St. Louis Rams,20,16,20.6,330,453,28.3,1820,4,113.8,7,47,98,21.6,15,1,9,23,16,20.6,330,399,597,66.8,37.3,4065,7.2,254.1,21,13,192,32.2,87T,51,8,41,90.4,23,16,206,330,1091,367.8,5.4,20,78,225,35,4,15,27,109,992,33:12:00,28,13,2016,NA,1.217720985
74,0,3,2016,5450,"Collins, Alex",RB,SEA,t,sf,0,4500,St. Louis Rams,20,16,20.6,330,453,28.3,1820,4,113.8,7,47,98,21.6,15,1,9,23,16,20.6,330,399,597,66.8,37.3,4065,7.2,254.1,21,13,192,32.2,87T,51,8,41,90.4,23,16,206,330,1091,367.8,5.4,20,78,225,35,4,15,27,109,992,33:12:00,28,13,2016,NA,2.082941055
75,0,3,2016,5241,"White, Myles",WR,NYJ,t,kc,2.033333249,4500,St. Louis Rams,20,16,20.6,330,453,28.3,1820,4,113.8,7,47,98,21.6,15,1,9,23,16,20.6,330,399,597,66.8,37.3,4065,7.2,254.1,21,13,192,32.2,87T,51,8,41,90.4,23,16,206,330,1091,367.8,5.4,20,78,225,35,4,15,27,109,992,33:12:00,28,13,2016,NA,0.968197346
76,0,3,2016,2920,"Robinson, Khiry",RB,NYJ,t,kc,7.75,4500,St. Louis Rams,20,16,20.6,330,453,28.3,1820,4,113.8,7,47,98,21.6,15,1,9,23,16,20.6,330,399,597,66.8,37.3,4065,7.2,254.1,21,13,192,32.2,87T,51,8,41,90.4,23,16,206,330,1091,367.8,5.4,20,78,225,35,4,15,27,109,992,33:12:00,28,13,2016,NA,4.946694374
77,0,3,2016,2986,"Tukuafu, Will",RB,SEA,t,sf,0,4500,St. Louis Rams,20,16,20.6,330,453,28.3,1820,4,113.8,7,47,98,21.6,15,1,9,23,16,20.6,330,399,597,66.8,37.3,4065,7.2,254.1,21,13,192,32.2,87T,51,8,41,90.4,23,16,206,330,1091,367.8,5.4,20,78,225,35,4,15,27,109,992,33:12:00,28,13,2016,NA,0.214312077
78,0,3,2016,5421,"Smith, Devin",WR,NYJ,t,kc,2.857142857,4500,St. Louis Rams,20,16,20.6,330,453,28.3,1820,4,113.8,7,47,98,21.6,15,1,9,23,16,20.6,330,399,597,66.8,37.3,4065,7.2,254.1,21,13,192,32.2,87T,51,8,41,90.4,23,16,206,330,1091,367.8,5.4,20,78,225,35,4,15,27,109,992,33:12:00,28,13,2016,NA,0.996062756
79,0,3,2016,5443,"Williams, Trey",RB,IND,t,sd,1.200000048,4500,St. Louis Rams,20,16,20.6,330,453,28.3,1820,4,113.8,7,47,98,21.6,15,1,9,23,16,20.6,330,399,597,66.8,37.3,4065,7.2,254.1,21,13,192,32.2,87T,51,8,41,90.4,23,16,206,330,1091,367.8,5.4,20,78,225,35,4,15,27,109,992,33:12:00,28,13,2016,NA,2.406876087
80,0,3,2016,6205,"Zuerlein, Greg",K,LA,t,tb,10,4500,St. Louis Rams,20,16,20.6,330,453,28.3,1820,4,113.8,7,47,98,21.6,15,1,9,23,16,20.6,330,399,597,66.8,37.3,4065,7.2,254.1,21,13,192,32.2,87T,51,8,41,90.4,23,16,206,330,1091,367.8,5.4,20,78,225,35,4,15,27,109,992,33:12:00,28,13,2016,NA,3.271640539
81,0,3,2016,2902,"Stacy, Zac",RB,NYJ,t,kc,3.699999946,4500,St. Louis Rams,20,16,20.6,330,453,28.3,1820,4,113.8,7,47,98,21.6,15,1,9,23,16,20.6,330,399,597,66.8,37.3,4065,7.2,254.1,21,13,192,32.2,87T,51,8,41,90.4,23,16,206,330,1091,367.8,5.4,20,78,225,35,4,15,27,109,992,33:12:00,28,13,2016,NA,4.385110855
82,0,3,2016,2861,"Pierce, Bernard",RB,NYJ,t,kc,0.824999988,4500,St. Louis Rams,20,16,20.6,330,453,28.3,1820,4,113.8,7,47,98,21.6,15,1,9,23,16,20.6,330,399,597,66.8,37.3,4065,7.2,254.1,21,13,192,32.2,87T,51,8,41,90.4,23,16,206,330,1091,367.8,5.4,20,78,225,35,4,15,27,109,992,33:12:00,28,13,2016,NA,1.337803364
83,0,3,2016,4455,"Coffman, Chase",TE,IND,t,sd,8.550000191,4500,St. Louis Rams,20,16,20.6,330,453,28.3,1820,4,113.8,7,47,98,21.6,15,1,9,23,16,20.6,330,399,597,66.8,37.3,4065,7.2,254.1,21,13,192,32.2,87T,51,8,41,90.4,23,16,206,330,1091,367.8,5.4,20,78,225,35,4,15,27,109,992,33:12:00,28,13,2016,NA,3.050329924
84,0,3,2016,2840,"Todman, Jordan",RB,IND,t,sd,0.550000012,4500,St. Louis Rams,20,16,20.6,330,453,28.3,1820,4,113.8,7,47,98,21.6,15,1,9,23,16,20.6,330,399,597,66.8,37.3,4065,7.2,254.1,21,13,192,32.2,87T,51,8,41,90.4,23,16,206,330,1091,367.8,5.4,20,78,225,35,4,15,27,109,992,33:12:00,28,13,2016,NA,1.687857151
85,0,3,2016,6238,"Aguayo, Roberto",K,TB,t,la,4.5,4500,St. Louis Rams,20,16,20.6,330,453,28.3,1820,4,113.8,7,47,98,21.6,15,1,9,23,16,20.6,330,399,597,66.8,37.3,4065,7.2,254.1,21,13,192,32.2,87T,51,8,41,90.4,23,16,206,330,1091,367.8,5.4,20,78,225,35,4,15,27,109,992,33:12:00,28,13,2016,NA,1.851111889
86,14,3,2016,1231,"Rivers, Philip",QB,SD,t,ind,19.20999908,8000,Indianapolis Colts,25,16,25.5,408,452,28.2,1952,4.3,122,14,56,89,19.7,16,3,10,24,16,25.5,408,354,585,60.5,36.6,4114,7.5,257.1,29,17,210,35.9,80T,64,12,35,88,26,16,255,408,1072,379.1,5.7,20.7,89,227,39,10,14,71,133,1168,31:06:00,20,8,2016,NA,26.10461998
87,14,3,2016,1231,"Rivers, Philip",QB,SD,t,ind,19.20999908,8000,Indianapolis Colts,29,2,36.5,73,55,27.5,250,4.5,125,3,21T,14,25.5,1,0,0,25,2,36.5,73,53,72,73.6,36,598,8.4,299,3,1,33,45.8,44,5,1,2,106.6,NA,2,36.5,73,129,424,6.6,26,10,20,50,0,0,0,16,124,30:38:00,0,0,NA,30,19.52866364
88,14,3,2016,2991,"Gordon, Melvin",RB,SD,t,ind,18.60000038,7100,Indianapolis Colts,25,16,25.5,408,452,28.2,1952,4.3,122,14,56,89,19.7,16,3,10,24,16,25.5,408,354,585,60.5,36.6,4114,7.5,257.1,29,17,210,35.9,80T,64,12,35,88,26,16,255,408,1072,379.1,5.7,20.7,89,227,39,10,14,71,133,1168,31:06:00,20,8,2016,NA,18.41539001
89,14,3,2016,2991,"Gordon, Melvin",RB,SD,t,ind,18.60000038,7100,Indianapolis Colts,29,2,36.5,73,55,27.5,250,4.5,125,3,21T,14,25.5,1,0,0,25,2,36.5,73,53,72,73.6,36,598,8.4,299,3,1,33,45.8,44,5,1,2,106.6,NA,2,36.5,73,129,424,6.6,26,10,20,50,0,0,0,16,124,30:38:00,0,0,NA,30,14.62732315
90,14,3,2016,5173,"Benjamin, Travis",WR,SD,t,ind,16.54999924,6900,Indianapolis Colts,25,16,25.5,408,452,28.2,1952,4.3,122,14,56,89,19.7,16,3,10,24,16,25.5,408,354,585,60.5,36.6,4114,7.5,257.1,29,17,210,35.9,80T,64,12,35,88,26,16,255,408,1072,379.1,5.7,20.7,89,227,39,10,14,71,133,1168,31:06:00,20,8,2016,NA,22.16560364
91,14,3,2016,5173,"Benjamin, Travis",WR,SD,t,ind,16.54999924,6900,Indianapolis Colts,29,2,36.5,73,55,27.5,250,4.5,125,3,21T,14,25.5,1,0,0,25,2,36.5,73,53,72,73.6,36,598,8.4,299,3,1,33,45.8,44,5,1,2,106.6,NA,2,36.5,73,129,424,6.6,26,10,20,50,0,0,0,16,124,30:38:00,0,0,NA,30,22.63181877
92,14,3,2016,5432,"Williams, Tyrell",WR,SD,t,ind,10.85000038,6100,Indianapolis Colts,25,16,25.5,408,452,28.2,1952,4.3,122,14,56,89,19.7,16,3,10,24,16,25.5,408,354,585,60.5,36.6,4114,7.5,257.1,29,17,210,35.9,80T,64,12,35,88,26,16,255,408,1072,379.1,5.7,20.7,89,227,39,10,14,71,133,1168,31:06:00,20,8,2016,NA,25.3356781
93,14,3,2016,5432,"Williams, Tyrell",WR,SD,t,ind,10.85000038,6100,Indianapolis Colts,29,2,36.5,73,55,27.5,250,4.5,125,3,21T,14,25.5,1,0,0,25,2,36.5,73,53,72,73.6,36,598,8.4,299,3,1,33,45.8,44,5,1,2,106.6,NA,2,36.5,73,129,424,6.6,26,10,20,50,0,0,0,16,124,30:38:00,0,0,NA,30,23.12134171
98,14,3,2016,5097,"Inman, Dontrelle",WR,SD,t,ind,1.149999976,5200,Indianapolis Colts,25,16,25.5,408,452,28.2,1952,4.3,122,14,56,89,19.7,16,3,10,24,16,25.5,408,354,585,60.5,36.6,4114,7.5,257.1,29,17,210,35.9,80T,64,12,35,88,26,16,255,408,1072,379.1,5.7,20.7,89,227,39,10,14,71,133,1168,31:06:00,20,8,2016,NA,7.250715256
99,14,3,2016,5097,"Inman, Dontrelle",WR,SD,t,ind,1.149999976,5200,Indianapolis Colts,29,2,36.5,73,55,27.5,250,4.5,125,3,21T,14,25.5,1,0,0,25,2,36.5,73,53,72,73.6,36,598,8.4,299,3,1,33,45.8,44,5,1,2,106.6,NA,2,36.5,73,129,424,6.6,26,10,20,50,0,0,0,16,124,30:38:00,0,0,NA,30,2.643854141
100,14,3,2016,1262,"Clemens, Kellen",QB,SD,t,ind,-0.100000001,5000,Indianapolis Colts,25,16,25.5,408,452,28.2,1952,4.3,122,14,56,89,19.7,16,3,10,24,16,25.5,408,354,585,60.5,36.6,4114,7.5,257.1,29,17,210,35.9,80T,64,12,35,88,26,16,255,408,1072,379.1,5.7,20.7,89,227,39,10,14,71,133,1168,31:06:00,20,8,2016,NA,5.059267044
101,14,3,2016,1262,"Clemens, Kellen",QB,SD,t,ind,-0.100000001,5000,Indianapolis Colts,29,2,36.5,73,55,27.5,250,4.5,125,3,21T,14,25.5,1,0,0,25,2,36.5,73,53,72,73.6,36,598,8.4,299,3,1,33,45.8,44,5,1,2,106.6,NA,2,36.5,73,129,424,6.6,26,10,20,50,0,0,0,16,124,30:38:00,0,0,NA,30,3.124109745
102,14,3,2016,5314,"Herndon, Javontee",WR,SD,t,ind,3.849999905,4500,Indianapolis Colts,25,16,25.5,408,452,28.2,1952,4.3,122,14,56,89,19.7,16,3,10,24,16,25.5,408,354,585,60.5,36.6,4114,7.5,257.1,29,17,210,35.9,80T,64,12,35,88,26,16,255,408,1072,379.1,5.7,20.7,89,227,39,10,14,71,133,1168,31:06:00,20,8,2016,NA,3.963938951
103,14,3,2016,5314,"Herndon, Javontee",WR,SD,t,ind,3.849999905,4500,Indianapolis Colts,29,2,36.5,73,55,27.5,250,4.5,125,3,21T,14,25.5,1,0,0,25,2,36.5,73,53,72,73.6,36,598,8.4,299,3,1,33,45.8,44,5,1,2,106.6,NA,2,36.5,73,129,424,6.6,26,10,20,50,0,0,0,16,124,30:38:00,0,0,NA,30,6.156539917
104,14,3,2016,4644,"Cleveland, Asante",TE,SD,t,ind,0.600000024,4500,Indianapolis Colts,25,16,25.5,408,452,28.2,1952,4.3,122,14,56,89,19.7,16,3,10,24,16,25.5,408,354,585,60.5,36.6,4114,7.5,257.1,29,17,210,35.9,80T,64,12,35,88,26,16,255,408,1072,379.1,5.7,20.7,89,227,39,10,14,71,133,1168,31:06:00,20,8,2016,NA,2.38510704
105,14,3,2016,4644,"Cleveland, Asante",TE,SD,t,ind,0.600000024,4500,Indianapolis Colts,29,2,36.5,73,55,27.5,250,4.5,125,3,21T,14,25.5,1,0,0,25,2,36.5,73,53,72,73.6,36,598,8.4,299,3,1,33,45.8,44,5,1,2,106.6,NA,2,36.5,73,129,424,6.6,26,10,20,50,0,0,0,16,124,30:38:00,0,0,NA,30,3.571980953
106,14,3,2016,5363,"Burse, Isaiah",WR,SD,t,ind,0,4500,Indianapolis Colts,25,16,25.5,408,452,28.2,1952,4.3,122,14,56,89,19.7,16,3,10,24,16,25.5,408,354,585,60.5,36.6,4114,7.5,257.1,29,17,210,35.9,80T,64,12,35,88,26,16,255,408,1072,379.1,5.7,20.7,89,227,39,10,14,71,133,1168,31:06:00,20,8,2016,NA,2.551350832
107,14,3,2016,5363,"Burse, Isaiah",WR,SD,t,ind,0,4500,Indianapolis Colts,29,2,36.5,73,55,27.5,250,4.5,125,3,21T,14,25.5,1,0,0,25,2,36.5,73,53,72,73.6,36,598,8.4,299,3,1,33,45.8,44,5,1,2,106.6,NA,2,36.5,73,129,424,6.6,26,10,20,50,0,0,0,16,124,30:38:00,0,0,NA,30,4.938302994
108,14,3,2016,2934,"Williams, Andre",RB,SD,t,ind,2.181250095,4500,Indianapolis Colts,25,16,25.5,408,452,28.2,1952,4.3,122,14,56,89,19.7,16,3,10,24,16,25.5,408,354,585,60.5,36.6,4114,7.5,257.1,29,17,210,35.9,80T,64,12,35,88,26,16,255,408,1072,379.1,5.7,20.7,89,227,39,10,14,71,133,1168,31:06:00,20,8,2016,NA,4.078052521
109,14,3,2016,2934,"Williams, Andre",RB,SD,t,ind,2.181250095,4500,Indianapolis Colts,29,2,36.5,73,55,27.5,250,4.5,125,3,21T,14,25.5,1,0,0,25,2,36.5,73,53,72,73.6,36,598,8.4,299,3,1,33,45.8,44,5,1,2,106.6,NA,2,36.5,73,129,424,6.6,26,10,20,50,0,0,0,16,124,30:38:00,0,0,NA,30,2.643950224
110,14,3,2016,4588,"McGrath, Sean",TE,SD,t,ind,0,4500,Indianapolis Colts,25,16,25.5,408,452,28.2,1952,4.3,122,14,56,89,19.7,16,3,10,24,16,25.5,408,354,585,60.5,36.6,4114,7.5,257.1,29,17,210,35.9,80T,64,12,35,88,26,16,255,408,1072,379.1,5.7,20.7,89,227,39,10,14,71,133,1168,31:06:00,20,8,2016,NA,2.887611151
111,14,3,2016,4588,"McGrath, Sean",TE,SD,t,ind,0,4500,Indianapolis Colts,29,2,36.5,73,55,27.5,250,4.5,125,3,21T,14,25.5,1,0,0,25,2,36.5,73,53,72,73.6,36,598,8.4,299,3,1,33,45.8,44,5,1,2,106.6,NA,2,36.5,73,129,424,6.6,26,10,20,50,0,0,0,16,124,30:38:00,0,0,NA,30,4.039958477
112,14,3,2016,5286,"Krause, Jonathan",WR,SD,t,ind,1.049999952,4500,Indianapolis Colts,25,16,25.5,408,452,28.2,1952,4.3,122,14,56,89,19.7,16,3,10,24,16,25.5,408,354,585,60.5,36.6,4114,7.5,257.1,29,17,210,35.9,80T,64,12,35,88,26,16,255,408,1072,379.1,5.7,20.7,89,227,39,10,14,71,133,1168,31:06:00,20,8,2016,NA,2.697534561
113,14,3,2016,5286,"Krause, Jonathan",WR,SD,t,ind,1.049999952,4500,Indianapolis Colts,29,2,36.5,73,55,27.5,250,4.5,125,3,21T,14,25.5,1,0,0,25,2,36.5,73,53,72,73.6,36,598,8.4,299,3,1,33,45.8,44,5,1,2,106.6,NA,2,36.5,73,129,424,6.6,26,10,20,50,0,0,0,16,124,30:38:00,0,0,NA,30,5.23247385
114,14,3,2016,4675,"Henry, Hunter",TE,SD,t,ind,2.5,4500,Indianapolis Colts,25,16,25.5,408,452,28.2,1952,4.3,122,14,56,89,19.7,16,3,10,24,16,25.5,408,354,585,60.5,36.6,4114,7.5,257.1,29,17,210,35.9,80T,64,12,35,88,26,16,255,408,1072,379.1,5.7,20.7,89,227,39,10,14,71,133,1168,31:06:00,20,8,2016,NA,3.088864803
115,14,3,2016,4675,"Henry, Hunter",TE,SD,t,ind,2.5,4500,Indianapolis Colts,29,2,36.5,73,55,27.5,250,4.5,125,3,21T,14,25.5,1,0,0,25,2,36.5,73,53,72,73.6,36,598,8.4,299,3,1,33,45.8,44,5,1,2,106.6,NA,2,36.5,73,129,424,6.6,26,10,20,50,0,0,0,16,124,30:38:00,0,0,NA,30,4.088500023
116,14,3,2016,4481,"Cumberland, Jeff",TE,SD,t,ind,1.45714283,4500,Indianapolis Colts,25,16,25.5,408,452,28.2,1952,4.3,122,14,56,89,19.7,16,3,10,24,16,25.5,408,354,585,60.5,36.6,4114,7.5,257.1,29,17,210,35.9,80T,64,12,35,88,26,16,255,408,1072,379.1,5.7,20.7,89,227,39,10,14,71,133,1168,31:06:00,20,8,2016,NA,-0.563042164
117,14,3,2016,4481,"Cumberland, Jeff",TE,SD,t,ind,1.45714283,4500,Indianapolis Colts,29,2,36.5,73,55,27.5,250,4.5,125,3,21T,14,25.5,1,0,0,25,2,36.5,73,53,72,73.6,36,598,8.4,299,3,1,33,45.8,44,5,1,2,106.6,NA,2,36.5,73,129,424,6.6,26,10,20,50,0,0,0,16,124,30:38:00,0,0,NA,30,0.692844868
118,14,3,2016,5494,"Farrow, Kenneth",RB,SD,t,ind,1.299999952,4500,Indianapolis Colts,25,16,25.5,408,452,28.2,1952,4.3,122,14,56,89,19.7,16,3,10,24,16,25.5,408,354,585,60.5,36.6,4114,7.5,257.1,29,17,210,35.9,80T,64,12,35,88,26,16,255,408,1072,379.1,5.7,20.7,89,227,39,10,14,71,133,1168,31:06:00,20,8,2016,NA,2.846121311
119,14,3,2016,5494,"Farrow, Kenneth",RB,SD,t,ind,1.299999952,4500,Indianapolis Colts,29,2,36.5,73,55,27.5,250,4.5,125,3,21T,14,25.5,1,0,0,25,2,36.5,73,53,72,73.6,36,598,8.4,299,3,1,33,45.8,44,5,1,2,106.6,NA,2,36.5,73,129,424,6.6,26,10,20,50,0,0,0,16,124,30:38:00,0,0,NA,30,3.414336205
120,14,3,2016,6233,"Lambo, Josh",K,SD,t,ind,8.5,4500,Indianapolis Colts,25,16,25.5,408,452,28.2,1952,4.3,122,14,56,89,19.7,16,3,10,24,16,25.5,408,354,585,60.5,36.6,4114,7.5,257.1,29,17,210,35.9,80T,64,12,35,88,26,16,255,408,1072,379.1,5.7,20.7,89,227,39,10,14,71,133,1168,31:06:00,20,8,2016,NA,6.107322693
121,14,3,2016,6233,"Lambo, Josh",K,SD,t,ind,8.5,4500,Indianapolis Colts,29,2,36.5,73,55,27.5,250,4.5,125,3,21T,14,25.5,1,0,0,25,2,36.5,73,53,72,73.6,36,598,8.4,299,3,1,33,45.8,44,5,1,2,106.6,NA,2,36.5,73,129,424,6.6,26,10,20,50,0,0,0,16,124,30:38:00,0,0,NA,30,7.853463173
122,23,3,2016,3830,"Maclin, Jeremy",WR,KC,t,nyj,12.25,7000,New York Jets,2,16,19.6,314,373,23.3,1335,3.6,83.4,4,45,62,16.6,6,1,8,13,16,19.6,314,343,601,57.1,37.6,3763,6.7,235.2,25,18,185,30.8,72T,59,11,39,79,4,16,196,314,1013,318.6,5,16.9,77,232,33,13,23,56,90,767,29:21:00,22,12,2016,NA,19.87746048
123,23,3,2016,3830,"Maclin, Jeremy",WR,KC,t,nyj,12.25,7000,New York Jets,5,2,27,54,38,19,143,3.8,71.5,1,24,11,28.9,1,0,1,26,2,27,54,42,61,68.9,30.5,631,11,315.5,4,2,20,32.8,84T,9,5,7,113.6,NA,2,27,54,106,387,7.3,17,6,21,29,1,2,50,11,103,22:58,1,0,NA,19,17.57210732
124,23,3,2016,2629,"Charles, Jamaal",RB,KC,t,nyj,18.11999969,7000,New York Jets,2,16,19.6,314,373,23.3,1335,3.6,83.4,4,45,62,16.6,6,1,8,13,16,19.6,314,343,601,57.1,37.6,3763,6.7,235.2,25,18,185,30.8,72T,59,11,39,79,4,16,196,314,1013,318.6,5,16.9,77,232,33,13,23,56,90,767,29:21:00,22,12,2016,NA,16.36802673
125,23,3,2016,2629,"Charles, Jamaal",RB,KC,t,nyj,18.11999969,7000,New York Jets,5,2,27,54,38,19,143,3.8,71.5,1,24,11,28.9,1,0,1,26,2,27,54,42,61,68.9,30.5,631,11,315.5,4,2,20,32.8,84T,9,5,7,113.6,NA,2,27,54,106,387,7.3,17,6,21,29,1,2,50,11,103,22:58,1,0,NA,19,14.44954491
126,23,3,2016,1254,"Smith, Alex",QB,KC,t,nyj,16.32999992,6800,New York Jets,2,16,19.6,314,373,23.3,1335,3.6,83.4,4,45,62,16.6,6,1,8,13,16,19.6,314,343,601,57.1,37.6,3763,6.7,235.2,25,18,185,30.8,72T,59,11,39,79,4,16,196,314,1013,318.6,5,16.9,77,232,33,13,23,56,90,767,29:21:00,22,12,2016,NA,12.30535412
127,23,3,2016,1254,"Smith, Alex",QB,KC,t,nyj,16.32999992,6800,New York Jets,5,2,27,54,38,19,143,3.8,71.5,1,24,11,28.9,1,0,1,26,2,27,54,42,61,68.9,30.5,631,11,315.5,4,2,20,32.8,84T,9,5,7,113.6,NA,2,27,54,106,387,7.3,17,6,21,29,1,2,50,11,103,22:58,1,0,NA,19,13.72166157
128,23,3,2016,2914,"Ware, Spencer",RB,KC,t,nyj,19.45000076,6300,New York Jets,2,16,19.6,314,373,23.3,1335,3.6,83.4,4,45,62,16.6,6,1,8,13,16,19.6,314,343,601,57.1,37.6,3763,6.7,235.2,25,18,185,30.8,72T,59,11,39,79,4,16,196,314,1013,318.6,5,16.9,77,232,33,13,23,56,90,767,29:21:00,22,12,2016,NA,6.697984695
129,23,3,2016,2914,"Ware, Spencer",RB,KC,t,nyj,19.45000076,6300,New York Jets,5,2,27,54,38,19,143,3.8,71.5,1,24,11,28.9,1,0,1,26,2,27,54,42,61,68.9,30.5,631,11,315.5,4,2,20,32.8,84T,9,5,7,113.6,NA,2,27,54,106,387,7.3,17,6,21,29,1,2,50,11,103,22:58,1,0,NA,19,8.897475243
130,23,3,2016,4582,"Kelce, Travis",TE,KC,t,nyj,8.149999619,6000,New York Jets,2,16,19.6,314,373,23.3,1335,3.6,83.4,4,45,62,16.6,6,1,8,13,16,19.6,314,343,601,57.1,37.6,3763,6.7,235.2,25,18,185,30.8,72T,59,11,39,79,4,16,196,314,1013,318.6,5,16.9,77,232,33,13,23,56,90,767,29:21:00,22,12,2016,NA,5.611860275
131,23,3,2016,4582,"Kelce, Travis",TE,KC,t,nyj,8.149999619,6000,New York Jets,5,2,27,54,38,19,143,3.8,71.5,1,24,11,28.9,1,0,1,26,2,27,54,42,61,68.9,30.5,631,11,315.5,4,2,20,32.8,84T,9,5,7,113.6,NA,2,27,54,106,387,7.3,17,6,21,29,1,2,50,11,103,22:58,1,0,NA,19,2.489032507
132,23,3,2016,1413,"Foles, Nick",QB,KC,t,nyj,9.64363653,6000,New York Jets,2,16,19.6,314,373,23.3,1335,3.6,83.4,4,45,62,16.6,6,1,8,13,16,19.6,314,343,601,57.1,37.6,3763,6.7,235.2,25,18,185,30.8,72T,59,11,39,79,4,16,196,314,1013,318.6,5,16.9,77,232,33,13,23,56,90,767,29:21:00,22,12,2016,NA,4.508745193
133,23,3,2016,1413,"Foles, Nick",QB,KC,t,nyj,9.64363653,6000,New York Jets,5,2,27,54,38,19,143,3.8,71.5,1,24,11,28.9,1,0,1,26,2,27,54,42,61,68.9,30.5,631,11,315.5,4,2,20,32.8,84T,9,5,7,113.6,NA,2,27,54,106,387,7.3,17,6,21,29,1,2,50,11,103,22:58,1,0,NA,19,1.454723835
134,23,3,2016,2987,"West, Charcandrick",RB,KC,t,nyj,6.050000191,5200,New York Jets,2,16,19.6,314,373,23.3,1335,3.6,83.4,4,45,62,16.6,6,1,8,13,16,19.6,314,343,601,57.1,37.6,3763,6.7,235.2,25,18,185,30.8,72T,59,11,39,79,4,16,196,314,1013,318.6,5,16.9,77,232,33,13,23,56,90,767,29:21:00,22,12,2016,NA,3.359300852
135,23,3,2016,2987,"West, Charcandrick",RB,KC,t,nyj,6.050000191,5200,New York Jets,5,2,27,54,38,19,143,3.8,71.5,1,24,11,28.9,1,0,1,26,2,27,54,42,61,68.9,30.5,631,11,315.5,4,2,20,32.8,84T,9,5,7,113.6,NA,2,27,54,106,387,7.3,17,6,21,29,1,2,50,11,103,22:58,1,0,NA,19,4.510230064
136,23,3,2016,6224,"Santos, Cairo",K,KC,t,nyj,12.5,5000,New York Jets,2,16,19.6,314,373,23.3,1335,3.6,83.4,4,45,62,16.6,6,1,8,13,16,19.6,314,343,601,57.1,37.6,3763,6.7,235.2,25,18,185,30.8,72T,59,11,39,79,4,16,196,314,1013,318.6,5,16.9,77,232,33,13,23,56,90,767,29:21:00,22,12,2016,NA,2.794874668
137,23,3,2016,6224,"Santos, Cairo",K,KC,t,nyj,12.5,5000,New York Jets,5,2,27,54,38,19,143,3.8,71.5,1,24,11,28.9,1,0,1,26,2,27,54,42,61,68.9,30.5,631,11,315.5,4,2,20,32.8,84T,9,5,7,113.6,NA,2,27,54,106,387,7.3,17,6,21,29,1,2,50,11,103,22:58,1,0,NA,19,12.75308895
138,23,3,2016,5339,"Wilson, Albert",WR,KC,t,nyj,1.850000024,4900,New York Jets,2,16,19.6,314,373,23.3,1335,3.6,83.4,4,45,62,16.6,6,1,8,13,16,19.6,314,343,601,57.1,37.6,3763,6.7,235.2,25,18,185,30.8,72T,59,11,39,79,4,16,196,314,1013,318.6,5,16.9,77,232,33,13,23,56,90,767,29:21:00,22,12,2016,NA,1.485121727
139,23,3,2016,5339,"Wilson, Albert",WR,KC,t,nyj,1.850000024,4900,New York Jets,5,2,27,54,38,19,143,3.8,71.5,1,24,11,28.9,1,0,1,26,2,27,54,42,61,68.9,30.5,631,11,315.5,4,2,20,32.8,84T,9,5,7,113.6,NA,2,27,54,106,387,7.3,17,6,21,29,1,2,50,11,103,22:58,1,0,NA,19,3.508071899
140,23,3,2016,2958,"Thomas, De'Anthony",WR,KC,t,nyj,3.590000153,4700,New York Jets,2,16,19.6,314,373,23.3,1335,3.6,83.4,4,45,62,16.6,6,1,8,13,16,19.6,314,343,601,57.1,37.6,3763,6.7,235.2,25,18,185,30.8,72T,59,11,39,79,4,16,196,314,1013,318.6,5,16.9,77,232,33,13,23,56,90,767,29:21:00,22,12,2016,NA,3.042766333
141,23,3,2016,2958,"Thomas, De'Anthony",WR,KC,t,nyj,3.590000153,4700,New York Jets,5,2,27,54,38,19,143,3.8,71.5,1,24,11,28.9,1,0,1,26,2,27,54,42,61,68.9,30.5,631,11,315.5,4,2,20,32.8,84T,9,5,7,113.6,NA,2,27,54,106,387,7.3,17,6,21,29,1,2,50,11,103,22:58,1,0,NA,19,8.828384399
142,23,3,2016,5385,"Conley, Chris",WR,KC,t,nyj,4.400000095,4600,New York Jets,2,16,19.6,314,373,23.3,1335,3.6,83.4,4,45,62,16.6,6,1,8,13,16,19.6,314,343,601,57.1,37.6,3763,6.7,235.2,25,18,185,30.8,72T,59,11,39,79,4,16,196,314,1013,318.6,5,16.9,77,232,33,13,23,56,90,767,29:21:00,22,12,2016,NA,11.56460285
143,23,3,2016,5385,"Conley, Chris",WR,KC,t,nyj,4.400000095,4600,New York Jets,5,2,27,54,38,19,143,3.8,71.5,1,24,11,28.9,1,0,1,26,2,27,54,42,61,68.9,30.5,631,11,315.5,4,2,20,32.8,84T,9,5,7,113.6,NA,2,27,54,106,387,7.3,17,6,21,29,1,2,50,11,103,22:58,1,0,NA,19,9.623415947
144,23,3,2016,2891,"Davis, Knile",RB,KC,t,nyj,0,4500,New York Jets,2,16,19.6,314,373,23.3,1335,3.6,83.4,4,45,62,16.6,6,1,8,13,16,19.6,314,343,601,57.1,37.6,3763,6.7,235.2,25,18,185,30.8,72T,59,11,39,79,4,16,196,314,1013,318.6,5,16.9,77,232,33,13,23,56,90,767,29:21:00,22,12,2016,NA,-0.521968842
145,23,3,2016,2891,"Davis, Knile",RB,KC,t,nyj,0,4500,New York Jets,5,2,27,54,38,19,143,3.8,71.5,1,24,11,28.9,1,0,1,26,2,27,54,42,61,68.9,30.5,631,11,315.5,4,2,20,32.8,84T,9,5,7,113.6,NA,2,27,54,106,387,7.3,17,6,21,29,1,2,50,11,103,22:58,1,0,NA,19,0.246832371
146,23,3,2016,4664,"O'Shaughnessy, James",TE,KC,t,nyj,2.339999962,4500,New York Jets,2,16,19.6,314,373,23.3,1335,3.6,83.4,4,45,62,16.6,6,1,8,13,16,19.6,314,343,601,57.1,37.6,3763,6.7,235.2,25,18,185,30.8,72T,59,11,39,79,4,16,196,314,1013,318.6,5,16.9,77,232,33,13,23,56,90,767,29:21:00,22,12,2016,NA,0.786683559
147,23,3,2016,4664,"O'Shaughnessy, James",TE,KC,t,nyj,2.339999962,4500,New York Jets,5,2,27,54,38,19,143,3.8,71.5,1,24,11,28.9,1,0,1,26,2,27,54,42,61,68.9,30.5,631,11,315.5,4,2,20,32.8,84T,9,5,7,113.6,NA,2,27,54,106,387,7.3,17,6,21,29,1,2,50,11,103,22:58,1,0,NA,19,0.766970158
148,23,3,2016,2822,"Sherman, Anthony",RB,KC,t,nyj,0.900000016,4500,New York Jets,2,16,19.6,314,373,23.3,1335,3.6,83.4,4,45,62,16.6,6,1,8,13,16,19.6,314,343,601,57.1,37.6,3763,6.7,235.2,25,18,185,30.8,72T,59,11,39,79,4,16,196,314,1013,318.6,5,16.9,77,232,33,13,23,56,90,767,29:21:00,22,12,2016,NA,1.847812176
149,23,3,2016,2822,"Sherman, Anthony",RB,KC,t,nyj,0.900000016,4500,New York Jets,5,2,27,54,38,19,143,3.8,71.5,1,24,11,28.9,1,0,1,26,2,27,54,42,61,68.9,30.5,631,11,315.5,4,2,20,32.8,84T,9,5,7,113.6,NA,2,27,54,106,387,7.3,17,6,21,29,1,2,50,11,103,22:58,1,0,NA,19,2.446093798
150,23,3,2016,5485,"Hill, Tyreek",RB,KC,t,nyj,4.550000191,4500,New York Jets,2,16,19.6,314,373,23.3,1335,3.6,83.4,4,45,62,16.6,6,1,8,13,16,19.6,314,343,601,57.1,37.6,3763,6.7,235.2,25,18,185,30.8,72T,59,11,39,79,4,16,196,314,1013,318.6,5,16.9,77,232,33,13,23,56,90,767,29:21:00,22,12,2016,NA,2.405107975
151,23,3,2016,5485,"Hill, Tyreek",RB,KC,t,nyj,4.550000191,4500,New York Jets,5,2,27,54,38,19,143,3.8,71.5,1,24,11,28.9,1,0,1,26,2,27,54,42,61,68.9,30.5,631,11,315.5,4,2,20,32.8,84T,9,5,7,113.6,NA,2,27,54,106,387,7.3,17,6,21,29,1,2,50,11,103,22:58,1,0,NA,19,3.834528685
152,23,3,2016,4642,"Harris, Demetrius",TE,KC,t,nyj,1.5,4500,New York Jets,2,16,19.6,314,373,23.3,1335,3.6,83.4,4,45,62,16.6,6,1,8,13,16,19.6,314,343,601,57.1,37.6,3763,6.7,235.2,25,18,185,30.8,72T,59,11,39,79,4,16,196,314,1013,318.6,5,16.9,77,232,33,13,23,56,90,767,29:21:00,22,12,2016,NA,0.330299854
153,23,3,2016,4642,"Harris, Demetrius",TE,KC,t,nyj,1.5,4500,New York Jets,5,2,27,54,38,19,143,3.8,71.5,1,24,11,28.9,1,0,1,26,2,27,54,42,61,68.9,30.5,631,11,315.5,4,2,20,32.8,84T,9,5,7,113.6,NA,2,27,54,106,387,7.3,17,6,21,29,1,2,50,11,103,22:58,1,0,NA,19,1.269649982
154,25,3,2016,3474,"Brown, Antonio",WR,PIT,t,phi,17.25,9500,Philadelphia Eagles,32,16,26.9,430,478,29.9,2153,4.5,134.6,10,84,100,20.9,15,5,3,28,16,26.9,430,394,633,62.2,39.6,4273,7.1,267.1,36,15,239,37.8,59,55,9,37,92.8,30,16,269,430,1148,401.6,5.6,22.8,99,231,43,6,9,67,123,1051,34:09:00,23,11,2016,NA,13.04210472
155,25,3,2016,3474,"Brown, Antonio",WR,PIT,t,phi,17.25,9500,Philadelphia Eagles,10,2,12,24,39,19.5,184,4.7,92,2,20,12,30.8,2,0,1,5,2,12,24,33,55,60,27.5,388,7.7,194,0,2,16,29.1,58,5,3,6,69.1,NA,2,12,24,100,286,5.7,15,6,20,30,0,3,0,11,75,22:18,4,2,NA,4,7.559417248
156,25,3,2016,2500,"Williams, DeAngelo",RB,PIT,t,phi,26.64999962,8800,Philadelphia Eagles,32,16,26.9,430,478,29.9,2153,4.5,134.6,10,84,100,20.9,15,5,3,28,16,26.9,430,394,633,62.2,39.6,4273,7.1,267.1,36,15,239,37.8,59,55,9,37,92.8,30,16,269,430,1148,401.6,5.6,22.8,99,231,43,6,9,67,123,1051,34:09:00,23,11,2016,NA,26.22434425
157,25,3,2016,2500,"Williams, DeAngelo",RB,PIT,t,phi,26.64999962,8800,Philadelphia Eagles,10,2,12,24,39,19.5,184,4.7,92,2,20,12,30.8,2,0,1,5,2,12,24,33,55,60,27.5,388,7.7,194,0,2,16,29.1,58,5,3,6,69.1,NA,2,12,24,100,286,5.7,15,6,20,30,0,3,0,11,75,22:18,4,2,NA,4,21.18832016
158,25,3,2016,1232,"Roethlisberger, Ben",QB,PIT,t,phi,22.28000069,8400,Philadelphia Eagles,32,16,26.9,430,478,29.9,2153,4.5,134.6,10,84,100,20.9,15,5,3,28,16,26.9,430,394,633,62.2,39.6,4273,7.1,267.1,36,15,239,37.8,59,55,9,37,92.8,30,16,269,430,1148,401.6,5.6,22.8,99,231,43,6,9,67,123,1051,34:09:00,23,11,2016,NA,20.82138252
159,25,3,2016,1232,"Roethlisberger, Ben",QB,PIT,t,phi,22.28000069,8400,Philadelphia Eagles,10,2,12,24,39,19.5,184,4.7,92,2,20,12,30.8,2,0,1,5,2,12,24,33,55,60,27.5,388,7.7,194,0,2,16,29.1,58,5,3,6,69.1,NA,2,12,24,100,286,5.7,15,6,20,30,0,3,0,11,75,22:18,4,2,NA,4,18.25208473
160,25,3,2016,5215,"Wheaton, Markus",WR,PIT,t,phi,8.056249619,6000,Philadelphia Eagles,32,16,26.9,430,478,29.9,2153,4.5,134.6,10,84,100,20.9,15,5,3,28,16,26.9,430,394,633,62.2,39.6,4273,7.1,267.1,36,15,239,37.8,59,55,9,37,92.8,30,16,269,430,1148,401.6,5.6,22.8,99,231,43,6,9,67,123,1051,34:09:00,23,11,2016,NA,16.71097755
161,25,3,2016,5215,"Wheaton, Markus",WR,PIT,t,phi,8.056249619,6000,Philadelphia Eagles,10,2,12,24,39,19.5,184,4.7,92,2,20,12,30.8,2,0,1,5,2,12,24,33,55,60,27.5,388,7.7,194,0,2,16,29.1,58,5,3,6,69.1,NA,2,12,24,100,286,5.7,15,6,20,30,0,3,0,11,75,22:18,4,2,NA,4,6.478685379
162,25,3,2016,5478,"Rogers, Eli",WR,PIT,t,phi,8.149999619,5500,Philadelphia Eagles,32,16,26.9,430,478,29.9,2153,4.5,134.6,10,84,100,20.9,15,5,3,28,16,26.9,430,394,633,62.2,39.6,4273,7.1,267.1,36,15,239,37.8,59,55,9,37,92.8,30,16,269,430,1148,401.6,5.6,22.8,99,231,43,6,9,67,123,1051,34:09:00,23,11,2016,NA,8.506347656
163,25,3,2016,5478,"Rogers, Eli",WR,PIT,t,phi,8.149999619,5500,Philadelphia Eagles,10,2,12,24,39,19.5,184,4.7,92,2,20,12,30.8,2,0,1,5,2,12,24,33,55,60,27.5,388,7.7,194,0,2,16,29.1,58,5,3,6,69.1,NA,2,12,24,100,286,5.7,15,6,20,30,0,3,0,11,75,22:18,4,2,NA,4,1.101634979
164,25,3,2016,5388,"Coates, Sammie",WR,PIT,t,phi,8.949999809,5500,Philadelphia Eagles,32,16,26.9,430,478,29.9,2153,4.5,134.6,10,84,100,20.9,15,5,3,28,16,26.9,430,394,633,62.2,39.6,4273,7.1,267.1,36,15,239,37.8,59,55,9,37,92.8,30,16,269,430,1148,401.6,5.6,22.8,99,231,43,6,9,67,123,1051,34:09:00,23,11,2016,NA,6.245970726
165,25,3,2016,5388,"Coates, Sammie",WR,PIT,t,phi,8.949999809,5500,Philadelphia Eagles,10,2,12,24,39,19.5,184,4.7,92,2,20,12,30.8,2,0,1,5,2,12,24,33,55,60,27.5,388,7.7,194,0,2,16,29.1,58,5,3,6,69.1,NA,2,12,24,100,286,5.7,15,6,20,30,0,3,0,11,75,22:18,4,2,NA,4,1.383777142
166,25,3,2016,1430,"Jones, Landry",QB,PIT,t,phi,3.717142923,5500,Philadelphia Eagles,32,16,26.9,430,478,29.9,2153,4.5,134.6,10,84,100,20.9,15,5,3,28,16,26.9,430,394,633,62.2,39.6,4273,7.1,267.1,36,15,239,37.8,59,55,9,37,92.8,30,16,269,430,1148,401.6,5.6,22.8,99,231,43,6,9,67,123,1051,34:09:00,23,11,2016,NA,3.799121857
167,25,3,2016,1430,"Jones, Landry",QB,PIT,t,phi,3.717142923,5500,Philadelphia Eagles,10,2,12,24,39,19.5,184,4.7,92,2,20,12,30.8,2,0,1,5,2,12,24,33,55,60,27.5,388,7.7,194,0,2,16,29.1,58,5,3,6,69.1,NA,2,12,24,100,286,5.7,15,6,20,30,0,3,0,11,75,22:18,4,2,NA,4,-2.305672169
168,25,3,2016,1440,"Mettenberger, Zach",QB,PIT,t,phi,7.028571538,5000,Philadelphia Eagles,32,16,26.9,430,478,29.9,2153,4.5,134.6,10,84,100,20.9,15,5,3,28,16,26.9,430,394,633,62.2,39.6,4273,7.1,267.1,36,15,239,37.8,59,55,9,37,92.8,30,16,269,430,1148,401.6,5.6,22.8,99,231,43,6,9,67,123,1051,34:09:00,23,11,2016,NA,5.996919155
169,25,3,2016,1440,"Mettenberger, Zach",QB,PIT,t,phi,7.028571538,5000,Philadelphia Eagles,10,2,12,24,39,19.5,184,4.7,92,2,20,12,30.8,2,0,1,5,2,12,24,33,55,60,27.5,388,7.7,194,0,2,16,29.1,58,5,3,6,69.1,NA,2,12,24,100,286,5.7,15,6,20,30,0,3,0,11,75,22:18,4,2,NA,4,1.188700676
170,25,3,2016,2990,"Toussaint, Fitzgerald",RB,PIT,t,phi,1.200000048,4700,Philadelphia Eagles,32,16,26.9,430,478,29.9,2153,4.5,134.6,10,84,100,20.9,15,5,3,28,16,26.9,430,394,633,62.2,39.6,4273,7.1,267.1,36,15,239,37.8,59,55,9,37,92.8,30,16,269,430,1148,401.6,5.6,22.8,99,231,43,6,9,67,123,1051,34:09:00,23,11,2016,NA,2.561368465
171,25,3,2016,2990,"Toussaint, Fitzgerald",RB,PIT,t,phi,1.200000048,4700,Philadelphia Eagles,10,2,12,24,39,19.5,184,4.7,92,2,20,12,30.8,2,0,1,5,2,12,24,33,55,60,27.5,388,7.7,194,0,2,16,29.1,58,5,3,6,69.1,NA,2,12,24,100,286,5.7,15,6,20,30,0,3,0,11,75,22:18,4,2,NA,4,2.922069073
172,25,3,2016,6225,"Boswell, Chris",K,PIT,t,phi,8,4600,Philadelphia Eagles,32,16,26.9,430,478,29.9,2153,4.5,134.6,10,84,100,20.9,15,5,3,28,16,26.9,430,394,633,62.2,39.6,4273,7.1,267.1,36,15,239,37.8,59,55,9,37,92.8,30,16,269,430,1148,401.6,5.6,22.8,99,231,43,6,9,67,123,1051,34:09:00,23,11,2016,NA,1.996552944
173,25,3,2016,6225,"Boswell, Chris",K,PIT,t,phi,8,4600,Philadelphia Eagles,10,2,12,24,39,19.5,184,4.7,92,2,20,12,30.8,2,0,1,5,2,12,24,33,55,60,27.5,388,7.7,194,0,2,16,29.1,58,5,3,6,69.1,NA,2,12,24,100,286,5.7,15,6,20,30,0,3,0,11,75,22:18,4,2,NA,4,6.189328671
174,25,3,2016,4450,"Johnson, David",TE,PIT,t,phi,1,4500,Philadelphia Eagles,32,16,26.9,430,478,29.9,2153,4.5,134.6,10,84,100,20.9,15,5,3,28,16,26.9,430,394,633,62.2,39.6,4273,7.1,267.1,36,15,239,37.8,59,55,9,37,92.8,30,16,269,430,1148,401.6,5.6,22.8,99,231,43,6,9,67,123,1051,34:09:00,23,11,2016,NA,2.030677795
175,25,3,2016,4450,"Johnson, David",TE,PIT,t,phi,1,4500,Philadelphia Eagles,10,2,12,24,39,19.5,184,4.7,92,2,20,12,30.8,2,0,1,5,2,12,24,33,55,60,27.5,388,7.7,194,0,2,16,29.1,58,5,3,6,69.1,NA,2,12,24,100,286,5.7,15,6,20,30,0,3,0,11,75,22:18,4,2,NA,4,0.215697765
176,25,3,2016,5395,"Johnson, David",TE,PIT,t,phi,1,4500,Philadelphia Eagles,32,16,26.9,430,478,29.9,2153,4.5,134.6,10,84,100,20.9,15,5,3,28,16,26.9,430,394,633,62.2,39.6,4273,7.1,267.1,36,15,239,37.8,59,55,9,37,92.8,30,16,269,430,1148,401.6,5.6,22.8,99,231,43,6,9,67,123,1051,34:09:00,23,11,2016,NA,1.937761307
177,25,3,2016,5395,"Johnson, David",TE,PIT,t,phi,1,4500,Philadelphia Eagles,10,2,12,24,39,19.5,184,4.7,92,2,20,12,30.8,2,0,1,5,2,12,24,33,55,60,27.5,388,7.7,194,0,2,16,29.1,58,5,3,6,69.1,NA,2,12,24,100,286,5.7,15,6,20,30,0,3,0,11,75,22:18,4,2,NA,4,-0.109075546
178,25,3,2016,4604,"Grimble, Xavier",TE,PIT,t,phi,9.600000381,4500,Philadelphia Eagles,32,16,26.9,430,478,29.9,2153,4.5,134.6,10,84,100,20.9,15,5,3,28,16,26.9,430,394,633,62.2,39.6,4273,7.1,267.1,36,15,239,37.8,59,55,9,37,92.8,30,16,269,430,1148,401.6,5.6,22.8,99,231,43,6,9,67,123,1051,34:09:00,23,11,2016,NA,1.693409443
179,25,3,2016,4604,"Grimble, Xavier",TE,PIT,t,phi,9.600000381,4500,Philadelphia Eagles,10,2,12,24,39,19.5,184,4.7,92,2,20,12,30.8,2,0,1,5,2,12,24,33,55,60,27.5,388,7.7,194,0,2,16,29.1,58,5,3,6,69.1,NA,2,12,24,100,286,5.7,15,6,20,30,0,3,0,11,75,22:18,4,2,NA,4,1.580236912
180,25,3,2016,2996,"Cobb, David",RB,PIT,t,phi,2.985714231,4500,Philadelphia Eagles,32,16,26.9,430,478,29.9,2153,4.5,134.6,10,84,100,20.9,15,5,3,28,16,26.9,430,394,633,62.2,39.6,4273,7.1,267.1,36,15,239,37.8,59,55,9,37,92.8,30,16,269,430,1148,401.6,5.6,22.8,99,231,43,6,9,67,123,1051,34:09:00,23,11,2016,NA,1.255161762
181,25,3,2016,2996,"Cobb, David",RB,PIT,t,phi,2.985714231,4500,Philadelphia Eagles,10,2,12,24,39,19.5,184,4.7,92,2,20,12,30.8,2,0,1,5,2,12,24,33,55,60,27.5,388,7.7,194,0,2,16,29.1,58,5,3,6,69.1,NA,2,12,24,100,286,5.7,15,6,20,30,0,3,0,11,75,22:18,4,2,NA,4,1.822084904
182,25,3,2016,4371,"Spaeth, Matt",TE,PIT,t,phi,0.666666667,4500,Philadelphia Eagles,32,16,26.9,430,478,29.9,2153,4.5,134.6,10,84,100,20.9,15,5,3,28,16,26.9,430,394,633,62.2,39.6,4273,7.1,267.1,36,15,239,37.8,59,55,9,37,92.8,30,16,269,430,1148,401.6,5.6,22.8,99,231,43,6,9,67,123,1051,34:09:00,23,11,2016,NA,0.739758015
183,25,3,2016,4371,"Spaeth, Matt",TE,PIT,t,phi,0.666666667,4500,Philadelphia Eagles,10,2,12,24,39,19.5,184,4.7,92,2,20,12,30.8,2,0,1,5,2,12,24,33,55,60,27.5,388,7.7,194,0,2,16,29.1,58,5,3,6,69.1,NA,2,12,24,100,286,5.7,15,6,20,30,0,3,0,11,75,22:18,4,2,NA,4,-0.689475536
184,25,3,2016,5403,"Nix, Roosevelt",RB,PIT,t,phi,0.866666635,4500,Philadelphia Eagles,32,16,26.9,430,478,29.9,2153,4.5,134.6,10,84,100,20.9,15,5,3,28,16,26.9,430,394,633,62.2,39.6,4273,7.1,267.1,36,15,239,37.8,59,55,9,37,92.8,30,16,269,430,1148,401.6,5.6,22.8,99,231,43,6,9,67,123,1051,34:09:00,23,11,2016,NA,0.71933651
185,25,3,2016,5403,"Nix, Roosevelt",RB,PIT,t,phi,0.866666635,4500,Philadelphia Eagles,10,2,12,24,39,19.5,184,4.7,92,2,20,12,30.8,2,0,1,5,2,12,24,33,55,60,27.5,388,7.7,194,0,2,16,29.1,58,5,3,6,69.1,NA,2,12,24,100,286,5.7,15,6,20,30,0,3,0,11,75,22:18,4,2,NA,4,0.555355549
186,25,3,2016,2864,"Richardson, Daryl",RB,PIT,t,phi,0.600000024,4500,Philadelphia Eagles,32,16,26.9,430,478,29.9,2153,4.5,134.6,10,84,100,20.9,15,5,3,28,16,26.9,430,394,633,62.2,39.6,4273,7.1,267.1,36,15,239,37.8,59,55,9,37,92.8,30,16,269,430,1148,401.6,5.6,22.8,99,231,43,6,9,67,123,1051,34:09:00,23,11,2016,NA,0.50395298
187,25,3,2016,2864,"Richardson, Daryl",RB,PIT,t,phi,0.600000024,4500,Philadelphia Eagles,10,2,12,24,39,19.5,184,4.7,92,2,20,12,30.8,2,0,1,5,2,12,24,33,55,60,27.5,388,7.7,194,0,2,16,29.1,58,5,3,6,69.1,NA,2,12,24,100,286,5.7,15,6,20,30,0,3,0,11,75,22:18,4,2,NA,4,0.404947281
188,25,3,2016,3848,"Heyward-Bey, Darrius",WR,PIT,t,phi,1.200000048,4500,Philadelphia Eagles,32,16,26.9,430,478,29.9,2153,4.5,134.6,10,84,100,20.9,15,5,3,28,16,26.9,430,394,633,62.2,39.6,4273,7.1,267.1,36,15,239,37.8,59,55,9,37,92.8,30,16,269,430,1148,401.6,5.6,22.8,99,231,43,6,9,67,123,1051,34:09:00,23,11,2016,NA,0.200605869
189,25,3,2016,3848,"Heyward-Bey, Darrius",WR,PIT,t,phi,1.200000048,4500,Philadelphia Eagles,10,2,12,24,39,19.5,184,4.7,92,2,20,12,30.8,2,0,1,5,2,12,24,33,55,60,27.5,388,7.7,194,0,2,16,29.1,58,5,3,6,69.1,NA,2,12,24,100,286,5.7,15,6,20,30,0,3,0,11,75,22:18,4,2,NA,4,0.382443428
190,25,3,2016,4562,"Green, Ladarius",TE,PIT,t,phi,6.876923194,4500,Philadelphia Eagles,32,16,26.9,430,478,29.9,2153,4.5,134.6,10,84,100,20.9,15,5,3,28,16,26.9,430,394,633,62.2,39.6,4273,7.1,267.1,36,15,239,37.8,59,55,9,37,92.8,30,16,269,430,1148,401.6,5.6,22.8,99,231,43,6,9,67,123,1051,34:09:00,23,11,2016,NA,3.47337985
191,25,3,2016,4562,"Green, Ladarius",TE,PIT,t,phi,6.876923194,4500,Philadelphia Eagles,10,2,12,24,39,19.5,184,4.7,92,2,20,12,30.8,2,0,1,5,2,12,24,33,55,60,27.5,388,7.7,194,0,2,16,29.1,58,5,3,6,69.1,NA,2,12,24,100,286,5.7,15,6,20,30,0,3,0,11,75,22:18,4,2,NA,4,1.143608093
192,25,3,2016,4653,"James, Jesse",TE,PIT,t,phi,8,4500,Philadelphia Eagles,32,16,26.9,430,478,29.9,2153,4.5,134.6,10,84,100,20.9,15,5,3,28,16,26.9,430,394,633,62.2,39.6,4273,7.1,267.1,36,15,239,37.8,59,55,9,37,92.8,30,16,269,430,1148,401.6,5.6,22.8,99,231,43,6,9,67,123,1051,34:09:00,23,11,2016,NA,1.325175285
193,25,3,2016,4653,"James, Jesse",TE,PIT,t,phi,8,4500,Philadelphia Eagles,10,2,12,24,39,19.5,184,4.7,92,2,20,12,30.8,2,0,1,5,2,12,24,33,55,60,27.5,388,7.7,194,0,2,16,29.1,58,5,3,6,69.1,NA,2,12,24,100,286,5.7,15,6,20,30,0,3,0,11,75,22:18,4,2,NA,4,1.567392349
194,26,3,2016,5254,"Matthews, Jordan",WR,PHI,t,pit,15.5,6900,Pittsburgh Steelers,5,16,19.9,319,382,23.9,1459,3.8,91.2,6,44,71,18.6,6,1,12,30,16,19.9,319,402,625,64.3,39.1,4350,7.5,271.9,29,17,231,37,80T,52,12,48,90.9,21,16,199,319,1055,363.1,5.5,20.4,90,225,40,7,24,29,121,1149,30:54:00,27,13,2016,NA,21.19595528
195,26,3,2016,5254,"Matthews, Jordan",WR,PHI,t,pit,15.5,6900,Pittsburgh Steelers,2,2,16,32,30,15,101,3.4,50.5,1,12,4,13.3,0,0,0,31,2,16,32,61,97,62.9,48.5,695,7.2,347.5,1,2,31,32,33,10,0,1,79.2,NA,2,16,32,128,398,6.2,19.5,7,26,27,1,3,33,14,86,26:54:00,3,2,NA,22,18.05114555
196,26,3,2016,2754,"Mathews, Ryan",RB,PHI,t,pit,14.85000038,6600,Pittsburgh Steelers,5,16,19.9,319,382,23.9,1459,3.8,91.2,6,44,71,18.6,6,1,12,30,16,19.9,319,402,625,64.3,39.1,4350,7.5,271.9,29,17,231,37,80T,52,12,48,90.9,21,16,199,319,1055,363.1,5.5,20.4,90,225,40,7,24,29,121,1149,30:54:00,27,13,2016,NA,9.480942726
197,26,3,2016,2754,"Mathews, Ryan",RB,PHI,t,pit,14.85000038,6600,Pittsburgh Steelers,2,2,16,32,30,15,101,3.4,50.5,1,12,4,13.3,0,0,0,31,2,16,32,61,97,62.9,48.5,695,7.2,347.5,1,2,31,32,33,10,0,1,79.2,NA,2,16,32,128,398,6.2,19.5,7,26,27,1,3,33,14,86,26:54:00,3,2,NA,22,8.210969925
200,26,3,2016,5378,"Agholor, Nelson",WR,PHI,t,pit,9.949999809,5600,Pittsburgh Steelers,5,16,19.9,319,382,23.9,1459,3.8,91.2,6,44,71,18.6,6,1,12,30,16,19.9,319,402,625,64.3,39.1,4350,7.5,271.9,29,17,231,37,80T,52,12,48,90.9,21,16,199,319,1055,363.1,5.5,20.4,90,225,40,7,24,29,121,1149,30:54:00,27,13,2016,NA,2.971890926
201,26,3,2016,5378,"Agholor, Nelson",WR,PHI,t,pit,9.949999809,5600,Pittsburgh Steelers,2,2,16,32,30,15,101,3.4,50.5,1,12,4,13.3,0,0,0,31,2,16,32,61,97,62.9,48.5,695,7.2,347.5,1,2,31,32,33,10,0,1,79.2,NA,2,16,32,128,398,6.2,19.5,7,26,27,1,3,33,14,86,26:54:00,3,2,NA,22,-2.062325954
202,26,3,2016,2484,"Sproles, Darren",RB,PHI,t,pit,5.199999809,5200,Pittsburgh Steelers,5,16,19.9,319,382,23.9,1459,3.8,91.2,6,44,71,18.6,6,1,12,30,16,19.9,319,402,625,64.3,39.1,4350,7.5,271.9,29,17,231,37,80T,52,12,48,90.9,21,16,199,319,1055,363.1,5.5,20.4,90,225,40,7,24,29,121,1149,30:54:00,27,13,2016,NA,8.963626862
203,26,3,2016,2484,"Sproles, Darren",RB,PHI,t,pit,5.199999809,5200,Pittsburgh Steelers,2,2,16,32,30,15,101,3.4,50.5,1,12,4,13.3,0,0,0,31,2,16,32,61,97,62.9,48.5,695,7.2,347.5,1,2,31,32,33,10,0,1,79.2,NA,2,16,32,128,398,6.2,19.5,7,26,27,1,3,33,14,86,26:54:00,3,2,NA,22,7.239051819
204,26,3,2016,4363,"Celek, Brent",TE,PHI,t,pit,0.800000012,5200,Pittsburgh Steelers,5,16,19.9,319,382,23.9,1459,3.8,91.2,6,44,71,18.6,6,1,12,30,16,19.9,319,402,625,64.3,39.1,4350,7.5,271.9,29,17,231,37,80T,52,12,48,90.9,21,16,199,319,1055,363.1,5.5,20.4,90,225,40,7,24,29,121,1149,30:54:00,27,13,2016,NA,0.110930443
205,26,3,2016,4363,"Celek, Brent",TE,PHI,t,pit,0.800000012,5200,Pittsburgh Steelers,2,2,16,32,30,15,101,3.4,50.5,1,12,4,13.3,0,0,0,31,2,16,32,61,97,62.9,48.5,695,7.2,347.5,1,2,31,32,33,10,0,1,79.2,NA,2,16,32,128,398,6.2,19.5,7,26,27,1,3,33,14,86,26:54:00,3,2,NA,22,-3.940089703
206,26,3,2016,1334,"Daniel, Chase",QB,PHI,t,pit,-0.02,5000,Pittsburgh Steelers,5,16,19.9,319,382,23.9,1459,3.8,91.2,6,44,71,18.6,6,1,12,30,16,19.9,319,402,625,64.3,39.1,4350,7.5,271.9,29,17,231,37,80T,52,12,48,90.9,21,16,199,319,1055,363.1,5.5,20.4,90,225,40,7,24,29,121,1149,30:54:00,27,13,2016,NA,5.278531075
207,26,3,2016,1334,"Daniel, Chase",QB,PHI,t,pit,-0.02,5000,Pittsburgh Steelers,2,2,16,32,30,15,101,3.4,50.5,1,12,4,13.3,0,0,0,31,2,16,32,61,97,62.9,48.5,695,7.2,347.5,1,2,31,32,33,10,0,1,79.2,NA,2,16,32,128,398,6.2,19.5,7,26,27,1,3,33,14,86,26:54:00,3,2,NA,22,6.88851881
208,26,3,2016,5382,"Green-Beckham, Dorial",WR,PHI,t,pit,2.599999905,5000,Pittsburgh Steelers,5,16,19.9,319,382,23.9,1459,3.8,91.2,6,44,71,18.6,6,1,12,30,16,19.9,319,402,625,64.3,39.1,4350,7.5,271.9,29,17,231,37,80T,52,12,48,90.9,21,16,199,319,1055,363.1,5.5,20.4,90,225,40,7,24,29,121,1149,30:54:00,27,13,2016,NA,1.472328186
209,26,3,2016,5382,"Green-Beckham, Dorial",WR,PHI,t,pit,2.599999905,5000,Pittsburgh Steelers,2,2,16,32,30,15,101,3.4,50.5,1,12,4,13.3,0,0,0,31,2,16,32,61,97,62.9,48.5,695,7.2,347.5,1,2,31,32,33,10,0,1,79.2,NA,2,16,32,128,398,6.2,19.5,7,26,27,1,3,33,14,86,26:54:00,3,2,NA,22,3.484160423
210,26,3,2016,2887,"Barner, Kenjon",RB,PHI,t,pit,2.200000048,4800,Pittsburgh Steelers,5,16,19.9,319,382,23.9,1459,3.8,91.2,6,44,71,18.6,6,1,12,30,16,19.9,319,402,625,64.3,39.1,4350,7.5,271.9,29,17,231,37,80T,52,12,48,90.9,21,16,199,319,1055,363.1,5.5,20.4,90,225,40,7,24,29,121,1149,30:54:00,27,13,2016,NA,4.27444315
211,26,3,2016,2887,"Barner, Kenjon",RB,PHI,t,pit,2.200000048,4800,Pittsburgh Steelers,2,2,16,32,30,15,101,3.4,50.5,1,12,4,13.3,0,0,0,31,2,16,32,61,97,62.9,48.5,695,7.2,347.5,1,2,31,32,33,10,0,1,79.2,NA,2,16,32,128,398,6.2,19.5,7,26,27,1,3,33,14,86,26:54:00,3,2,NA,22,9.086961746
212,26,3,2016,6211,"Sturgis, Caleb",K,PHI,t,pit,11,4700,Pittsburgh Steelers,5,16,19.9,319,382,23.9,1459,3.8,91.2,6,44,71,18.6,6,1,12,30,16,19.9,319,402,625,64.3,39.1,4350,7.5,271.9,29,17,231,37,80T,52,12,48,90.9,21,16,199,319,1055,363.1,5.5,20.4,90,225,40,7,24,29,121,1149,30:54:00,27,13,2016,NA,5.590478897
213,26,3,2016,6211,"Sturgis, Caleb",K,PHI,t,pit,11,4700,Pittsburgh Steelers,2,2,16,32,30,15,101,3.4,50.5,1,12,4,13.3,0,0,0,31,2,16,32,61,97,62.9,48.5,695,7.2,347.5,1,2,31,32,33,10,0,1,79.2,NA,2,16,32,128,398,6.2,19.5,7,26,27,1,3,33,14,86,26:54:00,3,2,NA,22,3.495596647
214,26,3,2016,5261,"Huff, Josh",WR,PHI,t,pit,0.200000003,4600,Pittsburgh Steelers,5,16,19.9,319,382,23.9,1459,3.8,91.2,6,44,71,18.6,6,1,12,30,16,19.9,319,402,625,64.3,39.1,4350,7.5,271.9,29,17,231,37,80T,52,12,48,90.9,21,16,199,319,1055,363.1,5.5,20.4,90,225,40,7,24,29,121,1149,30:54:00,27,13,2016,NA,4.148960114
215,26,3,2016,5261,"Huff, Josh",WR,PHI,t,pit,0.200000003,4600,Pittsburgh Steelers,2,2,16,32,30,15,101,3.4,50.5,1,12,4,13.3,0,0,0,31,2,16,32,61,97,62.9,48.5,695,7.2,347.5,1,2,31,32,33,10,0,1,79.2,NA,2,16,32,128,398,6.2,19.5,7,26,27,1,3,33,14,86,26:54:00,3,2,NA,22,2.505012035
216,26,3,2016,5204,"Givens, Chris",WR,PHI,t,pit,3.792857034,4600,Pittsburgh Steelers,5,16,19.9,319,382,23.9,1459,3.8,91.2,6,44,71,18.6,6,1,12,30,16,19.9,319,402,625,64.3,39.1,4350,7.5,271.9,29,17,231,37,80T,52,12,48,90.9,21,16,199,319,1055,363.1,5.5,20.4,90,225,40,7,24,29,121,1149,30:54:00,27,13,2016,NA,0.620286465
217,26,3,2016,5204,"Givens, Chris",WR,PHI,t,pit,3.792857034,4600,Pittsburgh Steelers,2,2,16,32,30,15,101,3.4,50.5,1,12,4,13.3,0,0,0,31,2,16,32,61,97,62.9,48.5,695,7.2,347.5,1,2,31,32,33,10,0,1,79.2,NA,2,16,32,128,398,6.2,19.5,7,26,27,1,3,33,14,86,26:54:00,3,2,NA,22,-0.171591759
218,26,3,2016,4618,"Burton, Trey",TE,PHI,t,pit,13.39999962,4500,Pittsburgh Steelers,5,16,19.9,319,382,23.9,1459,3.8,91.2,6,44,71,18.6,6,1,12,30,16,19.9,319,402,625,64.3,39.1,4350,7.5,271.9,29,17,231,37,80T,52,12,48,90.9,21,16,199,319,1055,363.1,5.5,20.4,90,225,40,7,24,29,121,1149,30:54:00,27,13,2016,NA,-2.392168522
219,26,3,2016,4618,"Burton, Trey",TE,PHI,t,pit,13.39999962,4500,Pittsburgh Steelers,2,2,16,32,30,15,101,3.4,50.5,1,12,4,13.3,0,0,0,31,2,16,32,61,97,62.9,48.5,695,7.2,347.5,1,2,31,32,33,10,0,1,79.2,NA,2,16,32,128,398,6.2,19.5,7,26,27,1,3,33,14,86,26:54:00,3,2,NA,22,-1.468392372
220,29,3,2016,2933,"Hyde, Carlos",RB,SF,t,sea,13.5,6100,Seattle Seahawks,1,16,17.3,277,362,22.6,1304,3.6,81.5,10,48T,71,19.6,4,1,9,2,16,17.3,277,333,548,60.8,34.2,3364,6.6,210.2,14,14,175,31.9,69T,49,5,37,78.1,2,16,173,277,947,291.8,4.9,17.1,67,195,34,1,7,14,94,795,28:51:00,22,9,2016,NA,12.13276958
221,29,3,2016,2933,"Hyde, Carlos",RB,SF,t,sea,13.5,6100,Seattle Seahawks,3,2,9.5,19,45,22.5,128,2.8,64,1,11,6,13.3,0,0,1,4,2,9.5,19,34,59,57.6,29.5,369,7.2,184.5,0,0,17,28.8,50,6,2,8,80.1,NA,2,9.5,19,112,248.5,4.4,14,6,26,23,0,1,0,13,118,27:42:00,2,0,NA,1,5.044612408
222,29,3,2016,1381,"Gabbert, Blaine",QB,SF,t,sea,18.36000061,6000,Seattle Seahawks,1,16,17.3,277,362,22.6,1304,3.6,81.5,10,48T,71,19.6,4,1,9,2,16,17.3,277,333,548,60.8,34.2,3364,6.6,210.2,14,14,175,31.9,69T,49,5,37,78.1,2,16,173,277,947,291.8,4.9,17.1,67,195,34,1,7,14,94,795,28:51:00,22,9,2016,NA,16.73526382
223,29,3,2016,1381,"Gabbert, Blaine",QB,SF,t,sea,18.36000061,6000,Seattle Seahawks,3,2,9.5,19,45,22.5,128,2.8,64,1,11,6,13.3,0,0,1,4,2,9.5,19,34,59,57.6,29.5,369,7.2,184.5,0,0,17,28.8,50,6,2,8,80.1,NA,2,9.5,19,112,248.5,4.4,14,6,26,23,0,1,0,13,118,27:42:00,2,0,NA,1,12.60506058
224,29,3,2016,1404,"Kaepernick, Colin",QB,SF,t,sea,12.79999966,6000,Seattle Seahawks,1,16,17.3,277,362,22.6,1304,3.6,81.5,10,48T,71,19.6,4,1,9,2,16,17.3,277,333,548,60.8,34.2,3364,6.6,210.2,14,14,175,31.9,69T,49,5,37,78.1,2,16,173,277,947,291.8,4.9,17.1,67,195,34,1,7,14,94,795,28:51:00,22,9,2016,NA,8.105423927
225,29,3,2016,1404,"Kaepernick, Colin",QB,SF,t,sea,12.79999966,6000,Seattle Seahawks,3,2,9.5,19,45,22.5,128,2.8,64,1,11,6,13.3,0,0,1,4,2,9.5,19,34,59,57.6,29.5,369,7.2,184.5,0,0,17,28.8,50,6,2,8,80.1,NA,2,9.5,19,112,248.5,4.4,14,6,26,23,0,1,0,13,118,27:42:00,2,0,NA,1,3.267525196
226,29,3,2016,5113,"Smith, Torrey",WR,SF,t,sea,7.650000095,5500,Seattle Seahawks,1,16,17.3,277,362,22.6,1304,3.6,81.5,10,48T,71,19.6,4,1,9,2,16,17.3,277,333,548,60.8,34.2,3364,6.6,210.2,14,14,175,31.9,69T,49,5,37,78.1,2,16,173,277,947,291.8,4.9,17.1,67,195,34,1,7,14,94,795,28:51:00,22,9,2016,NA,0.772571564
227,29,3,2016,5113,"Smith, Torrey",WR,SF,t,sea,7.650000095,5500,Seattle Seahawks,3,2,9.5,19,45,22.5,128,2.8,64,1,11,6,13.3,0,0,1,4,2,9.5,19,34,59,57.6,29.5,369,7.2,184.5,0,0,17,28.8,50,6,2,8,80.1,NA,2,9.5,19,112,248.5,4.4,14,6,26,23,0,1,0,13,118,27:42:00,2,0,NA,1,4.156199455
228,29,3,2016,5111,"Kerley, Jeremy",WR,SF,t,sea,7,5000,Seattle Seahawks,1,16,17.3,277,362,22.6,1304,3.6,81.5,10,48T,71,19.6,4,1,9,2,16,17.3,277,333,548,60.8,34.2,3364,6.6,210.2,14,14,175,31.9,69T,49,5,37,78.1,2,16,173,277,947,291.8,4.9,17.1,67,195,34,1,7,14,94,795,28:51:00,22,9,2016,NA,10.20081425
229,29,3,2016,5111,"Kerley, Jeremy",WR,SF,t,sea,7,5000,Seattle Seahawks,3,2,9.5,19,45,22.5,128,2.8,64,1,11,6,13.3,0,0,1,4,2,9.5,19,34,59,57.6,29.5,369,7.2,184.5,0,0,17,28.8,50,6,2,8,80.1,NA,2,9.5,19,112,248.5,4.4,14,6,26,23,0,1,0,13,118,27:42:00,2,0,NA,1,5.404445648
230,29,3,2016,4572,"McDonald, Vance",TE,SF,t,sea,11.19999981,4900,Seattle Seahawks,1,16,17.3,277,362,22.6,1304,3.6,81.5,10,48T,71,19.6,4,1,9,2,16,17.3,277,333,548,60.8,34.2,3364,6.6,210.2,14,14,175,31.9,69T,49,5,37,78.1,2,16,173,277,947,291.8,4.9,17.1,67,195,34,1,7,14,94,795,28:51:00,22,9,2016,NA,9.100141525
231,29,3,2016,4572,"McDonald, Vance",TE,SF,t,sea,11.19999981,4900,Seattle Seahawks,3,2,9.5,19,45,22.5,128,2.8,64,1,11,6,13.3,0,0,1,4,2,9.5,19,34,59,57.6,29.5,369,7.2,184.5,0,0,17,28.8,50,6,2,8,80.1,NA,2,9.5,19,112,248.5,4.4,14,6,26,23,0,1,0,13,118,27:42:00,2,0,NA,1,4.162466526
232,29,3,2016,2875,"Draughn, Shaun",RB,SF,t,sea,5.349999905,4900,Seattle Seahawks,1,16,17.3,277,362,22.6,1304,3.6,81.5,10,48T,71,19.6,4,1,9,2,16,17.3,277,333,548,60.8,34.2,3364,6.6,210.2,14,14,175,31.9,69T,49,5,37,78.1,2,16,173,277,947,291.8,4.9,17.1,67,195,34,1,7,14,94,795,28:51:00,22,9,2016,NA,9.97795105
233,29,3,2016,2875,"Draughn, Shaun",RB,SF,t,sea,5.349999905,4900,Seattle Seahawks,3,2,9.5,19,45,22.5,128,2.8,64,1,11,6,13.3,0,0,1,4,2,9.5,19,34,59,57.6,29.5,369,7.2,184.5,0,0,17,28.8,50,6,2,8,80.1,NA,2,9.5,19,112,248.5,4.4,14,6,26,23,0,1,0,13,118,27:42:00,2,0,NA,1,2.313320398
234,29,3,2016,5209,"Patton, Quinton",WR,SF,t,sea,6.25,4700,Seattle Seahawks,1,16,17.3,277,362,22.6,1304,3.6,81.5,10,48T,71,19.6,4,1,9,2,16,17.3,277,333,548,60.8,34.2,3364,6.6,210.2,14,14,175,31.9,69T,49,5,37,78.1,2,16,173,277,947,291.8,4.9,17.1,67,195,34,1,7,14,94,795,28:51:00,22,9,2016,NA,7.14530611
235,29,3,2016,5209,"Patton, Quinton",WR,SF,t,sea,6.25,4700,Seattle Seahawks,3,2,9.5,19,45,22.5,128,2.8,64,1,11,6,13.3,0,0,1,4,2,9.5,19,34,59,57.6,29.5,369,7.2,184.5,0,0,17,28.8,50,6,2,8,80.1,NA,2,9.5,19,112,248.5,4.4,14,6,26,23,0,1,0,13,118,27:42:00,2,0,NA,1,5.365329266
236,29,3,2016,2802,"Harris, DuJuan",RB,SF,t,sea,7.775000095,4600,Seattle Seahawks,1,16,17.3,277,362,22.6,1304,3.6,81.5,10,48T,71,19.6,4,1,9,2,16,17.3,277,333,548,60.8,34.2,3364,6.6,210.2,14,14,175,31.9,69T,49,5,37,78.1,2,16,173,277,947,291.8,4.9,17.1,67,195,34,1,7,14,94,795,28:51:00,22,9,2016,NA,5.879032135
237,29,3,2016,2802,"Harris, DuJuan",RB,SF,t,sea,7.775000095,4600,Seattle Seahawks,3,2,9.5,19,45,22.5,128,2.8,64,1,11,6,13.3,0,0,1,4,2,9.5,19,34,59,57.6,29.5,369,7.2,184.5,0,0,17,28.8,50,6,2,8,80.1,NA,2,9.5,19,112,248.5,4.4,14,6,26,23,0,1,0,13,118,27:42:00,2,0,NA,1,6.87736702
238,29,3,2016,6016,"Dawson, Phil",K,SF,t,sea,6.5,4600,Seattle Seahawks,1,16,17.3,277,362,22.6,1304,3.6,81.5,10,48T,71,19.6,4,1,9,2,16,17.3,277,333,548,60.8,34.2,3364,6.6,210.2,14,14,175,31.9,69T,49,5,37,78.1,2,16,173,277,947,291.8,4.9,17.1,67,195,34,1,7,14,94,795,28:51:00,22,9,2016,NA,5.240098953
239,29,3,2016,6016,"Dawson, Phil",K,SF,t,sea,6.5,4600,Seattle Seahawks,3,2,9.5,19,45,22.5,128,2.8,64,1,11,6,13.3,0,0,1,4,2,9.5,19,34,59,57.6,29.5,369,7.2,184.5,0,0,17,28.8,50,6,2,8,80.1,NA,2,9.5,19,112,248.5,4.4,14,6,26,23,0,1,0,13,118,27:42:00,2,0,NA,1,10.25534153
240,29,3,2016,5320,"Davis, Mike",RB,SF,t,sea,0.800000012,4500,Seattle Seahawks,1,16,17.3,277,362,22.6,1304,3.6,81.5,10,48T,71,19.6,4,1,9,2,16,17.3,277,333,548,60.8,34.2,3364,6.6,210.2,14,14,175,31.9,69T,49,5,37,78.1,2,16,173,277,947,291.8,4.9,17.1,67,195,34,1,7,14,94,795,28:51:00,22,9,2016,NA,1.093549252
241,29,3,2016,5320,"Davis, Mike",RB,SF,t,sea,0.800000012,4500,Seattle Seahawks,3,2,9.5,19,45,22.5,128,2.8,64,1,11,6,13.3,0,0,1,4,2,9.5,19,34,59,57.6,29.5,369,7.2,184.5,0,0,17,28.8,50,6,2,8,80.1,NA,2,9.5,19,112,248.5,4.4,14,6,26,23,0,1,0,13,118,27:42:00,2,0,NA,1,0.603638649
242,29,3,2016,5497,"Burbridge, Aaron",WR,SF,t,sea,0,4500,Seattle Seahawks,1,16,17.3,277,362,22.6,1304,3.6,81.5,10,48T,71,19.6,4,1,9,2,16,17.3,277,333,548,60.8,34.2,3364,6.6,210.2,14,14,175,31.9,69T,49,5,37,78.1,2,16,173,277,947,291.8,4.9,17.1,67,195,34,1,7,14,94,795,28:51:00,22,9,2016,NA,0.469209194
243,29,3,2016,5497,"Burbridge, Aaron",WR,SF,t,sea,0,4500,Seattle Seahawks,3,2,9.5,19,45,22.5,128,2.8,64,1,11,6,13.3,0,0,1,4,2,9.5,19,34,59,57.6,29.5,369,7.2,184.5,0,0,17,28.8,50,6,2,8,80.1,NA,2,9.5,19,112,248.5,4.4,14,6,26,23,0,1,0,13,118,27:42:00,2,0,NA,1,-1.646862507
244,29,3,2016,5169,"Streater, Rod",WR,SF,t,sea,1.799999952,4500,Seattle Seahawks,1,16,17.3,277,362,22.6,1304,3.6,81.5,10,48T,71,19.6,4,1,9,2,16,17.3,277,333,548,60.8,34.2,3364,6.6,210.2,14,14,175,31.9,69T,49,5,37,78.1,2,16,173,277,947,291.8,4.9,17.1,67,195,34,1,7,14,94,795,28:51:00,22,9,2016,NA,0.749639034
245,29,3,2016,5169,"Streater, Rod",WR,SF,t,sea,1.799999952,4500,Seattle Seahawks,3,2,9.5,19,45,22.5,128,2.8,64,1,11,6,13.3,0,0,1,4,2,9.5,19,34,59,57.6,29.5,369,7.2,184.5,0,0,17,28.8,50,6,2,8,80.1,NA,2,9.5,19,112,248.5,4.4,14,6,26,23,0,1,0,13,118,27:42:00,2,0,NA,1,0.417181492
246,29,3,2016,5426,"Gaskins, Kendall",RB,SF,t,sea,3.674999952,4500,Seattle Seahawks,1,16,17.3,277,362,22.6,1304,3.6,81.5,10,48T,71,19.6,4,1,9,2,16,17.3,277,333,548,60.8,34.2,3364,6.6,210.2,14,14,175,31.9,69T,49,5,37,78.1,2,16,173,277,947,291.8,4.9,17.1,67,195,34,1,7,14,94,795,28:51:00,22,9,2016,NA,0.453062534
247,29,3,2016,5426,"Gaskins, Kendall",RB,SF,t,sea,3.674999952,4500,Seattle Seahawks,3,2,9.5,19,45,22.5,128,2.8,64,1,11,6,13.3,0,0,1,4,2,9.5,19,34,59,57.6,29.5,369,7.2,184.5,0,0,17,28.8,50,6,2,8,80.1,NA,2,9.5,19,112,248.5,4.4,14,6,26,23,0,1,0,13,118,27:42:00,2,0,NA,1,0.176120281
248,29,3,2016,4666,"Bell, Blake",TE,SF,t,sea,1.100000024,4500,Seattle Seahawks,1,16,17.3,277,362,22.6,1304,3.6,81.5,10,48T,71,19.6,4,1,9,2,16,17.3,277,333,548,60.8,34.2,3364,6.6,210.2,14,14,175,31.9,69T,49,5,37,78.1,2,16,173,277,947,291.8,4.9,17.1,67,195,34,1,7,14,94,795,28:51:00,22,9,2016,NA,1.836605549
249,29,3,2016,4666,"Bell, Blake",TE,SF,t,sea,1.100000024,4500,Seattle Seahawks,3,2,9.5,19,45,22.5,128,2.8,64,1,11,6,13.3,0,0,1,4,2,9.5,19,34,59,57.6,29.5,369,7.2,184.5,0,0,17,28.8,50,6,2,8,80.1,NA,2,9.5,19,112,248.5,4.4,14,6,26,23,0,1,0,13,118,27:42:00,2,0,NA,1,-3.349832058
250,29,3,2016,2834,"Miller, Bruce",RB,SF,t,sea,2.589999962,4500,Seattle Seahawks,1,16,17.3,277,362,22.6,1304,3.6,81.5,10,48T,71,19.6,4,1,9,2,16,17.3,277,333,548,60.8,34.2,3364,6.6,210.2,14,14,175,31.9,69T,49,5,37,78.1,2,16,173,277,947,291.8,4.9,17.1,67,195,34,1,7,14,94,795,28:51:00,22,9,2016,NA,0.561963558
251,29,3,2016,2834,"Miller, Bruce",RB,SF,t,sea,2.589999962,4500,Seattle Seahawks,3,2,9.5,19,45,22.5,128,2.8,64,1,11,6,13.3,0,0,1,4,2,9.5,19,34,59,57.6,29.5,369,7.2,184.5,0,0,17,28.8,50,6,2,8,80.1,NA,2,9.5,19,112,248.5,4.4,14,6,26,23,0,1,0,13,118,27:42:00,2,0,NA,1,-0.626358509
252,29,3,2016,4564,"Celek, Garrett",TE,SF,t,sea,1.850000024,4500,Seattle Seahawks,1,16,17.3,277,362,22.6,1304,3.6,81.5,10,48T,71,19.6,4,1,9,2,16,17.3,277,333,548,60.8,34.2,3364,6.6,210.2,14,14,175,31.9,69T,49,5,37,78.1,2,16,173,277,947,291.8,4.9,17.1,67,195,34,1,7,14,94,795,28:51:00,22,9,2016,NA,5.174826145
253,29,3,2016,4564,"Celek, Garrett",TE,SF,t,sea,1.850000024,4500,Seattle Seahawks,3,2,9.5,19,45,22.5,128,2.8,64,1,11,6,13.3,0,0,1,4,2,9.5,19,34,59,57.6,29.5,369,7.2,184.5,0,0,17,28.8,50,6,2,8,80.1,NA,2,9.5,19,112,248.5,4.4,14,6,26,23,0,1,0,13,118,27:42:00,2,0,NA,1,-1.119405746
254,29,3,2016,5222,"Harper, Chris",WR,SF,t,sea,-0.299999992,4500,Seattle Seahawks,1,16,17.3,277,362,22.6,1304,3.6,81.5,10,48T,71,19.6,4,1,9,2,16,17.3,277,333,548,60.8,34.2,3364,6.6,210.2,14,14,175,31.9,69T,49,5,37,78.1,2,16,173,277,947,291.8,4.9,17.1,67,195,34,1,7,14,94,795,28:51:00,22,9,2016,NA,0.021724224
255,29,3,2016,5222,"Harper, Chris",WR,SF,t,sea,-0.299999992,4500,Seattle Seahawks,3,2,9.5,19,45,22.5,128,2.8,64,1,11,6,13.3,0,0,1,4,2,9.5,19,34,59,57.6,29.5,369,7.2,184.5,0,0,17,28.8,50,6,2,8,80.1,NA,2,9.5,19,112,248.5,4.4,14,6,26,23,0,1,0,13,118,27:42:00,2,0,NA,1,-1.039134979
