TeamID,Name,Week,Team.x,Opp,Score,Comp.x,Att,Yds,TD,Int.x,Sck.x,FUM,Rate.x,Oppt.x,Avg,Rec,FG.Made,FG.Att,XP.Made,XP.Att,Pts,Year,GID,Pos,Team.y,h.a,Oppt.y,FD.points,FD.salary,TeamID.y,Team,Rk.x,G.x,Pts.G.x,TotPts.x,Att.x,Att.G.x,Yds.x,Avg.x,Yds.G.x,TD.x,Lng.x,X1st.x,X1st..x,X20..x,X40..x,FUM.x,Rk.y,G.y,Pts.G.y,TotPts.y,Comp.y,Att.y,Pct,Att.G.y,Yds.y,Avg.y,Yds.G.y,TD.y,Int.y,X1st.y,X1st..y,Lng.y,X20..y,X40..y,Sck.y,Rate.y,Rk,G,Pts.G,TotPts,Scrm.Plys,Yds.G,Yds.P,X1st.G,X3rd.Md,X3rd.Att,X3rd.Pct,X4th.Md,X4th.Att,X4th.Pct,Pen,Pen.Yds,ToP.G,FUM.y,Lost,Scored Labels
1,"Carpenter, Dan",3,buf,vs ARI,W  33-18,0,0,0,0,0,0,0,0,ari,0,0,2,2,3,4,9,2016,6163,K,BUF,t,ne,6,4500,20,Arizona Cardinals,28,3,21,63,84,28,399,4.8,133,4,49,23,27.4,4,1,5,6,3,21,63,65,110,59.1,36.7,567,5.7,189,2,5,30,27.3,37T,7,0,9,62.2,9,3,21,63,203,322,4.8,18.7,19,42,45,0,1,0,22,183,30:19,7,3,9.72657585144043
1,"Gillislee, Mike",3,buf,vs ARI,W  33-18,0,3,20,0,0,0,0,0,ari,6.7,0,0,0,0,0,0,2016,2894,RB,BUF,t,ne,3.46666653951009,4900,20,Arizona Cardinals,28,3,21,63,84,28,399,4.8,133,4,49,23,27.4,4,1,5,6,3,21,63,65,110,59.1,36.7,567,5.7,189,2,5,30,27.3,37T,7,0,9,62.2,9,3,21,63,203,322,4.8,18.7,19,42,45,0,1,0,22,183,30:19,7,3,2.00738668441772
1,"Goodwin, Marquise",3,buf,vs ARI,W  33-18,0,0,6,0,0,0,0,0,ari,6,1,0,0,0,0,0,2016,5205,WR,BUF,t,ne,9.64999961853027,5300,20,Arizona Cardinals,28,3,21,63,84,28,399,4.8,133,4,49,23,27.4,4,1,5,6,3,21,63,65,110,59.1,36.7,567,5.7,189,2,5,30,27.3,37T,7,0,9,62.2,9,3,21,63,203,322,4.8,18.7,19,42,45,0,1,0,22,183,30:19,7,3,1.114253282547
1,"McCoy, LeSean",3,buf,vs ARI,W  33-18,0,17,110,2,0,0,0,0,ari,6.5,0,0,0,0,0,0,2016,2707,RB,BUF,t,ne,17.033332824707,7600,20,Arizona Cardinals,28,3,21,63,84,28,399,4.8,133,4,49,23,27.4,4,1,5,6,3,21,63,65,110,59.1,36.7,567,5.7,189,2,5,30,27.3,37T,7,0,9,62.2,9,3,21,63,203,322,4.8,18.7,19,42,45,0,1,0,22,183,30:19,7,3,20.8226089477539
1,"McCoy, LeSean",3,buf,vs ARI,W  33-18,0,0,6,0,0,0,0,0,ari,2,3,0,0,0,0,0,2016,2707,RB,BUF,t,ne,17.033332824707,7600,20,Arizona Cardinals,28,3,21,63,84,28,399,4.8,133,4,49,23,27.4,4,1,5,6,3,21,63,65,110,59.1,36.7,567,5.7,189,2,5,30,27.3,37T,7,0,9,62.2,9,3,21,63,203,322,4.8,18.7,19,42,45,0,1,0,22,183,30:19,7,3,18.9526519775391
1,"O'Leary, Nick",3,buf,vs ARI,W  33-18,0,0,28,0,0,0,0,0,ari,28,1,0,0,0,0,0,2016,4661,TE,BUF,t,ne,1.64999997615814,4500,20,Arizona Cardinals,28,3,21,63,84,28,399,4.8,133,4,49,23,27.4,4,1,5,6,3,21,63,65,110,59.1,36.7,567,5.7,189,2,5,30,27.3,37T,7,0,9,62.2,9,3,21,63,203,322,4.8,18.7,19,42,45,0,1,0,22,183,30:19,7,3,2.66370868682861
1,"Taylor, Tyrod",3,buf,vs ARI,W  33-18,14,25,119,0,1,4,0,51.9,ari,0,0,0,0,0,0,0,2016,1400,QB,BUF,t,ne,16.0933329264323,7600,20,Arizona Cardinals,28,3,21,63,84,28,399,4.8,133,4,49,23,27.4,4,1,5,6,3,21,63,65,110,59.1,36.7,567,5.7,189,2,5,30,27.3,37T,7,0,9,62.2,9,3,21,63,203,322,4.8,18.7,19,42,45,0,1,0,22,183,30:19,7,3,12.1000204086304
1,"Taylor, Tyrod",3,buf,vs ARI,W  33-18,0,9,76,1,0,0,0,0,ari,8.4,0,0,0,0,0,0,2016,1400,QB,BUF,t,ne,16.0933329264323,7600,20,Arizona Cardinals,28,3,21,63,84,28,399,4.8,133,4,49,23,27.4,4,1,5,6,3,21,63,65,110,59.1,36.7,567,5.7,189,2,5,30,27.3,37T,7,0,9,62.2,9,3,21,63,203,322,4.8,18.7,19,42,45,0,1,0,22,183,30:19,7,3,18.3213596343994
1,"Woods, Robert",3,buf,vs ARI,W  33-18,0,0,51,0,0,0,0,0,ari,8.5,6,0,0,0,0,0,2016,5217,WR,BUF,t,ne,4.53333346048991,5400,20,Arizona Cardinals,28,3,21,63,84,28,399,4.8,133,4,49,23,27.4,4,1,5,6,3,21,63,65,110,59.1,36.7,567,5.7,189,2,5,30,27.3,37T,7,0,9,62.2,9,3,21,63,203,322,4.8,18.7,19,42,45,0,1,0,22,183,30:19,7,3,9.0758581161499
4,"Brown, Jaron",3,ari,@ BUF,L  18-33,0,0,49,0,0,0,0,0,buf,16.3,3,0,0,0,0,0,2016,5229,WR,ARI,t,la,7.83333333333333,4700,17,Buffalo Bills,14,3,22.7,68,86,28.7,294,3.4,98,5,22T,16,18.6,1,0,2,22,3,22.7,68,72,117,61.5,39,855,7.9,285,2,4,46,39.3,66T,13,1,10,77.5,23,3,22.7,68,213,383,5.4,23.7,19,43,44,0,2,0,21,135,35:22,6,3,5.253502368927
4,"Brown, John",3,ari,@ BUF,L  18-33,0,0,70,0,0,0,0,0,buf,11.7,6,0,0,0,0,0,2016,5264,WR,ARI,t,la,4.39999993642171,6200,17,Buffalo Bills,14,3,22.7,68,86,28.7,294,3.4,98,5,22T,16,18.6,1,0,2,22,3,22.7,68,72,117,61.5,39,855,7.9,285,2,4,46,39.3,66T,13,1,10,77.5,23,3,22.7,68,213,383,5.4,23.7,19,43,44,0,2,0,21,135,35:22,6,3,10.0297498703003
4,"Catanzaro, Chandler",3,ari,@ BUF,L  18-33,0,0,0,0,0,0,0,0,buf,0,0,1,1,1,1,4,2016,6229,K,ARI,t,la,6.66666666666667,4600,17,Buffalo Bills,14,3,22.7,68,86,28.7,294,3.4,98,5,22T,16,18.6,1,0,2,22,3,22.7,68,72,117,61.5,39,855,7.9,285,2,4,46,39.3,66T,13,1,10,77.5,23,3,22.7,68,213,383,5.4,23.7,19,43,44,0,2,0,21,135,35:22,6,3,3.56365633010864
4,"Fells, Darren",3,ari,@ BUF,L  18-33,0,0,15,0,0,0,0,0,buf,7.5,2,0,0,0,0,0,2016,4609,TE,ARI,t,la,3.79999995231628,4700,17,Buffalo Bills,14,3,22.7,68,86,28.7,294,3.4,98,5,22T,16,18.6,1,0,2,22,3,22.7,68,72,117,61.5,39,855,7.9,285,2,4,46,39.3,66T,13,1,10,77.5,23,3,22.7,68,213,383,5.4,23.7,19,43,44,0,2,0,21,135,35:22,6,3,1.04833602905273
4,"Fitzgerald, Larry",3,ari,@ BUF,L  18-33,0,0,60,0,0,0,0,0,buf,8.6,7,0,0,0,0,0,2016,3501,WR,ARI,t,la,16.7333335876465,7500,17,Buffalo Bills,14,3,22.7,68,86,28.7,294,3.4,98,5,22T,16,18.6,1,0,2,22,3,22.7,68,72,117,61.5,39,855,7.9,285,2,4,46,39.3,66T,13,1,10,77.5,23,3,22.7,68,213,383,5.4,23.7,19,43,44,0,2,0,21,135,35:22,6,3,8.91568470001221
4,"Floyd, Michael",3,ari,@ BUF,L  18-33,0,0,65,0,0,0,0,0,buf,16.2,4,0,0,0,0,0,2016,5148,WR,ARI,t,la,7.96666653951009,6500,17,Buffalo Bills,14,3,22.7,68,86,28.7,294,3.4,98,5,22T,16,18.6,1,0,2,22,3,22.7,68,72,117,61.5,39,855,7.9,285,2,4,46,39.3,66T,13,1,10,77.5,23,3,22.7,68,213,383,5.4,23.7,19,43,44,0,2,0,21,135,35:22,6,3,7.06277704238892
4,"Gresham, Jermaine",3,ari,@ BUF,L  18-33,0,0,0,0,0,0,0,0,buf,0,0,0,0,0,0,0,2016,4493,TE,ARI,t,la,2.03333330154419,4500,17,Buffalo Bills,14,3,22.7,68,86,28.7,294,3.4,98,5,22T,16,18.6,1,0,2,22,3,22.7,68,72,117,61.5,39,855,7.9,285,2,4,46,39.3,66T,13,1,10,77.5,23,3,22.7,68,213,383,5.4,23.7,19,43,44,0,2,0,21,135,35:22,6,3,-0.723500967025757
4,"Johnson, Chris",3,ari,@ BUF,L  18-33,0,2,5,0,0,0,0,0,buf,2.5,0,0,0,0,0,0,2016,2645,RB,ARI,t,la,4.03333346048991,4900,17,Buffalo Bills,14,3,22.7,68,86,28.7,294,3.4,98,5,22T,16,18.6,1,0,2,22,3,22.7,68,72,117,61.5,39,855,7.9,285,2,4,46,39.3,66T,13,1,10,77.5,23,3,22.7,68,213,383,5.4,23.7,19,43,44,0,2,0,21,135,35:22,6,3,0.300850600004196
4,"Johnson, David",3,ari,@ BUF,L  18-33,0,19,83,2,0,0,0,0,buf,4.4,0,0,0,0,0,0,2016,4450,RB,ARI,t,la,20.533332824707,8700,17,Buffalo Bills,14,3,22.7,68,86,28.7,294,3.4,98,5,22T,16,18.6,1,0,2,22,3,22.7,68,72,117,61.5,39,855,7.9,285,2,4,46,39.3,66T,13,1,10,77.5,23,3,22.7,68,213,383,5.4,23.7,19,43,44,0,2,0,21,135,35:22,6,3,19.6587200164795
4,"Johnson, David",3,ari,@ BUF,L  18-33,0,19,83,2,0,0,0,0,buf,4.4,0,0,0,0,0,0,2016,5395,RB,ARI,t,la,20.533332824707,8700,17,Buffalo Bills,14,3,22.7,68,86,28.7,294,3.4,98,5,22T,16,18.6,1,0,2,22,3,22.7,68,72,117,61.5,39,855,7.9,285,2,4,46,39.3,66T,13,1,10,77.5,23,3,22.7,68,213,383,5.4,23.7,19,43,44,0,2,0,21,135,35:22,6,3,20.2941055297852
4,"Johnson, David",3,ari,@ BUF,L  18-33,0,19,83,2,0,0,0,0,buf,4.4,0,0,0,0,0,0,2016,4450,TE,PIT,t,kc,1,4500,16,Buffalo Bills,14,3,22.7,68,86,28.7,294,3.4,98,5,22T,16,18.6,1,0,2,22,3,22.7,68,72,117,61.5,39,855,7.9,285,2,4,46,39.3,66T,13,1,10,77.5,23,3,22.7,68,213,383,5.4,23.7,19,43,44,0,2,0,21,135,35:22,6,3,1.93711888790131
4,"Johnson, David",3,ari,@ BUF,L  18-33,0,19,83,2,0,0,0,0,buf,4.4,0,0,0,0,0,0,2016,5395,TE,PIT,t,kc,1,4500,16,Buffalo Bills,14,3,22.7,68,86,28.7,294,3.4,98,5,22T,16,18.6,1,0,2,22,3,22.7,68,72,117,61.5,39,855,7.9,285,2,4,46,39.3,66T,13,1,10,77.5,23,3,22.7,68,213,383,5.4,23.7,19,43,44,0,2,0,21,135,35:22,6,3,2.89361023902893
4,"Johnson, David",3,ari,@ BUF,L  18-33,0,0,28,0,0,0,0,0,buf,9.3,3,0,0,0,0,0,2016,4450,RB,ARI,t,la,20.533332824707,8700,17,Buffalo Bills,14,3,22.7,68,86,28.7,294,3.4,98,5,22T,16,18.6,1,0,2,22,3,22.7,68,72,117,61.5,39,855,7.9,285,2,4,46,39.3,66T,13,1,10,77.5,23,3,22.7,68,213,383,5.4,23.7,19,43,44,0,2,0,21,135,35:22,6,3,13.7203712463379
4,"Johnson, David",3,ari,@ BUF,L  18-33,0,0,28,0,0,0,0,0,buf,9.3,3,0,0,0,0,0,2016,5395,RB,ARI,t,la,20.533332824707,8700,17,Buffalo Bills,14,3,22.7,68,86,28.7,294,3.4,98,5,22T,16,18.6,1,0,2,22,3,22.7,68,72,117,61.5,39,855,7.9,285,2,4,46,39.3,66T,13,1,10,77.5,23,3,22.7,68,213,383,5.4,23.7,19,43,44,0,2,0,21,135,35:22,6,3,13.9208736419678
4,"Johnson, David",3,ari,@ BUF,L  18-33,0,0,28,0,0,0,0,0,buf,9.3,3,0,0,0,0,0,2016,4450,TE,PIT,t,kc,1,4500,16,Buffalo Bills,14,3,22.7,68,86,28.7,294,3.4,98,5,22T,16,18.6,1,0,2,22,3,22.7,68,72,117,61.5,39,855,7.9,285,2,4,46,39.3,66T,13,1,10,77.5,23,3,22.7,68,213,383,5.4,23.7,19,43,44,0,2,0,21,135,35:22,6,3,1.43070209026337
4,"Johnson, David",3,ari,@ BUF,L  18-33,0,0,28,0,0,0,0,0,buf,9.3,3,0,0,0,0,0,2016,5395,TE,PIT,t,kc,1,4500,16,Buffalo Bills,14,3,22.7,68,86,28.7,294,3.4,98,5,22T,16,18.6,1,0,2,22,3,22.7,68,72,117,61.5,39,855,7.9,285,2,4,46,39.3,66T,13,1,10,77.5,23,3,22.7,68,213,383,5.4,23.7,19,43,44,0,2,0,21,135,35:22,6,3,2.16029119491577
4,"Palmer, Carson",3,ari,@ BUF,L  18-33,26,50,287,0,4,5,0,36,buf,0,0,0,0,0,0,0,2016,1207,QB,ARI,t,la,16.8600006103516,8000,17,Buffalo Bills,14,3,22.7,68,86,28.7,294,3.4,98,5,22T,16,18.6,1,0,2,22,3,22.7,68,72,117,61.5,39,855,7.9,285,2,4,46,39.3,66T,13,1,10,77.5,23,3,22.7,68,213,383,5.4,23.7,19,43,44,0,2,0,21,135,35:22,6,3,6.39420127868652
6,"Bailey, Dan",3,dal,vs CHI,W  31-17,0,0,0,0,0,0,0,0,chi,0,0,1,2,4,4,7,2016,6194,K,DAL,t,sf,11.3333333333333,4600,28,Chicago Bears,30,3,27.7,83,108,36,428,4,142.7,5,30,26,24.1,2,0,1,10,3,27.7,83,62,93,66.7,31,643,7.2,214.3,4,1,34,36.6,47,8,1,4,97.5,16,3,27.7,83,205,357,5.2,21,20,46,44,4,4,100,15,148,35:54,2,1,7.92340898513794
6,"Beasley, Cole",3,dal,vs CHI,W  31-17,0,0,73,0,0,0,0,0,chi,10.4,7,0,0,0,0,0,2016,5163,WR,DAL,t,sf,10.4333330790202,5200,28,Chicago Bears,30,3,27.7,83,108,36,428,4,142.7,5,30,26,24.1,2,0,1,10,3,27.7,83,62,93,66.7,31,643,7.2,214.3,4,1,34,36.6,47,8,1,4,97.5,16,3,27.7,83,205,357,5.2,21,20,46,44,4,4,100,15,148,35:54,2,1,12.1658163070679
6,"Butler, Brice",3,dal,vs CHI,W  31-17,0,0,0,0,0,0,0,0,chi,0,0,0,0,0,0,0,2016,5219,WR,DAL,t,sf,0.699999968210856,4500,28,Chicago Bears,30,3,27.7,83,108,36,428,4,142.7,5,30,26,24.1,2,0,1,10,3,27.7,83,62,93,66.7,31,643,7.2,214.3,4,1,34,36.6,47,8,1,4,97.5,16,3,27.7,83,205,357,5.2,21,20,46,44,4,4,100,15,148,35:54,2,1,-0.182480707764626
6,"Dunbar, Lance",3,dal,vs CHI,W  31-17,0,1,1,1,0,0,0,0,chi,1,0,0,0,0,0,0,2016,2880,RB,DAL,t,sf,4.13333320617676,4900,28,Chicago Bears,30,3,27.7,83,108,36,428,4,142.7,5,30,26,24.1,2,0,1,10,3,27.7,83,62,93,66.7,31,643,7.2,214.3,4,1,34,36.6,47,8,1,4,97.5,16,3,27.7,83,205,357,5.2,21,20,46,44,4,4,100,15,148,35:54,2,1,5.91817569732666
6,"Elliott, Ezekiel",3,dal,vs CHI,W  31-17,0,30,140,0,0,0,0,0,chi,4.7,0,0,0,0,0,0,2016,5444,RB,DAL,t,sf,14.1333338419596,8100,28,Chicago Bears,30,3,27.7,83,108,36,428,4,142.7,5,30,26,24.1,2,0,1,10,3,27.7,83,62,93,66.7,31,643,7.2,214.3,4,1,34,36.6,47,8,1,4,97.5,16,3,27.7,83,205,357,5.2,21,20,46,44,4,4,100,15,148,35:54,2,1,13.7930955886841
6,"Elliott, Ezekiel",3,dal,vs CHI,W  31-17,0,0,20,0,0,0,0,0,chi,10,2,0,0,0,0,0,2016,5444,RB,DAL,t,sf,14.1333338419596,8100,28,Chicago Bears,30,3,27.7,83,108,36,428,4,142.7,5,30,26,24.1,2,0,1,10,3,27.7,83,62,93,66.7,31,643,7.2,214.3,4,1,34,36.6,47,8,1,4,97.5,16,3,27.7,83,205,357,5.2,21,20,46,44,4,4,100,15,148,35:54,2,1,16.4005641937256
6,"Morris, Alfred",3,dal,vs CHI,W  31-17,0,5,19,1,0,0,0,0,chi,3.8,0,0,0,0,0,0,2016,2871,RB,DAL,t,sf,6.26666641235352,5200,28,Chicago Bears,30,3,27.7,83,108,36,428,4,142.7,5,30,26,24.1,2,0,1,10,3,27.7,83,62,93,66.7,31,643,7.2,214.3,4,1,34,36.6,47,8,1,4,97.5,16,3,27.7,83,205,357,5.2,21,20,46,44,4,4,100,15,148,35:54,2,1,7.8336238861084
6,"Morris, Alfred",3,dal,vs CHI,W  31-17,0,0,2,0,0,0,0,0,chi,2,1,0,0,0,0,0,2016,2871,RB,DAL,t,sf,6.26666641235352,5200,28,Chicago Bears,30,3,27.7,83,108,36,428,4,142.7,5,30,26,24.1,2,0,1,10,3,27.7,83,62,93,66.7,31,643,7.2,214.3,4,1,34,36.6,47,8,1,4,97.5,16,3,27.7,83,205,357,5.2,21,20,46,44,4,4,100,15,148,35:54,2,1,4.17592287063599
6,"Prescott, Dak",3,dal,vs CHI,W  31-17,19,24,248,1,0,0,0,123.6,chi,0,0,0,0,0,0,0,2016,1501,QB,DAL,t,sf,17.3600006103516,7200,28,Chicago Bears,30,3,27.7,83,108,36,428,4,142.7,5,30,26,24.1,2,0,1,10,3,27.7,83,62,93,66.7,31,643,7.2,214.3,4,1,34,36.6,47,8,1,4,97.5,16,3,27.7,83,205,357,5.2,21,20,46,44,4,4,100,15,148,35:54,2,1,23.1238346099854
6,"Prescott, Dak",3,dal,vs CHI,W  31-17,0,4,36,1,0,0,0,0,chi,9,0,0,0,0,0,0,2016,1501,QB,DAL,t,sf,17.3600006103516,7200,28,Chicago Bears,30,3,27.7,83,108,36,428,4,142.7,5,30,26,24.1,2,0,1,10,3,27.7,83,62,93,66.7,31,643,7.2,214.3,4,1,34,36.6,47,8,1,4,97.5,16,3,27.7,83,205,357,5.2,21,20,46,44,4,4,100,15,148,35:54,2,1,22.7361164093018
6,"Swaim, Geoff",3,dal,vs CHI,W  31-17,0,0,0,0,0,0,0,0,chi,0,0,0,0,0,0,0,2016,4668,TE,DAL,t,sf,2.16666666666667,4500,28,Chicago Bears,30,3,27.7,83,108,36,428,4,142.7,5,30,26,24.1,2,0,1,10,3,27.7,83,62,93,66.7,31,643,7.2,214.3,4,1,34,36.6,47,8,1,4,97.5,16,3,27.7,83,205,357,5.2,21,20,46,44,4,4,100,15,148,35:54,2,1,0.183796733617783
6,"Whitehead, Lucky",3,dal,vs CHI,W  31-17,0,1,3,0,0,0,0,0,chi,3,0,0,0,0,0,0,2016,5400,WR,DAL,t,sf,0.100000003973643,4500,28,Chicago Bears,30,3,27.7,83,108,36,428,4,142.7,5,30,26,24.1,2,0,1,10,3,27.7,83,62,93,66.7,31,643,7.2,214.3,4,1,34,36.6,47,8,1,4,97.5,16,3,27.7,83,205,357,5.2,21,20,46,44,4,4,100,15,148,35:54,2,1,0.803540587425232
6,"Williams, Terrance",3,dal,vs CHI,W  31-17,0,0,88,0,0,0,1,0,chi,22,4,0,0,0,0,0,2016,5216,WR,DAL,t,sf,6.84999990463257,4600,28,Chicago Bears,30,3,27.7,83,108,36,428,4,142.7,5,30,26,24.1,2,0,1,10,3,27.7,83,62,93,66.7,31,643,7.2,214.3,4,1,34,36.6,47,8,1,4,97.5,16,3,27.7,83,205,357,5.2,21,20,46,44,4,4,100,15,148,35:54,2,1,9.90942096710205
6,"Witten, Jason",3,dal,vs CHI,W  31-17,0,0,25,0,0,0,0,0,chi,12.5,2,0,0,0,0,0,2016,4262,TE,DAL,t,sf,7.06666692097982,6000,28,Chicago Bears,30,3,27.7,83,108,36,428,4,142.7,5,30,26,24.1,2,0,1,10,3,27.7,83,62,93,66.7,31,643,7.2,214.3,4,1,34,36.6,47,8,1,4,97.5,16,3,27.7,83,205,357,5.2,21,20,46,44,4,4,100,15,148,35:54,2,1,4.01376867294312
7,"Anderson, C.J.",3,den,@ CIN,W  29-17,0,14,37,0,0,0,0,0,cin,2.6,0,0,0,0,0,0,2016,2924,RB,DEN,t,tb,16.4333330790202,7900,30,Cincinnati Bengals,18,3,25,75,89,29.7,328,3.7,109.3,0,16,17,19.1,0,0,1,13,3,25,75,61,107,57,35.7,741,7.1,247,9,3,36,33.6,55T,10,4,4,95.5,15,3,25,75,200,356.3,5.3,20.7,17,41,42,0,1,0,17,190,31:54,3,1,5.10192108154297
7,"Anderson, C.J.",3,den,@ CIN,W  29-17,0,0,4,0,0,0,0,0,cin,4,1,0,0,0,0,0,2016,2924,RB,DEN,t,tb,16.4333330790202,7900,30,Cincinnati Bengals,18,3,25,75,89,29.7,328,3.7,109.3,0,16,17,19.1,0,0,1,13,3,25,75,61,107,57,35.7,741,7.1,247,9,3,36,33.6,55T,10,4,4,95.5,15,3,25,75,200,356.3,5.3,20.7,17,41,42,0,1,0,17,190,31:54,3,1,6.19135618209839
7,"Booker, Devontae",3,den,@ CIN,W  29-17,0,4,8,0,0,0,0,0,cin,2,0,0,0,0,0,0,2016,5468,RB,DEN,t,tb,2.46666669845581,5200,30,Cincinnati Bengals,18,3,25,75,89,29.7,328,3.7,109.3,0,16,17,19.1,0,0,1,13,3,25,75,61,107,57,35.7,741,7.1,247,9,3,36,33.6,55T,10,4,4,95.5,15,3,25,75,200,356.3,5.3,20.7,17,41,42,0,1,0,17,190,31:54,3,1,3.30649638175964
7,"Booker, Devontae",3,den,@ CIN,W  29-17,0,0,17,0,0,0,0,0,cin,17,1,0,0,0,0,0,2016,5468,RB,DEN,t,tb,2.46666669845581,5200,30,Cincinnati Bengals,18,3,25,75,89,29.7,328,3.7,109.3,0,16,17,19.1,0,0,1,13,3,25,75,61,107,57,35.7,741,7.1,247,9,3,36,33.6,55T,10,4,4,95.5,15,3,25,75,200,356.3,5.3,20.7,17,41,42,0,1,0,17,190,31:54,3,1,3.67598843574524
7,"Fowler, Bennie",3,den,@ CIN,W  29-17,0,0,13,0,0,0,0,0,cin,13,1,0,0,0,0,0,2016,5353,WR,DEN,t,tb,1.79999995231628,4500,30,Cincinnati Bengals,18,3,25,75,89,29.7,328,3.7,109.3,0,16,17,19.1,0,0,1,13,3,25,75,61,107,57,35.7,741,7.1,247,9,3,36,33.6,55T,10,4,4,95.5,15,3,25,75,200,356.3,5.3,20.7,17,41,42,0,1,0,17,190,31:54,3,1,1.69111788272858
7,"Janovich, Andy",3,den,@ CIN,W  29-17,0,1,2,0,0,0,0,0,cin,2,0,0,0,0,0,0,2016,5482,RB,DEN,t,tb,4.13333320617676,4500,30,Cincinnati Bengals,18,3,25,75,89,29.7,328,3.7,109.3,0,16,17,19.1,0,0,1,13,3,25,75,61,107,57,35.7,741,7.1,247,9,3,36,33.6,55T,10,4,4,95.5,15,3,25,75,200,356.3,5.3,20.7,17,41,42,0,1,0,17,190,31:54,3,1,1.22333538532257
7,"Janovich, Andy",3,den,@ CIN,W  29-17,0,0,13,0,0,0,0,0,cin,13,1,0,0,0,0,0,2016,5482,RB,DEN,t,tb,4.13333320617676,4500,30,Cincinnati Bengals,18,3,25,75,89,29.7,328,3.7,109.3,0,16,17,19.1,0,0,1,13,3,25,75,61,107,57,35.7,741,7.1,247,9,3,36,33.6,55T,10,4,4,95.5,15,3,25,75,200,356.3,5.3,20.7,17,41,42,0,1,0,17,190,31:54,3,1,2.1023473739624
7,"Latimer, Cody",3,den,@ CIN,W  29-17,0,0,10,0,0,0,0,0,cin,10,1,0,0,0,0,0,2016,5268,WR,DEN,t,tb,1.85000002384186,4500,30,Cincinnati Bengals,18,3,25,75,89,29.7,328,3.7,109.3,0,16,17,19.1,0,0,1,13,3,25,75,61,107,57,35.7,741,7.1,247,9,3,36,33.6,55T,10,4,4,95.5,15,3,25,75,200,356.3,5.3,20.7,17,41,42,0,1,0,17,190,31:54,3,1,1.42670428752899
7,"McManus, Brandon",3,den,@ CIN,W  29-17,0,0,0,0,0,0,0,0,cin,0,0,1,1,2,3,5,2016,6227,K,DEN,t,tb,7.66666666666667,4800,30,Cincinnati Bengals,18,3,25,75,89,29.7,328,3.7,109.3,0,16,17,19.1,0,0,1,13,3,25,75,61,107,57,35.7,741,7.1,247,9,3,36,33.6,55T,10,4,4,95.5,15,3,25,75,200,356.3,5.3,20.7,17,41,42,0,1,0,17,190,31:54,3,1,7.58054685592651
7,"Norwood, Jordan",3,den,@ CIN,W  29-17,0,1,0,0,0,0,0,0,cin,0,0,0,0,0,0,0,2016,3828,WR,DEN,t,tb,1.30000003178914,4600,30,Cincinnati Bengals,18,3,25,75,89,29.7,328,3.7,109.3,0,16,17,19.1,0,0,1,13,3,25,75,61,107,57,35.7,741,7.1,247,9,3,36,33.6,55T,10,4,4,95.5,15,3,25,75,200,356.3,5.3,20.7,17,41,42,0,1,0,17,190,31:54,3,1,-0.276004105806351
7,"Norwood, Jordan",3,den,@ CIN,W  29-17,0,0,0,0,0,0,0,0,cin,0,0,0,0,0,0,0,2016,3828,WR,DEN,t,tb,1.30000003178914,4600,30,Cincinnati Bengals,18,3,25,75,89,29.7,328,3.7,109.3,0,16,17,19.1,0,0,1,13,3,25,75,61,107,57,35.7,741,7.1,247,9,3,36,33.6,55T,10,4,4,95.5,15,3,25,75,200,356.3,5.3,20.7,17,41,42,0,1,0,17,190,31:54,3,1,-0.435839593410492
7,"Phillips, John",3,den,@ CIN,W  29-17,0,0,9,1,0,0,0,0,cin,4.5,2,0,0,0,0,0,2016,4433,TE,DEN,t,tb,7.90000009536743,4700,30,Cincinnati Bengals,18,3,25,75,89,29.7,328,3.7,109.3,0,16,17,19.1,0,0,1,13,3,25,75,61,107,57,35.7,741,7.1,247,9,3,36,33.6,55T,10,4,4,95.5,15,3,25,75,200,356.3,5.3,20.7,17,41,42,0,1,0,17,190,31:54,3,1,8.00836181640625
7,"Sanders, Emmanuel",3,den,@ CIN,W  29-17,0,0,117,2,0,0,0,0,cin,13,9,0,0,0,0,0,2016,3983,WR,DEN,t,tb,13.6666666666667,6900,30,Cincinnati Bengals,18,3,25,75,89,29.7,328,3.7,109.3,0,16,17,19.1,0,0,1,13,3,25,75,61,107,57,35.7,741,7.1,247,9,3,36,33.6,55T,10,4,4,95.5,15,3,25,75,200,356.3,5.3,20.7,17,41,42,0,1,0,17,190,31:54,3,1,22.5348339080811
7,"Siemian, Trevor",3,den,@ CIN,W  29-17,23,35,312,4,0,2,0,132.1,cin,0,0,0,0,0,0,0,2016,1488,QB,DEN,t,tb,17.4799995422363,7400,30,Cincinnati Bengals,18,3,25,75,89,29.7,328,3.7,109.3,0,16,17,19.1,0,0,1,13,3,25,75,61,107,57,35.7,741,7.1,247,9,3,36,33.6,55T,10,4,4,95.5,15,3,25,75,200,356.3,5.3,20.7,17,41,42,0,1,0,17,190,31:54,3,1,27.5564727783203
7,"Siemian, Trevor",3,den,@ CIN,W  29-17,0,3,5,0,0,0,0,0,cin,1.7,0,0,0,0,0,0,2016,1488,QB,DEN,t,tb,17.4799995422363,7400,30,Cincinnati Bengals,18,3,25,75,89,29.7,328,3.7,109.3,0,16,17,19.1,0,0,1,13,3,25,75,61,107,57,35.7,741,7.1,247,9,3,36,33.6,55T,10,4,4,95.5,15,3,25,75,200,356.3,5.3,20.7,17,41,42,0,1,0,17,190,31:54,3,1,25.9268455505371
7,"Thomas, Demaryius",3,den,@ CIN,W  29-17,0,0,100,1,0,0,1,0,cin,16.7,6,0,0,0,0,0,2016,3997,WR,DEN,t,tb,12.4333330790202,7900,30,Cincinnati Bengals,18,3,25,75,89,29.7,328,3.7,109.3,0,16,17,19.1,0,0,1,13,3,25,75,61,107,57,35.7,741,7.1,247,9,3,36,33.6,55T,10,4,4,95.5,15,3,25,75,200,356.3,5.3,20.7,17,41,42,0,1,0,17,190,31:54,3,1,16.9379138946533
9,"Barth, Connor",3,chi,@ DAL,L  17-31,0,0,0,0,0,0,0,0,dal,0,0,1,1,2,2,5,2016,6166,K,CHI,t,det,3,4500,11,Dallas Cowboys,12,3,20,60,55,18.3,273,5,91,1,36,13,23.6,2,0,1,23,3,20,60,77,123,62.6,41,865,7.2,288.3,6,2,47,38.2,57,12,2,5,93.8,22,3,20,60,183,379.3,6.2,21,12,32,38,1,2,50,18,136,25:02,5,2,5.00572776794434
9,"Hoyer, Brian",3,chi,@ DAL,L  17-31,30,49,317,2,0,0,1,93.7,dal,0,0,0,0,0,0,0,2016,1336,QB,CHI,t,det,11,6000,11,Dallas Cowboys,12,3,20,60,55,18.3,273,5,91,1,36,13,23.6,2,0,1,23,3,20,60,77,123,62.6,41,865,7.2,288.3,6,2,47,38.2,57,12,2,5,93.8,22,3,20,60,183,379.3,6.2,21,12,32,38,1,2,50,18,136,25:02,5,2,18.8627586364746
9,"Hoyer, Brian",3,chi,@ DAL,L  17-31,0,3,-3,0,0,0,1,0,dal,-1,0,0,0,0,0,0,2016,1336,QB,CHI,t,det,11,6000,11,Dallas Cowboys,12,3,20,60,55,18.3,273,5,91,1,36,13,23.6,2,0,1,23,3,20,60,77,123,62.6,41,865,7.2,288.3,6,2,47,38.2,57,12,2,5,93.8,22,3,20,60,183,379.3,6.2,21,12,32,38,1,2,50,18,136,25:02,5,2,17.3745594024658
9,"Meredith, Cameron",3,chi,@ DAL,L  17-31,0,0,24,0,0,0,1,0,dal,12,2,0,0,0,0,0,2016,5417,WR,CHI,t,det,1.39999997615814,4500,11,Dallas Cowboys,12,3,20,60,55,18.3,273,5,91,1,36,13,23.6,2,0,1,23,3,20,60,77,123,62.6,41,865,7.2,288.3,6,2,47,38.2,57,12,2,5,93.8,22,3,20,60,183,379.3,6.2,21,12,32,38,1,2,50,18,136,25:02,5,2,3.69733881950378
9,"Miller, Zach",3,chi,@ DAL,L  17-31,0,0,78,2,0,0,0,0,dal,9.8,8,0,0,0,0,0,2016,4461,TE,CHI,t,det,10.6666666666667,5000,11,Dallas Cowboys,12,3,20,60,55,18.3,273,5,91,1,36,13,23.6,2,0,1,23,3,20,60,77,123,62.6,41,865,7.2,288.3,6,2,47,38.2,57,12,2,5,93.8,22,3,20,60,183,379.3,6.2,21,12,32,38,1,2,50,18,136,25:02,5,2,21.4016933441162
9,"Royal, Eddie",3,chi,@ DAL,L  17-31,0,0,21,0,0,0,0,0,dal,7,3,0,0,0,0,0,2016,3748,WR,CHI,t,det,10.1666666666667,5500,11,Dallas Cowboys,12,3,20,60,55,18.3,273,5,91,1,36,13,23.6,2,0,1,23,3,20,60,77,123,62.6,41,865,7.2,288.3,6,2,47,38.2,57,12,2,5,93.8,22,3,20,60,183,379.3,6.2,21,12,32,38,1,2,50,18,136,25:02,5,2,3.85279393196106
9,"White, Kevin",3,chi,@ DAL,L  17-31,0,0,62,0,0,0,0,0,dal,10.3,6,0,0,0,0,0,2016,5377,WR,CHI,t,det,6.86666679382324,5500,11,Dallas Cowboys,12,3,20,60,55,18.3,273,5,91,1,36,13,23.6,2,0,1,23,3,20,60,77,123,62.6,41,865,7.2,288.3,6,2,47,38.2,57,12,2,5,93.8,22,3,20,60,183,379.3,6.2,21,12,32,38,1,2,50,18,136,25:02,5,2,8.90758323669434
12,"Boldin, Anquan",3,det,@ GB,L  27-34,0,0,22,1,0,0,0,0,gb,5.5,4,0,0,0,0,0,2016,3423,WR,DET,t,chi,9.33333333333333,6500,6,Green Bay Packers,1,3,22.3,67,71,23.7,128,1.8,42.7,1,12,10,14.1,0,0,0,28,3,22.3,67,74,111,66.7,37,922,8.9,307.3,6,2,42,37.8,73T,15,3,10,105.3,13,3,22.3,67,192,350,5.5,19,16,43,37,5,7,71,26,302,32:16,3,1,15.271258354187
12,"Prater, Matt",3,det,@ GB,L  27-34,0,0,0,0,0,0,0,0,gb,0,0,2,3,3,3,9,2016,6159,K,DET,t,chi,9.33333333333333,4700,6,Green Bay Packers,1,3,22.3,67,71,23.7,128,1.8,42.7,1,12,10,14.1,0,0,0,28,3,22.3,67,74,111,66.7,37,922,8.9,307.3,6,2,42,37.8,73T,15,3,10,105.3,13,3,22.3,67,192,350,5.5,19,16,43,37,5,7,71,26,302,32:16,3,1,11.1420955657959
12,"Riddick, Theo",3,det,@ GB,L  27-34,0,10,9,0,0,0,0,0,gb,0.9,0,0,0,0,0,0,2016,2907,RB,DET,t,chi,14.033332824707,6600,6,Green Bay Packers,1,3,22.3,67,71,23.7,128,1.8,42.7,1,12,10,14.1,0,0,0,28,3,22.3,67,74,111,66.7,37,922,8.9,307.3,6,2,42,37.8,73T,15,3,10,105.3,13,3,22.3,67,192,350,5.5,19,16,43,37,5,7,71,26,302,32:16,3,1,8.08980274200439
12,"Riddick, Theo",3,det,@ GB,L  27-34,0,0,39,0,0,0,0,0,gb,5.6,7,0,0,0,0,0,2016,2907,RB,DET,t,chi,14.033332824707,6600,6,Green Bay Packers,1,3,22.3,67,71,23.7,128,1.8,42.7,1,12,10,14.1,0,0,0,28,3,22.3,67,74,111,66.7,37,922,8.9,307.3,6,2,42,37.8,73T,15,3,10,105.3,13,3,22.3,67,192,350,5.5,19,16,43,37,5,7,71,26,302,32:16,3,1,19.297061920166
12,"Roberts, Andre",3,det,@ GB,L  27-34,0,0,0,0,0,0,0,0,gb,0,0,0,0,0,0,0,2016,3978,WR,DET,t,chi,0.433333317438761,4500,6,Green Bay Packers,1,3,22.3,67,71,23.7,128,1.8,42.7,1,12,10,14.1,0,0,0,28,3,22.3,67,74,111,66.7,37,922,8.9,307.3,6,2,42,37.8,73T,15,3,10,105.3,13,3,22.3,67,192,350,5.5,19,16,43,37,5,7,71,26,302,32:16,3,1,0.94633936882019
12,"Stafford, Matthew",3,det,@ GB,L  27-34,28,41,385,3,1,3,0,112.3,gb,0,0,0,0,0,0,0,2016,1340,QB,DET,t,chi,23.3666661580404,8300,6,Green Bay Packers,1,3,22.3,67,71,23.7,128,1.8,42.7,1,12,10,14.1,0,0,0,28,3,22.3,67,74,111,66.7,37,922,8.9,307.3,6,2,42,37.8,73T,15,3,10,105.3,13,3,22.3,67,192,350,5.5,19,16,43,37,5,7,71,26,302,32:16,3,1,27.2829971313477
12,"Stafford, Matthew",3,det,@ GB,L  27-34,0,2,11,0,0,0,0,0,gb,5.5,0,0,0,0,0,0,2016,1340,QB,DET,t,chi,23.3666661580404,8300,6,Green Bay Packers,1,3,22.3,67,71,23.7,128,1.8,42.7,1,12,10,14.1,0,0,0,28,3,22.3,67,74,111,66.7,37,922,8.9,307.3,6,2,42,37.8,73T,15,3,10,105.3,13,3,22.3,67,192,350,5.5,19,16,43,37,5,7,71,26,302,32:16,3,1,26.9538688659668
12,"Tate, Golden",3,det,@ GB,L  27-34,0,1,-8,0,0,0,0,0,gb,-8,0,0,0,0,0,0,2016,3995,WR,DET,t,chi,5.10000006357829,6200,6,Green Bay Packers,1,3,22.3,67,71,23.7,128,1.8,42.7,1,12,10,14.1,0,0,0,28,3,22.3,67,74,111,66.7,37,922,8.9,307.3,6,2,42,37.8,73T,15,3,10,105.3,13,3,22.3,67,192,350,5.5,19,16,43,37,5,7,71,26,302,32:16,3,1,15.4513072967529
12,"Tate, Golden",3,det,@ GB,L  27-34,0,0,40,0,0,0,0,0,gb,10,4,0,0,0,0,0,2016,3995,WR,DET,t,chi,5.10000006357829,6200,6,Green Bay Packers,1,3,22.3,67,71,23.7,128,1.8,42.7,1,12,10,14.1,0,0,0,28,3,22.3,67,74,111,66.7,37,922,8.9,307.3,6,2,42,37.8,73T,15,3,10,105.3,13,3,22.3,67,192,350,5.5,19,16,43,37,5,7,71,26,302,32:16,3,1,6.22337341308594
12,"Washington, Dwayne",3,det,@ GB,L  27-34,0,10,38,0,0,0,0,0,gb,3.8,0,0,0,0,0,0,2016,5483,RB,DET,t,chi,4.39999993642171,4500,6,Green Bay Packers,1,3,22.3,67,71,23.7,128,1.8,42.7,1,12,10,14.1,0,0,0,28,3,22.3,67,74,111,66.7,37,922,8.9,307.3,6,2,42,37.8,73T,15,3,10,105.3,13,3,22.3,67,192,350,5.5,19,16,43,37,5,7,71,26,302,32:16,3,1,5.52570247650146
12,"Washington, Dwayne",3,det,@ GB,L  27-34,0,0,-3,0,0,0,0,0,gb,-3,1,0,0,0,0,0,2016,5483,RB,DET,t,chi,4.39999993642171,4500,6,Green Bay Packers,1,3,22.3,67,71,23.7,128,1.8,42.7,1,12,10,14.1,0,0,0,28,3,22.3,67,74,111,66.7,37,922,8.9,307.3,6,2,42,37.8,73T,15,3,10,105.3,13,3,22.3,67,192,350,5.5,19,16,43,37,5,7,71,26,302,32:16,3,1,3.17822051048279
12,"Wick, Cole",3,det,@ GB,L  27-34,0,0,13,0,0,0,0,0,gb,13,1,0,0,0,0,0,2016,4678,TE,DET,t,chi,1.39999997615814,4500,6,Green Bay Packers,1,3,22.3,67,71,23.7,128,1.8,42.7,1,12,10,14.1,0,0,0,28,3,22.3,67,74,111,66.7,37,922,8.9,307.3,6,2,42,37.8,73T,15,3,10,105.3,13,3,22.3,67,192,350,5.5,19,16,43,37,5,7,71,26,302,32:16,3,1,2.82623863220215
13,"Amendola, Danny",3,ne,vs HOU,W  27-0,0,0,23,0,0,0,0,0,hou,11.5,2,0,0,0,0,0,2016,3851,WR,NE,t,buf,8.79999987284342,5400,4,Houston Texans,26,3,17.7,53,78,26,377,4.8,125.7,4,41T,14,17.9,5,1,3,1,3,17.7,53,47,85,55.3,28.3,454,5.9,151.3,1,1,24,28.2,54,5,1,10,71.9,5,3,17.7,53,173,277,4.8,14.3,11,41,27,0,2,0,16,122,26:07,6,3,4.6309175491333
13,"Bennett, Martellus",3,ne,vs HOU,W  27-0,0,1,6,0,0,0,0,0,hou,6,0,0,0,0,0,0,2016,4407,TE,NE,t,buf,8.46666653951009,6300,4,Houston Texans,26,3,17.7,53,78,26,377,4.8,125.7,4,41T,14,17.9,5,1,3,1,3,17.7,53,47,85,55.3,28.3,454,5.9,151.3,1,1,24,28.2,54,5,1,10,71.9,5,3,17.7,53,173,277,4.8,14.3,11,41,27,0,2,0,16,122,26:07,6,3,10.4026794433594
13,"Bennett, Martellus",3,ne,vs HOU,W  27-0,0,0,10,0,0,0,0,0,hou,5,2,0,0,0,0,0,2016,4407,TE,NE,t,buf,8.46666653951009,6300,4,Houston Texans,26,3,17.7,53,78,26,377,4.8,125.7,4,41T,14,17.9,5,1,3,1,3,17.7,53,47,85,55.3,28.3,454,5.9,151.3,1,1,24,28.2,54,5,1,10,71.9,5,3,17.7,53,173,277,4.8,14.3,11,41,27,0,2,0,16,122,26:07,6,3,1.4411358833313
13,"Blount, LeGarrette",3,ne,vs HOU,W  27-0,0,24,105,2,0,0,0,0,hou,4.4,0,0,0,0,0,0,2016,2721,RB,NE,t,buf,17.2666664123535,7500,4,Houston Texans,26,3,17.7,53,78,26,377,4.8,125.7,4,41T,14,17.9,5,1,3,1,3,17.7,53,47,85,55.3,28.3,454,5.9,151.3,1,1,24,28.2,54,5,1,10,71.9,5,3,17.7,53,173,277,4.8,14.3,11,41,27,0,2,0,16,122,26:07,6,3,21.7845020294189
13,"Edelman, Julian",3,ne,vs HOU,W  27-0,0,3,14,0,0,0,0,0,hou,4.7,0,0,0,0,0,0,2016,3826,WR,NE,t,buf,10,7200,4,Houston Texans,26,3,17.7,53,78,26,377,4.8,125.7,4,41T,14,17.9,5,1,3,1,3,17.7,53,47,85,55.3,28.3,454,5.9,151.3,1,1,24,28.2,54,5,1,10,71.9,5,3,17.7,53,173,277,4.8,14.3,11,41,27,0,2,0,16,122,26:07,6,3,8.5931224822998
13,"Edelman, Julian",3,ne,vs HOU,W  27-0,0,0,38,0,0,0,0,0,hou,9.5,4,0,0,0,0,0,2016,3826,WR,NE,t,buf,10,7200,4,Houston Texans,26,3,17.7,53,78,26,377,4.8,125.7,4,41T,14,17.9,5,1,3,1,3,17.7,53,47,85,55.3,28.3,454,5.9,151.3,1,1,24,28.2,54,5,1,10,71.9,5,3,17.7,53,173,277,4.8,14.3,11,41,27,0,2,0,16,122,26:07,6,3,6.23189496994019
13,"Gostkowski, Stephen",3,ne,vs HOU,W  27-0,0,0,0,0,0,0,0,0,hou,0,0,2,2,3,3,9,2016,6098,K,NE,t,buf,10,5200,4,Houston Texans,26,3,17.7,53,78,26,377,4.8,125.7,4,41T,14,17.9,5,1,3,1,3,17.7,53,47,85,55.3,28.3,454,5.9,151.3,1,1,24,28.2,54,5,1,10,71.9,5,3,17.7,53,173,277,4.8,14.3,11,41,27,0,2,0,16,122,26:07,6,3,9.64944076538086
13,"Hogan, Chris",3,ne,vs HOU,W  27-0,0,0,3,0,0,0,0,0,hou,3,1,0,0,0,0,0,2016,5167,WR,NE,t,buf,7.40000025431315,5200,4,Houston Texans,26,3,17.7,53,78,26,377,4.8,125.7,4,41T,14,17.9,5,1,3,1,3,17.7,53,47,85,55.3,28.3,454,5.9,151.3,1,1,24,28.2,54,5,1,10,71.9,5,3,17.7,53,173,277,4.8,14.3,11,41,27,0,2,0,16,122,26:07,6,3,1.59968519210815
13,"Mitchell, Malcolm",3,ne,vs HOU,W  27-0,0,0,27,0,0,0,0,0,hou,27,1,0,0,0,0,0,2016,5488,WR,NE,t,buf,3.16666666666667,4500,4,Houston Texans,26,3,17.7,53,78,26,377,4.8,125.7,4,41T,14,17.9,5,1,3,1,3,17.7,53,47,85,55.3,28.3,454,5.9,151.3,1,1,24,28.2,54,5,1,10,71.9,5,3,17.7,53,173,277,4.8,14.3,11,41,27,0,2,0,16,122,26:07,6,3,3.23156261444092
13,"White, James",3,ne,vs HOU,W  27-0,0,3,12,0,0,0,0,0,hou,4,0,0,0,0,0,0,2016,2954,RB,NE,t,buf,4.23333326975505,5300,4,Houston Texans,26,3,17.7,53,78,26,377,4.8,125.7,4,41T,14,17.9,5,1,3,1,3,17.7,53,47,85,55.3,28.3,454,5.9,151.3,1,1,24,28.2,54,5,1,10,71.9,5,3,17.7,53,173,277,4.8,14.3,11,41,27,0,2,0,16,122,26:07,6,3,2.56533360481262
13,"White, James",3,ne,vs HOU,W  27-0,0,0,2,0,0,0,0,0,hou,2,1,0,0,0,0,0,2016,2954,RB,NE,t,buf,4.23333326975505,5300,4,Houston Texans,26,3,17.7,53,78,26,377,4.8,125.7,4,41T,14,17.9,5,1,3,1,3,17.7,53,47,85,55.3,28.3,454,5.9,151.3,1,1,24,28.2,54,5,1,10,71.9,5,3,17.7,53,173,277,4.8,14.3,11,41,27,0,2,0,16,122,26:07,6,3,2.05616807937622
14,"Benjamin, Travis",3,sd,@ IND,L  22-26,0,0,82,0,0,0,1,0,ind,20.5,4,0,0,0,0,0,2016,5173,WR,SD,t,no,13.7666664123535,6600,21,Indianapolis Colts,13,3,31.7,95,72,24,287,4,95.7,4,21T,15,20.8,1,0,0,27,3,31.7,95,79,111,71.2,37,913,8.4,304.3,3,1,49,44.1,44,10,2,4,101.6,24,3,31.7,95,187,400,6.4,23,14,31,45,0,0,0,26,204,29:31,4,3,9.13689041137695
14,"Gordon, Melvin",3,sd,@ IND,L  22-26,0,16,35,1,0,0,0,0,ind,2.2,0,0,0,0,0,0,2016,2991,RB,SD,t,no,17.6666666666667,7600,21,Indianapolis Colts,13,3,31.7,95,72,24,287,4,95.7,4,21T,15,20.8,1,0,0,27,3,31.7,95,79,111,71.2,37,913,8.4,304.3,3,1,49,44.1,44,10,2,4,101.6,24,3,31.7,95,187,400,6.4,23,14,31,45,0,0,0,26,204,29:31,4,3,16.8703269958496
14,"Gordon, Melvin",3,sd,@ IND,L  22-26,0,0,43,0,0,0,0,0,ind,10.8,4,0,0,0,0,0,2016,2991,RB,SD,t,no,17.6666666666667,7600,21,Indianapolis Colts,13,3,31.7,95,72,24,287,4,95.7,4,21T,15,20.8,1,0,0,27,3,31.7,95,79,111,71.2,37,913,8.4,304.3,3,1,49,44.1,44,10,2,4,101.6,24,3,31.7,95,187,400,6.4,23,14,31,45,0,0,0,26,204,29:31,4,3,16.0199031829834
14,"Henry, Hunter",3,sd,@ IND,L  22-26,0,0,76,0,0,0,1,0,ind,15.2,5,0,0,0,0,0,2016,4675,TE,SD,t,no,5.09999990463257,4500,21,Indianapolis Colts,13,3,31.7,95,72,24,287,4,95.7,4,21T,15,20.8,1,0,0,27,3,31.7,95,79,111,71.2,37,913,8.4,304.3,3,1,49,44.1,44,10,2,4,101.6,24,3,31.7,95,187,400,6.4,23,14,31,45,0,0,0,26,204,29:31,4,3,8.07991981506348
14,"Inman, Dontrelle",3,sd,@ IND,L  22-26,0,0,32,0,0,0,0,0,ind,10.7,3,0,0,0,0,0,2016,5097,WR,SD,t,no,2.33333333333333,5700,21,Indianapolis Colts,13,3,31.7,95,72,24,287,4,95.7,4,21T,15,20.8,1,0,0,27,3,31.7,95,79,111,71.2,37,913,8.4,304.3,3,1,49,44.1,44,10,2,4,101.6,24,3,31.7,95,187,400,6.4,23,14,31,45,0,0,0,26,204,29:31,4,3,4.15855360031128
14,"Lambo, Josh",3,sd,@ IND,L  22-26,0,0,0,0,0,0,0,0,ind,0,0,3,3,1,2,10,2016,6233,K,SD,t,no,9.33333333333333,4500,21,Indianapolis Colts,13,3,31.7,95,72,24,287,4,95.7,4,21T,15,20.8,1,0,0,27,3,31.7,95,79,111,71.2,37,913,8.4,304.3,3,1,49,44.1,44,10,2,4,101.6,24,3,31.7,95,187,400,6.4,23,14,31,45,0,0,0,26,204,29:31,4,3,10.8992319107056
14,"McCluster, Dexter",3,sd,@ IND,L  22-26,0,0,9,0,0,0,0,0,ind,4.5,2,0,0,0,0,0,2016,3953,RB,SD,t,no,1.89999997615814,4500,21,Indianapolis Colts,13,3,31.7,95,72,24,287,4,95.7,4,21T,15,20.8,1,0,0,27,3,31.7,95,79,111,71.2,37,913,8.4,304.3,3,1,49,44.1,44,10,2,4,101.6,24,3,31.7,95,187,400,6.4,23,14,31,45,0,0,0,26,204,29:31,4,3,2.28082394599915
14,"McGrath, Sean",3,sd,@ IND,L  22-26,0,0,13,0,0,0,0,0,ind,13,1,0,0,0,0,0,2016,4588,TE,SD,t,no,1.79999995231628,4500,21,Indianapolis Colts,13,3,31.7,95,72,24,287,4,95.7,4,21T,15,20.8,1,0,0,27,3,31.7,95,79,111,71.2,37,913,8.4,304.3,3,1,49,44.1,44,10,2,4,101.6,24,3,31.7,95,187,400,6.4,23,14,31,45,0,0,0,26,204,29:31,4,3,1.2605082988739
14,"Rivers, Philip",3,sd,@ IND,L  22-26,26,39,330,0,0,2,1,92.9,ind,0,0,0,0,0,0,0,2016,1231,QB,SD,t,no,16.5533332824707,8500,21,Indianapolis Colts,13,3,31.7,95,72,24,287,4,95.7,4,21T,15,20.8,1,0,0,27,3,31.7,95,79,111,71.2,37,913,8.4,304.3,3,1,49,44.1,44,10,2,4,101.6,24,3,31.7,95,187,400,6.4,23,14,31,45,0,0,0,26,204,29:31,4,3,10.6377534866333
14,"Rivers, Philip",3,sd,@ IND,L  22-26,0,1,2,0,0,0,1,0,ind,2,0,0,0,0,0,0,2016,1231,QB,SD,t,no,16.5533332824707,8500,21,Indianapolis Colts,13,3,31.7,95,72,24,287,4,95.7,4,21T,15,20.8,1,0,0,27,3,31.7,95,79,111,71.2,37,913,8.4,304.3,3,1,49,44.1,44,10,2,4,101.6,24,3,31.7,95,187,400,6.4,23,14,31,45,0,0,0,26,204,29:31,4,3,11.9687423706055
14,"Williams, Tyrell",3,sd,@ IND,L  22-26,0,0,69,0,0,0,0,0,ind,11.5,6,0,0,0,0,0,2016,5432,WR,SD,t,no,10.5333334604899,6400,21,Indianapolis Colts,13,3,31.7,95,72,24,287,4,95.7,4,21T,15,20.8,1,0,0,27,3,31.7,95,79,111,71.2,37,913,8.4,304.3,3,1,49,44.1,44,10,2,4,101.6,24,3,31.7,95,187,400,6.4,23,14,31,45,0,0,0,26,204,29:31,4,3,10.2731580734253
15,"Flacco, Joe",3,bal,@ JAX,W  19-17,29,40,214,0,2,2,0,64,jax,0,0,0,0,0,0,0,2016,1302,QB,BAL,t,oak,14.6533330281576,7700,24,Jacksonville Jaguars,20,3,28,84,82,27.3,329,4,109.7,3,28,19,23.2,3,0,0,7,3,28,84,66,99,66.7,33,605,6.4,201.7,6,2,31,31.3,45T,8,3,6,96.1,8,3,28,84,187,311.3,5,20.3,17,40,42,2,2,100,16,105,31:32,4,2,12.454475402832
15,"Flacco, Joe",3,bal,@ JAX,W  19-17,0,3,12,1,0,0,0,0,jax,4,0,0,0,0,0,0,2016,1302,QB,BAL,t,oak,14.6533330281576,7700,24,Jacksonville Jaguars,20,3,28,84,82,27.3,329,4,109.7,3,28,19,23.2,3,0,0,7,3,28,84,66,99,66.7,33,605,6.4,201.7,6,2,31,31.3,45T,8,3,6,96.1,8,3,28,84,187,311.3,5,20.3,17,40,42,2,2,100,16,105,31:32,4,2,14.2138233184814
15,"Forsett, Justin",3,bal,@ JAX,W  19-17,0,7,20,0,0,0,0,0,jax,2.9,0,0,0,0,0,0,2016,2642,RB,BAL,t,oak,6.29999987284342,5800,24,Jacksonville Jaguars,20,3,28,84,82,27.3,329,4,109.7,3,28,19,23.2,3,0,0,7,3,28,84,66,99,66.7,33,605,6.4,201.7,6,2,31,31.3,45T,8,3,6,96.1,8,3,28,84,187,311.3,5,20.3,17,40,42,2,2,100,16,105,31:32,4,2,4.83903074264526
15,"Forsett, Justin",3,bal,@ JAX,W  19-17,0,0,12,0,0,0,0,0,jax,2,6,0,0,0,0,0,2016,2642,RB,BAL,t,oak,6.29999987284342,5800,24,Jacksonville Jaguars,20,3,28,84,82,27.3,329,4,109.7,3,28,19,23.2,3,0,0,7,3,28,84,66,99,66.7,33,605,6.4,201.7,6,2,31,31.3,45T,8,3,6,96.1,8,3,28,84,187,311.3,5,20.3,17,40,42,2,2,100,16,105,31:32,4,2,6.09519290924072
15,"Juszczyk, Kyle",3,bal,@ JAX,W  19-17,0,0,2,0,0,0,0,0,jax,2,1,0,0,0,0,0,2016,2908,RB,BAL,t,oak,1.76666673024495,4500,24,Jacksonville Jaguars,20,3,28,84,82,27.3,329,4,109.7,3,28,19,23.2,3,0,0,7,3,28,84,66,99,66.7,33,605,6.4,201.7,6,2,31,31.3,45T,8,3,6,96.1,8,3,28,84,187,311.3,5,20.3,17,40,42,2,2,100,16,105,31:32,4,2,1.63734364509583
15,"Perriman, Breshad",3,bal,@ JAX,W  19-17,0,1,2,0,0,0,0,0,jax,2,0,0,0,0,0,0,2016,5379,WR,BAL,t,oak,3.86666679382324,5000,24,Jacksonville Jaguars,20,3,28,84,82,27.3,329,4,109.7,3,28,19,23.2,3,0,0,7,3,28,84,66,99,66.7,33,605,6.4,201.7,6,2,31,31.3,45T,8,3,6,96.1,8,3,28,84,187,311.3,5,20.3,17,40,42,2,2,100,16,105,31:32,4,2,2.95722508430481
15,"Perriman, Breshad",3,bal,@ JAX,W  19-17,0,0,22,0,0,0,0,0,jax,11,2,0,0,0,0,0,2016,5379,WR,BAL,t,oak,3.86666679382324,5000,24,Jacksonville Jaguars,20,3,28,84,82,27.3,329,4,109.7,3,28,19,23.2,3,0,0,7,3,28,84,66,99,66.7,33,605,6.4,201.7,6,2,31,31.3,45T,8,3,6,96.1,8,3,28,84,187,311.3,5,20.3,17,40,42,2,2,100,16,105,31:32,4,2,5.22110176086426
15,"Pitta, Dennis",3,bal,@ JAX,W  19-17,0,0,42,0,0,0,0,0,jax,7,6,0,0,0,0,0,2016,4516,TE,BAL,t,oak,9.09999974568685,5400,24,Jacksonville Jaguars,20,3,28,84,82,27.3,329,4,109.7,3,28,19,23.2,3,0,0,7,3,28,84,66,99,66.7,33,605,6.4,201.7,6,2,31,31.3,45T,8,3,6,96.1,8,3,28,84,187,311.3,5,20.3,17,40,42,2,2,100,16,105,31:32,4,2,6.7935585975647
15,"Tucker, Justin",3,bal,@ JAX,W  19-17,0,0,0,0,0,0,0,0,jax,0,0,4,4,1,1,13,2016,6206,K,BAL,t,oak,13.6666666666667,5100,24,Jacksonville Jaguars,20,3,28,84,82,27.3,329,4,109.7,3,28,19,23.2,3,0,0,7,3,28,84,66,99,66.7,33,605,6.4,201.7,6,2,31,31.3,45T,8,3,6,96.1,8,3,28,84,187,311.3,5,20.3,17,40,42,2,2,100,16,105,31:32,4,2,15.432861328125
15,"Wallace, Mike",3,bal,@ JAX,W  19-17,0,1,5,0,0,0,0,0,jax,5,0,0,0,0,0,0,2016,3809,WR,BAL,t,oak,13.7333335876465,6700,24,Jacksonville Jaguars,20,3,28,84,82,27.3,329,4,109.7,3,28,19,23.2,3,0,0,7,3,28,84,66,99,66.7,33,605,6.4,201.7,6,2,31,31.3,45T,8,3,6,96.1,8,3,28,84,187,311.3,5,20.3,17,40,42,2,2,100,16,105,31:32,4,2,7.25725317001343
15,"Wallace, Mike",3,bal,@ JAX,W  19-17,0,0,34,0,0,0,0,0,jax,11.3,3,0,0,0,0,0,2016,3809,WR,BAL,t,oak,13.7333335876465,6700,24,Jacksonville Jaguars,20,3,28,84,82,27.3,329,4,109.7,3,28,19,23.2,3,0,0,7,3,28,84,66,99,66.7,33,605,6.4,201.7,6,2,31,31.3,45T,8,3,6,96.1,8,3,28,84,187,311.3,5,20.3,17,40,42,2,2,100,16,105,31:32,4,2,5.88091897964478
15,"West, Terrance",3,bal,@ JAX,W  19-17,0,10,45,0,0,0,0,0,jax,4.5,0,0,0,0,0,0,2016,2929,RB,BAL,t,oak,5.59999974568685,4900,24,Jacksonville Jaguars,20,3,28,84,82,27.3,329,4,109.7,3,28,19,23.2,3,0,0,7,3,28,84,66,99,66.7,33,605,6.4,201.7,6,2,31,31.3,45T,8,3,6,96.1,8,3,28,84,187,311.3,5,20.3,17,40,42,2,2,100,16,105,31:32,4,2,5.08156871795654
15,"West, Terrance",3,bal,@ JAX,W  19-17,0,0,8,0,0,0,0,0,jax,8,1,0,0,0,0,0,2016,2929,RB,BAL,t,oak,5.59999974568685,4900,24,Jacksonville Jaguars,20,3,28,84,82,27.3,329,4,109.7,3,28,19,23.2,3,0,0,7,3,28,84,66,99,66.7,33,605,6.4,201.7,6,2,31,31.3,45T,8,3,6,96.1,8,3,28,84,187,311.3,5,20.3,17,40,42,2,2,100,16,105,31:32,4,2,1.83393776416779
16,"Enunwa, Quincy",3,nyj,@ KC,L  3-24,0,0,37,0,0,0,0,0,kc,9.2,4,0,0,0,0,0,2016,5420,WR,NYJ,t,sea,10.9333330790202,5600,29,Kansas City Chiefs,24,3,16.3,49,88,29.3,369,4.2,123,2,21,18,20.5,1,0,1,11,3,16.3,49,64,113,56.6,37.7,675,6.2,225,2,8,33,29.2,53,9,1,3,51.5,11,3,16.3,49,204,348,5.1,19,18,44,41,2,3,67,13,89,31:58,3,2,6.16819334030151
16,"Fitzpatrick, Ryan",3,nyj,@ KC,L  3-24,20,44,188,0,6,0,0,18.2,kc,0,0,0,0,0,0,0,2016,1242,QB,NYJ,t,sea,13.613333384196,6900,29,Kansas City Chiefs,24,3,16.3,49,88,29.3,369,4.2,123,2,21,18,20.5,1,0,1,11,3,16.3,49,64,113,56.6,37.7,675,6.2,225,2,8,33,29.2,53,9,1,3,51.5,11,3,16.3,49,204,348,5.1,19,18,44,41,2,3,67,13,89,31:58,3,2,4.50388813018799
16,"Fitzpatrick, Ryan",3,nyj,@ KC,L  3-24,0,3,22,0,0,0,0,0,kc,7.3,0,0,0,0,0,0,2016,1242,QB,NYJ,t,sea,13.613333384196,6900,29,Kansas City Chiefs,24,3,16.3,49,88,29.3,369,4.2,123,2,21,18,20.5,1,0,1,11,3,16.3,49,64,113,56.6,37.7,675,6.2,225,2,8,33,29.2,53,9,1,3,51.5,11,3,16.3,49,204,348,5.1,19,18,44,41,2,3,67,13,89,31:58,3,2,14.8635311126709
16,"Folk, Nick",3,nyj,@ KC,L  3-24,0,0,0,0,0,0,0,0,kc,0,0,1,1,0,0,3,2016,6120,K,NYJ,t,sea,9,4500,29,Kansas City Chiefs,24,3,16.3,49,88,29.3,369,4.2,123,2,21,18,20.5,1,0,1,11,3,16.3,49,64,113,56.6,37.7,675,6.2,225,2,8,33,29.2,53,9,1,3,51.5,11,3,16.3,49,204,348,5.1,19,18,44,41,2,3,67,13,89,31:58,3,2,2.67231440544128
16,"Forte, Matt",3,nyj,@ KC,L  3-24,0,15,65,0,0,0,0,0,kc,4.3,0,0,0,0,0,0,2016,2613,RB,NYJ,t,sea,18.4333330790202,6900,29,Kansas City Chiefs,24,3,16.3,49,88,29.3,369,4.2,123,2,21,18,20.5,1,0,1,11,3,16.3,49,64,113,56.6,37.7,675,6.2,225,2,8,33,29.2,53,9,1,3,51.5,11,3,16.3,49,204,348,5.1,19,18,44,41,2,3,67,13,89,31:58,3,2,8.68824481964111
16,"Forte, Matt",3,nyj,@ KC,L  3-24,0,0,-1,0,0,0,0,0,kc,-0.5,2,0,0,0,0,0,2016,2613,RB,NYJ,t,sea,18.4333330790202,6900,29,Kansas City Chiefs,24,3,16.3,49,88,29.3,369,4.2,123,2,21,18,20.5,1,0,1,11,3,16.3,49,64,113,56.6,37.7,675,6.2,225,2,8,33,29.2,53,9,1,3,51.5,11,3,16.3,49,204,348,5.1,19,18,44,41,2,3,67,13,89,31:58,3,2,10.8607378005981
16,"Marshall, Brandon",3,nyj,@ KC,L  3-24,0,0,27,0,0,0,0,0,kc,9,3,0,0,0,0,0,2016,3627,WR,NYJ,t,sea,7.33333333333333,7500,29,Kansas City Chiefs,24,3,16.3,49,88,29.3,369,4.2,123,2,21,18,20.5,1,0,1,11,3,16.3,49,64,113,56.6,37.7,675,6.2,225,2,8,33,29.2,53,9,1,3,51.5,11,3,16.3,49,204,348,5.1,19,18,44,41,2,3,67,13,89,31:58,3,2,4.15582370758057
16,"Powell, Bilal",3,nyj,@ KC,L  3-24,0,4,30,0,0,0,1,0,kc,7.5,0,0,0,0,0,0,2016,2819,RB,NYJ,t,sea,4.89999993642171,5000,29,Kansas City Chiefs,24,3,16.3,49,88,29.3,369,4.2,123,2,21,18,20.5,1,0,1,11,3,16.3,49,64,113,56.6,37.7,675,6.2,225,2,8,33,29.2,53,9,1,3,51.5,11,3,16.3,49,204,348,5.1,19,18,44,41,2,3,67,13,89,31:58,3,2,8.62602138519287
16,"Powell, Bilal",3,nyj,@ KC,L  3-24,0,0,41,0,0,0,1,0,kc,6.8,6,0,0,0,0,0,2016,2819,RB,NYJ,t,sea,4.89999993642171,5000,29,Kansas City Chiefs,24,3,16.3,49,88,29.3,369,4.2,123,2,21,18,20.5,1,0,1,11,3,16.3,49,64,113,56.6,37.7,675,6.2,225,2,8,33,29.2,53,9,1,3,51.5,11,3,16.3,49,204,348,5.1,19,18,44,41,2,3,67,13,89,31:58,3,2,14.4371891021729
17,"Aguayo, Roberto",3,tb,vs LA,L  32-37,0,0,0,0,0,0,0,0,la,0,0,0,1,2,3,2,2016,6238,K,TB,t,den,3.66666666666667,4500,10,Los Angeles Rams,16,3,21,63,88,29.3,300,3.4,100,4,23,21,23.9,1,0,0,17,3,21,63,80,128,62.5,42.7,798,6.5,266,4,1,41,32,53,7,1,4,88.3,18,3,21,63,220,366,5,25,20,46,44,3,4,75,21,204,31:56,7,3,2.0732057094574
17,"Brate, Cameron",3,tb,vs LA,L  32-37,0,0,46,2,0,0,0,0,la,9.2,5,0,0,0,0,0,2016,4648,TE,TB,t,den,8.90000025431315,5300,10,Los Angeles Rams,16,3,21,63,88,29.3,300,3.4,100,4,23,21,23.9,1,0,0,17,3,21,63,80,128,62.5,42.7,798,6.5,266,4,1,41,32,53,7,1,4,88.3,18,3,21,63,220,366,5,25,20,46,44,3,4,75,21,204,31:56,7,3,18.2210140228271
17,"Evans, Mike",3,tb,vs LA,L  32-37,0,0,132,1,0,0,0,0,la,13.2,10,0,0,0,0,0,2016,5253,WR,TB,t,den,19.533332824707,8000,10,Los Angeles Rams,16,3,21,63,88,29.3,300,3.4,100,4,23,21,23.9,1,0,0,17,3,21,63,80,128,62.5,42.7,798,6.5,266,4,1,41,32,53,7,1,4,88.3,18,3,21,63,220,366,5,25,20,46,44,3,4,75,21,204,31:56,7,3,24.5777797698975
17,"Humphries, Adam",3,tb,vs LA,L  32-37,0,0,100,0,0,0,0,0,la,11.1,9,0,0,0,0,0,2016,5412,WR,TB,t,den,9.93333307902018,5000,10,Los Angeles Rams,16,3,21,63,88,29.3,300,3.4,100,4,23,21,23.9,1,0,0,17,3,21,63,80,128,62.5,42.7,798,6.5,266,4,1,41,32,53,7,1,4,88.3,18,3,21,63,220,366,5,25,20,46,44,3,4,75,21,204,31:56,7,3,14.1704454421997
17,"Jackson, Vincent",3,tb,vs LA,L  32-37,0,0,37,0,0,0,0,0,la,12.3,3,0,0,0,0,0,2016,3550,WR,TB,t,den,4.79999987284342,5100,10,Los Angeles Rams,16,3,21,63,88,29.3,300,3.4,100,4,23,21,23.9,1,0,0,17,3,21,63,80,128,62.5,42.7,798,6.5,266,4,1,41,32,53,7,1,4,88.3,18,3,21,63,220,366,5,25,20,46,44,3,4,75,21,204,31:56,7,3,7.52064037322998
17,"Myers, Brandon",3,tb,vs LA,L  32-37,0,0,7,0,0,0,0,0,la,7,1,0,0,0,0,0,2016,4457,TE,TB,t,den,4.05000019073486,4500,10,Los Angeles Rams,16,3,21,63,88,29.3,300,3.4,100,4,23,21,23.9,1,0,0,17,3,21,63,80,128,62.5,42.7,798,6.5,266,4,1,41,32,53,7,1,4,88.3,18,3,21,63,220,366,5,25,20,46,44,3,4,75,21,204,31:56,7,3,1.72207927703857
17,"Rodgers, Jacquizz",3,tb,vs LA,L  32-37,0,5,15,0,0,0,0,0,la,3,0,0,0,0,0,0,2016,2818,RB,TB,t,den,2.84999990463257,5500,10,Los Angeles Rams,16,3,21,63,88,29.3,300,3.4,100,4,23,21,23.9,1,0,0,17,3,21,63,80,128,62.5,42.7,798,6.5,266,4,1,41,32,53,7,1,4,88.3,18,3,21,63,220,366,5,25,20,46,44,3,4,75,21,204,31:56,7,3,5.60908651351929
17,"Rodgers, Jacquizz",3,tb,vs LA,L  32-37,0,0,8,0,0,0,0,0,la,8,1,0,0,0,0,0,2016,2818,RB,TB,t,den,2.84999990463257,5500,10,Los Angeles Rams,16,3,21,63,88,29.3,300,3.4,100,4,23,21,23.9,1,0,0,17,3,21,63,80,128,62.5,42.7,798,6.5,266,4,1,41,32,53,7,1,4,88.3,18,3,21,63,220,366,5,25,20,46,44,3,4,75,21,204,31:56,7,3,1.88185656070709
17,"Sims, Charles",3,tb,vs LA,L  32-37,0,13,55,1,0,0,0,0,la,4.2,0,0,0,0,0,0,2016,2931,RB,TB,t,den,12.4333330790202,6500,10,Los Angeles Rams,16,3,21,63,88,29.3,300,3.4,100,4,23,21,23.9,1,0,0,17,3,21,63,80,128,62.5,42.7,798,6.5,266,4,1,41,32,53,7,1,4,88.3,18,3,21,63,220,366,5,25,20,46,44,3,4,75,21,204,31:56,7,3,20.1099853515625
17,"Sims, Charles",3,tb,vs LA,L  32-37,0,0,69,0,0,0,0,0,la,11.5,6,0,0,0,0,0,2016,2931,RB,TB,t,den,12.4333330790202,6500,10,Los Angeles Rams,16,3,21,63,88,29.3,300,3.4,100,4,23,21,23.9,1,0,0,17,3,21,63,80,128,62.5,42.7,798,6.5,266,4,1,41,32,53,7,1,4,88.3,18,3,21,63,220,366,5,25,20,46,44,3,4,75,21,204,31:56,7,3,20.9781932830811
17,"Winston, Jameis",3,tb,vs LA,L  32-37,36,58,405,3,1,2,1,93,la,0,0,0,0,0,0,0,2016,1465,QB,TB,t,den,20.5533332824707,7100,10,Los Angeles Rams,16,3,21,63,88,29.3,300,3.4,100,4,23,21,23.9,1,0,0,17,3,21,63,80,128,62.5,42.7,798,6.5,266,4,1,41,32,53,7,1,4,88.3,18,3,21,63,220,366,5,25,20,46,44,3,4,75,21,204,31:56,7,3,27.1078472137451
17,"Winston, Jameis",3,tb,vs LA,L  32-37,0,4,13,0,0,0,1,0,la,3.2,0,0,0,0,0,0,2016,1465,QB,TB,t,den,20.5533332824707,7100,10,Los Angeles Rams,16,3,21,63,88,29.3,300,3.4,100,4,23,21,23.9,1,0,0,17,3,21,63,80,128,62.5,42.7,798,6.5,266,4,1,41,32,53,7,1,4,88.3,18,3,21,63,220,366,5,25,20,46,44,3,4,75,21,204,31:56,7,3,23.5857372283936
18,"Barnidge, Gary",3,cle,@ MIA,L  24-30,0,0,66,0,0,0,0,0,mia,13.2,5,0,0,0,0,0,2016,4401,TE,CLE,t,was,5.59999974568685,5900,32,Miami Dolphins,31,3,22.3,67,102,34,442,4.3,147.3,2,26,23,22.5,2,0,3,18,3,22.3,67,75,116,64.7,38.7,803,7.4,267.7,4,1,41,35.3,40,12,1,9,94.8,28,3,22.3,67,227,415,5.5,23.7,16,45,36,2,3,67,28,225,36:11,7,3,9.92099094390869
18,"Crowell, Isaiah",3,cle,@ MIA,L  24-30,0,15,79,0,0,0,0,0,mia,5.3,0,0,0,0,0,0,2016,2969,RB,CLE,t,was,14.6666666666667,6600,32,Miami Dolphins,31,3,22.3,67,102,34,442,4.3,147.3,2,26,23,22.5,2,0,3,18,3,22.3,67,75,116,64.7,38.7,803,7.4,267.7,4,1,41,35.3,40,12,1,9,94.8,28,3,22.3,67,227,415,5.5,23.7,16,45,36,2,3,67,28,225,36:11,7,3,9.45129776000977
18,"Crowell, Isaiah",3,cle,@ MIA,L  24-30,0,0,0,0,0,0,0,0,mia,0,0,0,0,0,0,0,2016,2969,RB,CLE,t,was,14.6666666666667,6600,32,Miami Dolphins,31,3,22.3,67,102,34,442,4.3,147.3,2,26,23,22.5,2,0,3,18,3,22.3,67,75,116,64.7,38.7,803,7.4,267.7,4,1,41,35.3,40,12,1,9,94.8,28,3,22.3,67,227,415,5.5,23.7,16,45,36,2,3,67,28,225,36:11,7,3,9.51040363311768
18,"Hawkins, Andrew",3,cle,@ MIA,L  24-30,0,1,1,0,0,0,0,0,mia,1,0,0,0,0,0,0,2016,5140,WR,CLE,t,was,2.23333326975505,4500,32,Miami Dolphins,31,3,22.3,67,102,34,442,4.3,147.3,2,26,23,22.5,2,0,3,18,3,22.3,67,75,116,64.7,38.7,803,7.4,267.7,4,1,41,35.3,40,12,1,9,94.8,28,3,22.3,67,227,415,5.5,23.7,16,45,36,2,3,67,28,225,36:11,7,3,0.252191543579102
18,"Hawkins, Andrew",3,cle,@ MIA,L  24-30,0,0,14,0,0,0,0,0,mia,7,2,0,0,0,0,0,2016,5140,WR,CLE,t,was,2.23333326975505,4500,32,Miami Dolphins,31,3,22.3,67,102,34,442,4.3,147.3,2,26,23,22.5,2,0,3,18,3,22.3,67,75,116,64.7,38.7,803,7.4,267.7,4,1,41,35.3,40,12,1,9,94.8,28,3,22.3,67,227,415,5.5,23.7,16,45,36,2,3,67,28,225,36:11,7,3,2.28425669670105
18,"Higgins, Rashard",3,cle,@ MIA,L  24-30,0,0,0,0,0,0,0,0,mia,0,0,0,0,0,0,0,2016,5475,WR,CLE,t,was,0,4500,32,Miami Dolphins,31,3,22.3,67,102,34,442,4.3,147.3,2,26,23,22.5,2,0,3,18,3,22.3,67,75,116,64.7,38.7,803,7.4,267.7,4,1,41,35.3,40,12,1,9,94.8,28,3,22.3,67,227,415,5.5,23.7,16,45,36,2,3,67,28,225,36:11,7,3,-0.224944919347763
18,"Johnson, Malcolm",3,cle,@ MIA,L  24-30,0,0,3,0,0,0,0,0,mia,3,1,0,0,0,0,0,2016,4663,RB,CLE,t,was,1.35000002384186,4500,32,Miami Dolphins,31,3,22.3,67,102,34,442,4.3,147.3,2,26,23,22.5,2,0,3,18,3,22.3,67,75,116,64.7,38.7,803,7.4,267.7,4,1,41,35.3,40,12,1,9,94.8,28,3,22.3,67,227,415,5.5,23.7,16,45,36,2,3,67,28,225,36:11,7,3,0.369002819061279
18,"Louis, Ricardo",3,cle,@ MIA,L  24-30,0,0,40,0,0,0,0,0,mia,13.3,3,0,0,0,0,0,2016,5481,WR,CLE,t,was,2.75,4500,32,Miami Dolphins,31,3,22.3,67,102,34,442,4.3,147.3,2,26,23,22.5,2,0,3,18,3,22.3,67,75,116,64.7,38.7,803,7.4,267.7,4,1,41,35.3,40,12,1,9,94.8,28,3,22.3,67,227,415,5.5,23.7,16,45,36,2,3,67,28,225,36:11,7,3,4.23222541809082
18,"Parkey, Cody",3,cle,@ MIA,L  24-30,0,0,0,0,0,0,0,0,mia,0,0,3,6,1,1,10,2016,6230,K,CLE,t,was,12,4500,32,Miami Dolphins,31,3,22.3,67,102,34,442,4.3,147.3,2,26,23,22.5,2,0,3,18,3,22.3,67,75,116,64.7,38.7,803,7.4,267.7,4,1,41,35.3,40,12,1,9,94.8,28,3,22.3,67,227,415,5.5,23.7,16,45,36,2,3,67,28,225,36:11,7,3,11.338059425354
19,"Anderson, Derek",3,car,vs MIN,L  10-22,1,1,3,0,0,0,0,79.2,min,0,0,0,0,0,0,0,2016,1239,QB,CAR,t,atl,0.119999997317791,5000,2,Minnesota Vikings,7,3,13.3,40,73,24.3,252,3.5,84,2,13,13,17.8,0,0,3,9,3,13.3,40,67,113,59.3,37.7,633,6.6,211,3,5,36,31.9,39,8,0,15,69.5,6,3,13.3,40,201,295,4.4,19,20,43,46,0,3,0,18,147,31:40,6,4,0.0311258807778358
19,"Artis-Payne, Cameron",3,car,vs MIN,L  10-22,0,12,47,0,0,0,0,0,min,3.9,0,0,0,0,0,0,2016,2999,RB,CAR,t,atl,6.30000019073486,5700,2,Minnesota Vikings,7,3,13.3,40,73,24.3,252,3.5,84,2,13,13,17.8,0,0,3,9,3,13.3,40,67,113,59.3,37.7,633,6.6,211,3,5,36,31.9,39,8,0,15,69.5,6,3,13.3,40,201,295,4.4,19,20,43,46,0,3,0,18,147,31:40,6,4,6.46525621414185
19,"Artis-Payne, Cameron",3,car,vs MIN,L  10-22,0,0,11,0,0,0,0,0,min,11,1,0,0,0,0,0,2016,2999,RB,CAR,t,atl,6.30000019073486,5700,2,Minnesota Vikings,7,3,13.3,40,73,24.3,252,3.5,84,2,13,13,17.8,0,0,3,9,3,13.3,40,67,113,59.3,37.7,633,6.6,211,3,5,36,31.9,39,8,0,15,69.5,6,3,13.3,40,201,295,4.4,19,20,43,46,0,3,0,18,147,31:40,6,4,4.86128807067871
19,"Benjamin, Kelvin",3,car,vs MIN,L  10-22,0,0,0,0,0,0,0,0,min,0,0,0,0,0,0,0,2016,5257,WR,CAR,t,atl,14.8000005086263,7700,2,Minnesota Vikings,7,3,13.3,40,73,24.3,252,3.5,84,2,13,13,17.8,0,0,3,9,3,13.3,40,67,113,59.3,37.7,633,6.6,211,3,5,36,31.9,39,8,0,15,69.5,6,3,13.3,40,201,295,4.4,19,20,43,46,0,3,0,18,147,31:40,6,4,0.663106739521027
19,"Brown, Corey",3,car,vs MIN,L  10-22,0,0,57,0,0,0,0,0,min,14.2,4,0,0,0,0,0,2016,5362,WR,CAR,t,atl,4.10000006357829,4800,2,Minnesota Vikings,7,3,13.3,40,73,24.3,252,3.5,84,2,13,13,17.8,0,0,3,9,3,13.3,40,67,113,59.3,37.7,633,6.6,211,3,5,36,31.9,39,8,0,15,69.5,6,3,13.3,40,201,295,4.4,19,20,43,46,0,3,0,18,147,31:40,6,4,6.62021207809448
19,"Dickson, Ed",3,car,vs MIN,L  10-22,0,0,23,0,0,0,0,0,min,23,1,0,0,0,0,0,2016,4482,TE,CAR,t,atl,1.39999997615814,4500,2,Minnesota Vikings,7,3,13.3,40,73,24.3,252,3.5,84,2,13,13,17.8,0,0,3,9,3,13.3,40,67,113,59.3,37.7,633,6.6,211,3,5,36,31.9,39,8,0,15,69.5,6,3,13.3,40,201,295,4.4,19,20,43,46,0,3,0,18,147,31:40,6,4,2.71039080619812
19,"Funchess, Devin",3,car,vs MIN,L  10-22,0,0,0,0,0,0,0,0,min,0,0,0,0,0,0,0,2016,5381,WR,CAR,t,atl,3.43333339691162,5300,2,Minnesota Vikings,7,3,13.3,40,73,24.3,252,3.5,84,2,13,13,17.8,0,0,3,9,3,13.3,40,67,113,59.3,37.7,633,6.6,211,3,5,36,31.9,39,8,0,15,69.5,6,3,13.3,40,201,295,4.4,19,20,43,46,0,3,0,18,147,31:40,6,4,-0.461657077074051
19,"Gano, Graham",3,car,vs MIN,L  10-22,0,0,0,0,0,0,0,0,min,0,0,1,2,1,1,4,2016,6172,K,CAR,t,atl,10.6666666666667,4800,2,Minnesota Vikings,7,3,13.3,40,73,24.3,252,3.5,84,2,13,13,17.8,0,0,3,9,3,13.3,40,67,113,59.3,37.7,633,6.6,211,3,5,36,31.9,39,8,0,15,69.5,6,3,13.3,40,201,295,4.4,19,20,43,46,0,3,0,18,147,31:40,6,4,4.27080011367798
19,"Newton, Cam",3,car,vs MIN,L  10-22,21,35,262,0,3,8,0,47.6,min,0,0,0,0,0,0,0,2016,1378,QB,CAR,t,atl,23.0199991861979,9300,2,Minnesota Vikings,7,3,13.3,40,73,24.3,252,3.5,84,2,13,13,17.8,0,0,3,9,3,13.3,40,67,113,59.3,37.7,633,6.6,211,3,5,36,31.9,39,8,0,15,69.5,6,3,13.3,40,201,295,4.4,19,20,43,46,0,3,0,18,147,31:40,6,4,13.4920969009399
19,"Newton, Cam",3,car,vs MIN,L  10-22,0,7,26,1,0,0,0,0,min,3.7,0,0,0,0,0,0,2016,1378,QB,CAR,t,atl,23.0199991861979,9300,2,Minnesota Vikings,7,3,13.3,40,73,24.3,252,3.5,84,2,13,13,17.8,0,0,3,9,3,13.3,40,67,113,59.3,37.7,633,6.6,211,3,5,36,31.9,39,8,0,15,69.5,6,3,13.3,40,201,295,4.4,19,20,43,46,0,3,0,18,147,31:40,6,4,18.8879814147949
19,"Olsen, Greg",3,car,vs MIN,L  10-22,0,0,64,0,0,0,0,0,min,10.7,6,0,0,0,0,0,2016,4368,TE,CAR,t,atl,13.6333338419596,7900,2,Minnesota Vikings,7,3,13.3,40,73,24.3,252,3.5,84,2,13,13,17.8,0,0,3,9,3,13.3,40,67,113,59.3,37.7,633,6.6,211,3,5,36,31.9,39,8,0,15,69.5,6,3,13.3,40,201,295,4.4,19,20,43,46,0,3,0,18,147,31:40,6,4,10.1983022689819
19,"Tolbert, Mike",3,car,vs MIN,L  10-22,0,2,5,0,0,0,0,0,min,2.5,0,0,0,0,0,0,2016,2647,RB,CAR,t,atl,2.19999996821086,4900,2,Minnesota Vikings,7,3,13.3,40,73,24.3,252,3.5,84,2,13,13,17.8,0,0,3,9,3,13.3,40,67,113,59.3,37.7,633,6.6,211,3,5,36,31.9,39,8,0,15,69.5,6,3,13.3,40,201,295,4.4,19,20,43,46,0,3,0,18,147,31:40,6,4,3.19279932975769
19,"Tolbert, Mike",3,car,vs MIN,L  10-22,0,0,14,0,0,0,0,0,min,7,2,0,0,0,0,0,2016,2647,RB,CAR,t,atl,2.19999996821086,4900,2,Minnesota Vikings,7,3,13.3,40,73,24.3,252,3.5,84,2,13,13,17.8,0,0,3,9,3,13.3,40,67,113,59.3,37.7,633,6.6,211,3,5,36,31.9,39,8,0,15,69.5,6,3,13.3,40,201,295,4.4,19,20,43,46,0,3,0,18,147,31:40,6,4,2.99616622924805
19,"Whittaker, Fozzy",3,car,vs MIN,L  10-22,0,5,22,0,0,0,0,0,min,4.4,0,0,0,0,0,0,2016,2916,RB,CAR,t,atl,7.63333320617676,5800,2,Minnesota Vikings,7,3,13.3,40,73,24.3,252,3.5,84,2,13,13,17.8,0,0,3,9,3,13.3,40,67,113,59.3,37.7,633,6.6,211,3,5,36,31.9,39,8,0,15,69.5,6,3,13.3,40,201,295,4.4,19,20,43,46,0,3,0,18,147,31:40,6,4,7.90944957733154
19,"Whittaker, Fozzy",3,car,vs MIN,L  10-22,0,0,34,0,0,0,0,0,min,6.8,5,0,0,0,0,0,2016,2916,RB,CAR,t,atl,7.63333320617676,5800,2,Minnesota Vikings,7,3,13.3,40,73,24.3,252,3.5,84,2,13,13,17.8,0,0,3,9,3,13.3,40,67,113,59.3,37.7,633,6.6,211,3,5,36,31.9,39,8,0,15,69.5,6,3,13.3,40,201,295,4.4,19,20,43,46,0,3,0,18,147,31:40,6,4,12.0630378723145
20,"Blue, Alfred",3,hou,@ NE,L  0-27,0,2,12,0,0,0,0,0,ne,6,0,0,0,0,0,0,2016,2960,RB,HOU,t,ten,0.900000015894572,4700,31,New England Patriots,10,3,15,45,62,20.7,271,4.4,90.3,2,45,17,27.4,1,1,3,19,3,15,45,80,123,65,41,814,6.9,271.3,4,3,43,35,39,10,0,5,85.9,17,3,15,45,190,361.7,5.7,21,17,37,46,0,4,0,17,150,26:52,6,4,2.00134634971619
20,"Fiedorowicz, C.J.",3,hou,@ NE,L  0-27,0,0,0,0,0,0,0,0,ne,0,0,0,0,0,0,0,2016,4640,TE,HOU,t,ten,0.566666682561239,4500,31,New England Patriots,10,3,15,45,62,20.7,271,4.4,90.3,2,45,17,27.4,1,1,3,19,3,15,45,80,123,65,41,814,6.9,271.3,4,3,43,35,39,10,0,5,85.9,17,3,15,45,190,361.7,5.7,21,17,37,46,0,4,0,17,150,26:52,6,4,-0.448970943689346
20,"Fuller, Will",3,hou,@ NE,L  0-27,0,0,31,0,0,0,0,0,ne,10.3,3,0,0,0,0,0,2016,5454,WR,HOU,t,ten,12.0666669209798,6700,31,New England Patriots,10,3,15,45,62,20.7,271,4.4,90.3,2,45,17,27.4,1,1,3,19,3,15,45,80,123,65,41,814,6.9,271.3,4,3,43,35,39,10,0,5,85.9,17,3,15,45,190,361.7,5.7,21,17,37,46,0,4,0,17,150,26:52,6,4,5.75744915008545
20,"Griffin, Ryan",3,hou,@ NE,L  0-27,0,0,52,0,0,0,0,0,ne,6.5,8,0,0,0,0,0,2016,1450,QB,TB,t,den,0,5000,10,New England Patriots,10,3,15,45,62,20.7,271,4.4,90.3,2,45,17,27.4,1,1,3,19,3,15,45,80,123,65,41,814,6.9,271.3,4,3,43,35,39,10,0,5,85.9,17,3,15,45,190,361.7,5.7,21,17,37,46,0,4,0,17,150,26:52,6,4,9.82390022277832
20,"Griffin, Ryan",3,hou,@ NE,L  0-27,0,0,52,0,0,0,0,0,ne,6.5,8,0,0,0,0,0,2016,4592,QB,TB,t,den,0,5000,10,New England Patriots,10,3,15,45,62,20.7,271,4.4,90.3,2,45,17,27.4,1,1,3,19,3,15,45,80,123,65,41,814,6.9,271.3,4,3,43,35,39,10,0,5,85.9,17,3,15,45,190,361.7,5.7,21,17,37,46,0,4,0,17,150,26:52,6,4,9.23466014862061
20,"Griffin, Ryan",3,hou,@ NE,L  0-27,0,0,52,0,0,0,0,0,ne,6.5,8,0,0,0,0,0,2016,1450,TE,HOU,t,ten,4.29999987284342,4500,31,New England Patriots,10,3,15,45,62,20.7,271,4.4,90.3,2,45,17,27.4,1,1,3,19,3,15,45,80,123,65,41,814,6.9,271.3,4,3,43,35,39,10,0,5,85.9,17,3,15,45,190,361.7,5.7,21,17,37,46,0,4,0,17,150,26:52,6,4,7.4421558380127
20,"Griffin, Ryan",3,hou,@ NE,L  0-27,0,0,52,0,0,0,0,0,ne,6.5,8,0,0,0,0,0,2016,4592,TE,HOU,t,ten,4.29999987284342,4500,31,New England Patriots,10,3,15,45,62,20.7,271,4.4,90.3,2,45,17,27.4,1,1,3,19,3,15,45,80,123,65,41,814,6.9,271.3,4,3,43,35,39,10,0,5,85.9,17,3,15,45,190,361.7,5.7,21,17,37,46,0,4,0,17,150,26:52,6,4,9.20210742950439
20,"Hopkins, DeAndre",3,hou,@ NE,L  0-27,0,0,56,0,0,0,0,0,ne,14,4,0,0,0,0,0,2016,5206,WR,HOU,t,ten,14.0999997456868,8600,31,New England Patriots,10,3,15,45,62,20.7,271,4.4,90.3,2,45,17,27.4,1,1,3,19,3,15,45,80,123,65,41,814,6.9,271.3,4,3,43,35,39,10,0,5,85.9,17,3,15,45,190,361.7,5.7,21,17,37,46,0,4,0,17,150,26:52,6,4,11.9112491607666
20,"Miller, Lamar",3,hou,@ NE,L  0-27,0,21,80,0,0,0,0,0,ne,3.8,0,0,0,0,0,0,2016,2859,RB,HOU,t,ten,12.3666661580404,8200,31,New England Patriots,10,3,15,45,62,20.7,271,4.4,90.3,2,45,17,27.4,1,1,3,19,3,15,45,80,123,65,41,814,6.9,271.3,4,3,43,35,39,10,0,5,85.9,17,3,15,45,190,361.7,5.7,21,17,37,46,0,4,0,17,150,26:52,6,4,6.29256296157837
20,"Miller, Lamar",3,hou,@ NE,L  0-27,0,0,27,0,0,0,0,0,ne,6.8,4,0,0,0,0,0,2016,2859,RB,HOU,t,ten,12.3666661580404,8200,31,New England Patriots,10,3,15,45,62,20.7,271,4.4,90.3,2,45,17,27.4,1,1,3,19,3,15,45,80,123,65,41,814,6.9,271.3,4,3,43,35,39,10,0,5,85.9,17,3,15,45,190,361.7,5.7,21,17,37,46,0,4,0,17,150,26:52,6,4,10.7365617752075
20,"Osweiler, Brock",3,hou,@ NE,L  0-27,24,41,196,0,1,2,0,60.6,ne,0,0,0,0,0,0,0,2016,1414,QB,HOU,t,ten,12.7333335876465,7300,31,New England Patriots,10,3,15,45,62,20.7,271,4.4,90.3,2,45,17,27.4,1,1,3,19,3,15,45,80,123,65,41,814,6.9,271.3,4,3,43,35,39,10,0,5,85.9,17,3,15,45,190,361.7,5.7,21,17,37,46,0,4,0,17,150,26:52,6,4,7.59021902084351
20,"Osweiler, Brock",3,hou,@ NE,L  0-27,0,1,13,0,0,0,0,0,ne,13,0,0,0,0,0,0,2016,1414,QB,HOU,t,ten,12.7333335876465,7300,31,New England Patriots,10,3,15,45,62,20.7,271,4.4,90.3,2,45,17,27.4,1,1,3,19,3,15,45,80,123,65,41,814,6.9,271.3,4,3,43,35,39,10,0,5,85.9,17,3,15,45,190,361.7,5.7,21,17,37,46,0,4,0,17,150,26:52,6,4,10.6383428573608
20,"Strong, Jaelen",3,hou,@ NE,L  0-27,0,0,15,0,0,0,0,0,ne,15,1,0,0,0,0,0,2016,5383,WR,HOU,t,ten,1,4700,31,New England Patriots,10,3,15,45,62,20.7,271,4.4,90.3,2,45,17,27.4,1,1,3,19,3,15,45,80,123,65,41,814,6.9,271.3,4,3,43,35,39,10,0,5,85.9,17,3,15,45,190,361.7,5.7,21,17,37,46,0,4,0,17,150,26:52,6,4,2.13726019859314
22,"Cousins, Kirk",3,was,@ NYG,W  29-27,21,35,296,2,0,2,0,106.4,nyg,0,0,0,0,0,0,0,2016,1415,QB,WAS,t,cle,16.9533335367839,7600,8,New York Giants,5,3,20.3,61,73,24.3,232,3.2,77.3,1,13,16,21.9,0,0,1,15,3,20.3,61,76,125,60.8,41.7,787,6.5,262.3,3,0,41,32.8,55T,9,2,4,88,10,3,20.3,61,202,339.7,5,20,20,46,44,1,1,100,21,196,32:01,3,1,19.8183555603027
22,"Cousins, Kirk",3,was,@ NYG,W  29-27,0,3,-5,0,0,0,0,0,nyg,-1.7,0,0,0,0,0,0,2016,1415,QB,WAS,t,cle,16.9533335367839,7600,8,New York Giants,5,3,20.3,61,73,24.3,232,3.2,77.3,1,13,16,21.9,0,0,1,15,3,20.3,61,76,125,60.8,41.7,787,6.5,262.3,3,0,41,32.8,55T,9,2,4,88,10,3,20.3,61,202,339.7,5,20,20,46,44,1,1,100,21,196,32:01,3,1,15.3207178115845
22,"Crowder, Jamison",3,was,@ NYG,W  29-27,0,0,78,1,0,0,0,0,nyg,19.5,4,0,0,0,0,0,2016,5410,WR,WAS,t,cle,12.5,6000,8,New York Giants,5,3,20.3,61,73,24.3,232,3.2,77.3,1,13,16,21.9,0,0,1,15,3,20.3,61,76,125,60.8,41.7,787,6.5,262.3,3,0,41,32.8,55T,9,2,4,88,10,3,20.3,61,202,339.7,5,20,20,46,44,1,1,100,21,196,32:01,3,1,17.686222076416
22,"Garcon, Pierre",3,was,@ NYG,W  29-27,0,0,59,0,0,0,0,0,nyg,11.8,5,0,0,0,0,0,2016,3754,WR,WAS,t,cle,6.66666666666667,6000,8,New York Giants,5,3,20.3,61,73,24.3,232,3.2,77.3,1,13,16,21.9,0,0,1,15,3,20.3,61,76,125,60.8,41.7,787,6.5,262.3,3,0,41,32.8,55T,9,2,4,88,10,3,20.3,61,202,339.7,5,20,20,46,44,1,1,100,21,196,32:01,3,1,9.28995037078857
22,"Grant, Ryan",3,was,@ NYG,W  29-27,0,0,0,0,0,0,0,0,nyg,0,0,0,0,0,0,0,2016,2580,WR,WAS,t,cle,0.333333333333333,4600,8,New York Giants,5,3,20.3,61,73,24.3,232,3.2,77.3,1,13,16,21.9,0,0,1,15,3,20.3,61,76,125,60.8,41.7,787,6.5,262.3,3,0,41,32.8,55T,9,2,4,88,10,3,20.3,61,202,339.7,5,20,20,46,44,1,1,100,21,196,32:01,3,1,1.06802260875702
22,"Grant, Ryan",3,was,@ NYG,W  29-27,0,0,0,0,0,0,0,0,nyg,0,0,0,0,0,0,0,2016,5295,WR,WAS,t,cle,0.333333333333333,4600,8,New York Giants,5,3,20.3,61,73,24.3,232,3.2,77.3,1,13,16,21.9,0,0,1,15,3,20.3,61,76,125,60.8,41.7,787,6.5,262.3,3,0,41,32.8,55T,9,2,4,88,10,3,20.3,61,202,339.7,5,20,20,46,44,1,1,100,21,196,32:01,3,1,0.353668361902237
22,"Hopkins, Dustin",3,was,@ NYG,W  29-27,0,0,0,0,0,0,0,0,nyg,0,0,5,5,2,2,17,2016,6209,K,WAS,t,cle,13.6666666666667,4500,8,New York Giants,5,3,20.3,61,73,24.3,232,3.2,77.3,1,13,16,21.9,0,0,1,15,3,20.3,61,76,125,60.8,41.7,787,6.5,262.3,3,0,41,32.8,55T,9,2,4,88,10,3,20.3,61,202,339.7,5,20,20,46,44,1,1,100,21,196,32:01,3,1,16.7600860595703
22,"Jackson, DeSean",3,was,@ NYG,W  29-27,0,0,96,1,0,0,0,0,nyg,19.2,5,0,0,0,0,0,2016,3770,WR,WAS,t,cle,12.2666664123535,6900,8,New York Giants,5,3,20.3,61,73,24.3,232,3.2,77.3,1,13,16,21.9,0,0,1,15,3,20.3,61,76,125,60.8,41.7,787,6.5,262.3,3,0,41,32.8,55T,9,2,4,88,10,3,20.3,61,202,339.7,5,20,20,46,44,1,1,100,21,196,32:01,3,1,18.3878002166748
22,"Jones, Matt",3,was,@ NYG,W  29-27,0,17,65,0,0,0,0,0,nyg,3.8,0,0,0,0,0,0,2016,3552,RB,WAS,t,cle,8.56666692097982,6600,8,New York Giants,5,3,20.3,61,73,24.3,232,3.2,77.3,1,13,16,21.9,0,0,1,15,3,20.3,61,76,125,60.8,41.7,787,6.5,262.3,3,0,41,32.8,55T,9,2,4,88,10,3,20.3,61,202,339.7,5,20,20,46,44,1,1,100,21,196,32:01,3,1,8.65783309936523
22,"Jones, Matt",3,was,@ NYG,W  29-27,0,0,14,0,0,0,0,0,nyg,7,2,0,0,0,0,0,2016,3552,RB,WAS,t,cle,8.56666692097982,6600,8,New York Giants,5,3,20.3,61,73,24.3,232,3.2,77.3,1,13,16,21.9,0,0,1,15,3,20.3,61,76,125,60.8,41.7,787,6.5,262.3,3,0,41,32.8,55T,9,2,4,88,10,3,20.3,61,202,339.7,5,20,20,46,44,1,1,100,21,196,32:01,3,1,3.08055996894836
22,"Reed, Jordan",3,was,@ NYG,W  29-27,0,0,56,0,0,0,0,0,nyg,14,4,0,0,0,0,0,2016,4573,TE,WAS,t,cle,9,7500,8,New York Giants,5,3,20.3,61,73,24.3,232,3.2,77.3,1,13,16,21.9,0,0,1,15,3,20.3,61,76,125,60.8,41.7,787,6.5,262.3,3,0,41,32.8,55T,9,2,4,88,10,3,20.3,61,202,339.7,5,20,20,46,44,1,1,100,21,196,32:01,3,1,7.15473222732544
22,"Thompson, Chris",3,was,@ NYG,W  29-27,0,6,23,0,0,0,0,0,nyg,3.8,0,0,0,0,0,0,2016,2915,RB,WAS,t,cle,6.76666641235352,5200,8,New York Giants,5,3,20.3,61,73,24.3,232,3.2,77.3,1,13,16,21.9,0,0,1,15,3,20.3,61,76,125,60.8,41.7,787,6.5,262.3,3,0,41,32.8,55T,9,2,4,88,10,3,20.3,61,202,339.7,5,20,20,46,44,1,1,100,21,196,32:01,3,1,4.77492189407349
22,"Thompson, Chris",3,was,@ NYG,W  29-27,0,0,-7,0,0,0,0,0,nyg,-7,1,0,0,0,0,0,2016,2915,RB,WAS,t,cle,6.76666641235352,5200,8,New York Giants,5,3,20.3,61,73,24.3,232,3.2,77.3,1,13,16,21.9,0,0,1,15,3,20.3,61,76,125,60.8,41.7,787,6.5,262.3,3,0,41,32.8,55T,9,2,4,88,10,3,20.3,61,202,339.7,5,20,20,46,44,1,1,100,21,196,32:01,3,1,5.11333131790161
23,"Conley, Chris",3,kc,vs NYJ,W  24-3,0,0,44,0,0,0,0,0,nyj,14.7,3,0,0,0,0,0,2016,5385,WR,KC,t,pit,4.89999993642171,4800,26,New York Jets,3,3,26,78,65,21.7,215,3.3,71.7,1,24,15,23.1,1,0,2,21,3,26,78,67,94,71.3,31.3,852,9.7,284,5,2,34,36.2,84T,11,6,9,110.7,14,3,26,78,168,355.7,6.4,17.3,13,36,36,1,3,33,16,162,26:00,2,1,5.68544769287109
23,"Harris, Demetrius",3,kc,vs NYJ,W  24-3,0,0,14,0,0,0,0,0,nyj,7,2,0,0,0,0,0,2016,4642,TE,KC,t,pit,1.80000003178914,4500,26,New York Jets,3,3,26,78,65,21.7,215,3.3,71.7,1,24,15,23.1,1,0,2,21,3,26,78,67,94,71.3,31.3,852,9.7,284,5,2,34,36.2,84T,11,6,9,110.7,14,3,26,78,168,355.7,6.4,17.3,13,36,36,1,3,33,16,162,26:00,2,1,2.41287541389465
23,"Hill, Tyreek",3,kc,vs NYJ,W  24-3,0,1,-3,0,0,0,0,0,nyj,-3,0,0,0,0,0,0,2016,5485,RB,KC,t,pit,4.29999987284342,4500,26,New York Jets,3,3,26,78,65,21.7,215,3.3,71.7,1,24,15,23.1,1,0,2,21,3,26,78,67,94,71.3,31.3,852,9.7,284,5,2,34,36.2,84T,11,6,9,110.7,14,3,26,78,168,355.7,6.4,17.3,13,36,36,1,3,33,16,162,26:00,2,1,1.56379425525665
23,"Hill, Tyreek",3,kc,vs NYJ,W  24-3,0,0,26,0,0,0,0,0,nyj,8.7,3,0,0,0,0,0,2016,5485,RB,KC,t,pit,4.29999987284342,4500,26,New York Jets,3,3,26,78,65,21.7,215,3.3,71.7,1,24,15,23.1,1,0,2,21,3,26,78,67,94,71.3,31.3,852,9.7,284,5,2,34,36.2,84T,11,6,9,110.7,14,3,26,78,168,355.7,6.4,17.3,13,36,36,1,3,33,16,162,26:00,2,1,4.09316873550415
23,"Kelce, Travis",3,kc,vs NYJ,W  24-3,0,0,89,1,0,0,0,0,nyj,14.8,6,0,0,0,0,0,2016,4582,TE,KC,t,pit,11.4000002543132,6500,26,New York Jets,3,3,26,78,65,21.7,215,3.3,71.7,1,24,15,23.1,1,0,2,21,3,26,78,67,94,71.3,31.3,852,9.7,284,5,2,34,36.2,84T,11,6,9,110.7,14,3,26,78,168,355.7,6.4,17.3,13,36,36,1,3,33,16,162,26:00,2,1,22.4544506072998
23,"Maclin, Jeremy",3,kc,vs NYJ,W  24-3,0,0,35,0,0,0,0,0,nyj,8.8,4,0,0,0,0,0,2016,3830,WR,KC,t,pit,10,6900,26,New York Jets,3,3,26,78,65,21.7,215,3.3,71.7,1,24,15,23.1,1,0,2,21,3,26,78,67,94,71.3,31.3,852,9.7,284,5,2,34,36.2,84T,11,6,9,110.7,14,3,26,78,168,355.7,6.4,17.3,13,36,36,1,3,33,16,162,26:00,2,1,5.09180879592896
23,"Santos, Cairo",3,kc,vs NYJ,W  24-3,0,0,0,0,0,0,0,0,nyj,0,0,1,1,3,3,6,2016,6224,K,KC,t,pit,10.3333333333333,4900,26,New York Jets,3,3,26,78,65,21.7,215,3.3,71.7,1,24,15,23.1,1,0,2,21,3,26,78,67,94,71.3,31.3,852,9.7,284,5,2,34,36.2,84T,11,6,9,110.7,14,3,26,78,168,355.7,6.4,17.3,13,36,36,1,3,33,16,162,26:00,2,1,6.7536883354187
23,"Sherman, Anthony",3,kc,vs NYJ,W  24-3,0,0,3,0,0,0,0,0,nyj,3,1,0,0,0,0,0,2016,2822,RB,KC,t,pit,0.800000011920929,4500,26,New York Jets,3,3,26,78,65,21.7,215,3.3,71.7,1,24,15,23.1,1,0,2,21,3,26,78,67,94,71.3,31.3,852,9.7,284,5,2,34,36.2,84T,11,6,9,110.7,14,3,26,78,168,355.7,6.4,17.3,13,36,36,1,3,33,16,162,26:00,2,1,0.735812664031982
23,"Smith, Alex",3,kc,vs NYJ,W  24-3,25,33,237,1,0,2,0,105.2,nyj,0,0,0,0,0,0,0,2016,1254,QB,KC,t,pit,15.2800000508626,6900,26,New York Jets,3,3,26,78,65,21.7,215,3.3,71.7,1,24,15,23.1,1,0,2,21,3,26,78,67,94,71.3,31.3,852,9.7,284,5,2,34,36.2,84T,11,6,9,110.7,14,3,26,78,168,355.7,6.4,17.3,13,36,36,1,3,33,16,162,26:00,2,1,12.8601112365723
23,"Smith, Alex",3,kc,vs NYJ,W  24-3,0,3,-3,0,0,0,0,0,nyj,-1,0,0,0,0,0,0,2016,1254,QB,KC,t,pit,15.2800000508626,6900,26,New York Jets,3,3,26,78,65,21.7,215,3.3,71.7,1,24,15,23.1,1,0,2,21,3,26,78,67,94,71.3,31.3,852,9.7,284,5,2,34,36.2,84T,11,6,9,110.7,14,3,26,78,168,355.7,6.4,17.3,13,36,36,1,3,33,16,162,26:00,2,1,18.0264320373535
23,"Ware, Spencer",3,kc,vs NYJ,W  24-3,0,20,75,0,0,0,1,0,nyj,3.8,0,0,0,0,0,0,2016,2914,RB,KC,t,pit,15.2333335876465,6200,26,New York Jets,3,3,26,78,65,21.7,215,3.3,71.7,1,24,15,23.1,1,0,2,21,3,26,78,67,94,71.3,31.3,852,9.7,284,5,2,34,36.2,84T,11,6,9,110.7,14,3,26,78,168,355.7,6.4,17.3,13,36,36,1,3,33,16,162,26:00,2,1,7.33000516891479
23,"Ware, Spencer",3,kc,vs NYJ,W  24-3,0,0,8,0,0,0,1,0,nyj,8,1,0,0,0,0,0,2016,2914,RB,KC,t,pit,15.2333335876465,6200,26,New York Jets,3,3,26,78,65,21.7,215,3.3,71.7,1,24,15,23.1,1,0,2,21,3,26,78,67,94,71.3,31.3,852,9.7,284,5,2,34,36.2,84T,11,6,9,110.7,14,3,26,78,168,355.7,6.4,17.3,13,36,36,1,3,33,16,162,26:00,2,1,9.06296157836914
24,"Douglas, Harry",3,ten,vs OAK,L  10-17,0,0,20,0,0,0,0,0,oak,10,2,0,0,0,0,0,2016,3731,WR,TEN,t,hou,3.04999995231628,4500,13,Oakland Raiders,29,3,26.3,79,80,26.7,408,5.1,136,2,36,25,31.3,1,0,2,32,3,26.3,79,71,109,65.1,36.3,1020,9.5,340,7,3,43,39.4,98T,16,5,3,105.8,32,3,26.3,79,192,476,7.4,24.3,11,33,33,1,2,50,22,195,29:16,4,2,2.89667749404907
24,"Fowler, Jalston",3,ten,vs OAK,L  10-17,0,0,14,0,0,0,0,0,oak,14,1,0,0,0,0,0,2016,5413,RB,TEN,t,hou,1.89999997615814,4500,13,Oakland Raiders,29,3,26.3,79,80,26.7,408,5.1,136,2,36,25,31.3,1,0,2,32,3,26.3,79,71,109,65.1,36.3,1020,9.5,340,7,3,43,39.4,98T,16,5,3,105.8,32,3,26.3,79,192,476,7.4,24.3,11,33,33,1,2,50,22,195,29:16,4,2,4.12955617904663
24,"Henry, Derrick",3,ten,vs OAK,L  10-17,0,10,45,0,0,0,0,0,oak,4.5,0,0,0,0,0,0,2016,5445,RB,TEN,t,hou,5.10000006357829,5000,13,Oakland Raiders,29,3,26.3,79,80,26.7,408,5.1,136,2,36,25,31.3,1,0,2,32,3,26.3,79,71,109,65.1,36.3,1020,9.5,340,7,3,43,39.4,98T,16,5,3,105.8,32,3,26.3,79,192,476,7.4,24.3,11,33,33,1,2,50,22,195,29:16,4,2,4.26429224014282
24,"Johnson, Andre",3,ten,vs OAK,L  10-17,0,0,0,0,0,0,0,0,oak,0,0,0,0,0,0,0,2016,3437,WR,TEN,t,hou,3.96666653951009,5100,13,Oakland Raiders,29,3,26.3,79,80,26.7,408,5.1,136,2,36,25,31.3,1,0,2,32,3,26.3,79,71,109,65.1,36.3,1020,9.5,340,7,3,43,39.4,98T,16,5,3,105.8,32,3,26.3,79,192,476,7.4,24.3,11,33,33,1,2,50,22,195,29:16,4,2,2.20810222625732
24,"Mariota, Marcus",3,ten,vs OAK,L  10-17,17,33,214,0,2,1,1,46.8,oak,0,0,0,0,0,0,0,2016,1466,QB,TEN,t,hou,14.0399996439616,7400,13,Oakland Raiders,29,3,26.3,79,80,26.7,408,5.1,136,2,36,25,31.3,1,0,2,32,3,26.3,79,71,109,65.1,36.3,1020,9.5,340,7,3,43,39.4,98T,16,5,3,105.8,32,3,26.3,79,192,476,7.4,24.3,11,33,33,1,2,50,22,195,29:16,4,2,8.46005058288574
24,"Mariota, Marcus",3,ten,vs OAK,L  10-17,0,3,22,0,0,0,1,0,oak,7.3,0,0,0,0,0,0,2016,1466,QB,TEN,t,hou,14.0399996439616,7400,13,Oakland Raiders,29,3,26.3,79,80,26.7,408,5.1,136,2,36,25,31.3,1,0,2,32,3,26.3,79,71,109,65.1,36.3,1020,9.5,340,7,3,43,39.4,98T,16,5,3,105.8,32,3,26.3,79,192,476,7.4,24.3,11,33,33,1,2,50,22,195,29:16,4,2,23.7158622741699
24,"Matthews, Rishard",3,ten,vs OAK,L  10-17,0,0,32,0,0,0,0,0,oak,10.7,3,0,0,0,0,0,2016,5182,WR,TEN,t,hou,4.93333339691162,5000,13,Oakland Raiders,29,3,26.3,79,80,26.7,408,5.1,136,2,36,25,31.3,1,0,2,32,3,26.3,79,71,109,65.1,36.3,1020,9.5,340,7,3,43,39.4,98T,16,5,3,105.8,32,3,26.3,79,192,476,7.4,24.3,11,33,33,1,2,50,22,195,29:16,4,2,4.69080924987793
24,"Murray, DeMarco",3,ten,vs OAK,L  10-17,0,16,114,1,0,0,0,0,oak,7.1,0,0,0,0,0,0,2016,2831,RB,TEN,t,hou,20.7333335876465,7300,13,Oakland Raiders,29,3,26.3,79,80,26.7,408,5.1,136,2,36,25,31.3,1,0,2,32,3,26.3,79,71,109,65.1,36.3,1020,9.5,340,7,3,43,39.4,98T,16,5,3,105.8,32,3,26.3,79,192,476,7.4,24.3,11,33,33,1,2,50,22,195,29:16,4,2,16.1536083221436
24,"Murray, DeMarco",3,ten,vs OAK,L  10-17,0,0,41,0,0,0,0,0,oak,8.2,5,0,0,0,0,0,2016,2831,RB,TEN,t,hou,20.7333335876465,7300,13,Oakland Raiders,29,3,26.3,79,80,26.7,408,5.1,136,2,36,25,31.3,1,0,2,32,3,26.3,79,71,109,65.1,36.3,1020,9.5,340,7,3,43,39.4,98T,16,5,3,105.8,32,3,26.3,79,192,476,7.4,24.3,11,33,33,1,2,50,22,195,29:16,4,2,19.1335926055908
24,"Sharpe, Tajae",3,ten,vs OAK,L  10-17,0,0,48,0,0,0,0,0,oak,16,3,0,0,0,0,0,2016,5461,WR,TEN,t,hou,7.56666692097982,5600,13,Oakland Raiders,29,3,26.3,79,80,26.7,408,5.1,136,2,36,25,31.3,1,0,2,32,3,26.3,79,71,109,65.1,36.3,1020,9.5,340,7,3,43,39.4,98T,16,5,3,105.8,32,3,26.3,79,192,476,7.4,24.3,11,33,33,1,2,50,22,195,29:16,4,2,6.21629524230957
24,"Succop, Ryan",3,ten,vs OAK,L  10-17,0,0,0,0,0,0,0,0,oak,0,0,1,1,1,1,4,2016,6169,K,TEN,t,hou,4.33333333333333,4500,13,Oakland Raiders,29,3,26.3,79,80,26.7,408,5.1,136,2,36,25,31.3,1,0,2,32,3,26.3,79,71,109,65.1,36.3,1020,9.5,340,7,3,43,39.4,98T,16,5,3,105.8,32,3,26.3,79,192,476,7.4,24.3,11,33,33,1,2,50,22,195,29:16,4,2,3.769211769104
24,"Supernaw, Phillip",3,ten,vs OAK,L  10-17,0,0,0,0,0,0,0,0,oak,0,0,0,0,0,0,0,2016,4637,TE,TEN,t,hou,0.600000023841858,4500,13,Oakland Raiders,29,3,26.3,79,80,26.7,408,5.1,136,2,36,25,31.3,1,0,2,32,3,26.3,79,71,109,65.1,36.3,1020,9.5,340,7,3,43,39.4,98T,16,5,3,105.8,32,3,26.3,79,192,476,7.4,24.3,11,33,33,1,2,50,22,195,29:16,4,2,-0.107925854623318
25,"Boswell, Chris",3,pit,@ PHI,L  3-34,0,0,0,0,0,0,0,0,phi,0,0,1,2,0,0,3,2016,6225,K,PIT,t,kc,6.66666666666667,4800,16,Philadelphia Eagles,2,3,9,27,49,16.3,213,4.3,71,2,20,14,28.6,2,0,1,8,3,9,27,57,99,57.6,33,610,6.9,203.3,0,3,27,27.3,58,9,4,10,66.1,4,3,9,27,158,274.3,5.2,15,10,31,32,0,5,0,18,152,23:13,6,3,4.84098768234253
25,"Brown, Antonio",3,pit,@ PHI,L  3-34,0,0,140,0,0,0,0,0,phi,11.7,12,0,0,0,0,0,2016,3474,WR,PIT,t,kc,18.1666666666667,9400,16,Philadelphia Eagles,2,3,9,27,49,16.3,213,4.3,71,2,20,14,28.6,2,0,1,8,3,9,27,57,99,57.6,33,610,6.9,203.3,0,3,27,27.3,58,9,4,10,66.1,4,3,9,27,158,274.3,5.2,15,10,31,32,0,5,0,18,152,23:13,6,3,19.760290145874
25,"Coates, Sammie",3,pit,@ PHI,L  3-34,0,0,50,0,0,0,0,0,phi,16.7,3,0,0,0,0,0,2016,5388,WR,PIT,t,kc,8.13333320617676,5400,16,Philadelphia Eagles,2,3,9,27,49,16.3,213,4.3,71,2,20,14,28.6,2,0,1,8,3,9,27,57,99,57.6,33,610,6.9,203.3,0,3,27,27.3,58,9,4,10,66.1,4,3,9,27,158,274.3,5.2,15,10,31,32,0,5,0,18,152,23:13,6,3,7.67523431777954
25,"Heyward-Bey, Darrius",3,pit,@ PHI,L  3-34,0,0,0,0,0,0,0,0,phi,0,0,0,0,0,0,0,2016,3848,WR,PIT,t,kc,0.600000023841858,4500,16,Philadelphia Eagles,2,3,9,27,49,16.3,213,4.3,71,2,20,14,28.6,2,0,1,8,3,9,27,57,99,57.6,33,610,6.9,203.3,0,3,27,27.3,58,9,4,10,66.1,4,3,9,27,158,274.3,5.2,15,10,31,32,0,5,0,18,152,23:13,6,3,0.872770071029663
25,"James, Jesse",3,pit,@ PHI,L  3-34,0,0,10,0,0,0,0,0,phi,5,2,0,0,0,0,0,2016,4653,TE,PIT,t,kc,6,4500,16,Philadelphia Eagles,2,3,9,27,49,16.3,213,4.3,71,2,20,14,28.6,2,0,1,8,3,9,27,57,99,57.6,33,610,6.9,203.3,0,3,27,27.3,58,9,4,10,66.1,4,3,9,27,158,274.3,5.2,15,10,31,32,0,5,0,18,152,23:13,6,3,2.58366227149963
25,"Richardson, Daryl",3,pit,@ PHI,L  3-34,0,1,1,0,0,0,0,0,phi,1,0,0,0,0,0,0,2016,2864,RB,PIT,t,kc,0.349999994039536,4500,16,Philadelphia Eagles,2,3,9,27,49,16.3,213,4.3,71,2,20,14,28.6,2,0,1,8,3,9,27,57,99,57.6,33,610,6.9,203.3,0,3,27,27.3,58,9,4,10,66.1,4,3,9,27,158,274.3,5.2,15,10,31,32,0,5,0,18,152,23:13,6,3,1.7335113286972
25,"Roethlisberger, Ben",3,pit,@ PHI,L  3-34,24,44,257,0,1,4,1,62.4,phi,0,0,0,0,0,0,0,2016,1232,QB,PIT,t,kc,17.5133336385091,8400,16,Philadelphia Eagles,2,3,9,27,49,16.3,213,4.3,71,2,20,14,28.6,2,0,1,8,3,9,27,57,99,57.6,33,610,6.9,203.3,0,3,27,27.3,58,9,4,10,66.1,4,3,9,27,158,274.3,5.2,15,10,31,32,0,5,0,18,152,23:13,6,3,9.09076404571533
25,"Roethlisberger, Ben",3,pit,@ PHI,L  3-34,0,1,7,0,0,0,1,0,phi,7,0,0,0,0,0,0,2016,1232,QB,PIT,t,kc,17.5133336385091,8400,16,Philadelphia Eagles,2,3,9,27,49,16.3,213,4.3,71,2,20,14,28.6,2,0,1,8,3,9,27,57,99,57.6,33,610,6.9,203.3,0,3,27,27.3,58,9,4,10,66.1,4,3,9,27,158,274.3,5.2,15,10,31,32,0,5,0,18,152,23:13,6,3,9.50226211547852
25,"Wheaton, Markus",3,pit,@ PHI,L  3-34,0,0,2,0,0,0,0,0,phi,2,1,0,0,0,0,0,2016,5215,WR,PIT,t,kc,0.699999988079071,5800,16,Philadelphia Eagles,2,3,9,27,49,16.3,213,4.3,71,2,20,14,28.6,2,0,1,8,3,9,27,57,99,57.6,33,610,6.9,203.3,0,3,27,27.3,58,9,4,10,66.1,4,3,9,27,158,274.3,5.2,15,10,31,32,0,5,0,18,152,23:13,6,3,4.28137922286987
25,"Williams, DeAngelo",3,pit,@ PHI,L  3-34,0,8,21,0,0,0,0,0,phi,2.6,0,0,0,0,0,0,2016,2500,RB,PIT,t,kc,19.9000002543132,5900,16,Philadelphia Eagles,2,3,9,27,49,16.3,213,4.3,71,2,20,14,28.6,2,0,1,8,3,9,27,57,99,57.6,33,610,6.9,203.3,0,3,27,27.3,58,9,4,10,66.1,4,3,9,27,158,274.3,5.2,15,10,31,32,0,5,0,18,152,23:13,6,3,7.57207822799683
25,"Williams, DeAngelo",3,pit,@ PHI,L  3-34,0,0,23,0,0,0,0,0,phi,5.8,4,0,0,0,0,0,2016,2500,RB,PIT,t,kc,19.9000002543132,5900,16,Philadelphia Eagles,2,3,9,27,49,16.3,213,4.3,71,2,20,14,28.6,2,0,1,8,3,9,27,57,99,57.6,33,610,6.9,203.3,0,3,27,27.3,58,9,4,10,66.1,4,3,9,27,158,274.3,5.2,15,10,31,32,0,5,0,18,152,23:13,6,3,9.18833541870117
28,"Baldwin, Doug",3,sea,vs SF,W  37-18,0,1,-4,0,0,0,0,0,sf,-4,0,0,0,0,0,0,2016,5136,WR,SEA,t,nyj,16.4000002543132,7400,23,San Francisco 49ers,23,3,27.7,83,91,30.3,368,4,122.7,2,41T,19,20.9,2,1,1,14,3,27.7,83,63,107,58.9,35.7,764,7.4,254.7,6,4,31,29,78T,11,4,5,85.1,20,3,27.7,83,203,377.3,5.6,18,19,44,43,1,2,50,24,217,33:14,4,4,22.7011241912842
28,"Baldwin, Doug",3,sea,vs SF,W  37-18,0,0,164,1,0,0,0,0,sf,20.5,8,0,0,0,0,0,2016,5136,WR,SEA,t,nyj,16.4000002543132,7400,23,San Francisco 49ers,23,3,27.7,83,91,30.3,368,4,122.7,2,41T,19,20.9,2,1,1,14,3,27.7,83,63,107,58.9,35.7,764,7.4,254.7,6,4,31,29,78T,11,4,5,85.1,20,3,27.7,83,203,377.3,5.6,18,19,44,43,1,2,50,24,217,33:14,4,4,27.0665874481201
28,"Boykin, Trevone",3,sea,vs SF,W  37-18,7,9,65,1,1,0,0,94.2,sf,0,0,0,0,0,0,0,2016,1493,QB,SEA,t,nyj,5.40000009536743,6200,23,San Francisco 49ers,23,3,27.7,83,91,30.3,368,4,122.7,2,41T,19,20.9,2,1,1,14,3,27.7,83,63,107,58.9,35.7,764,7.4,254.7,6,4,31,29,78T,11,4,5,85.1,20,3,27.7,83,203,377.3,5.6,18,19,44,43,1,2,50,24,217,33:14,4,4,13.8000507354736
28,"Boykin, Trevone",3,sea,vs SF,W  37-18,0,2,-2,0,0,0,0,0,sf,-1,0,0,0,0,0,0,2016,1493,QB,SEA,t,nyj,5.40000009536743,6200,23,San Francisco 49ers,23,3,27.7,83,91,30.3,368,4,122.7,2,41T,19,20.9,2,1,1,14,3,27.7,83,63,107,58.9,35.7,764,7.4,254.7,6,4,31,29,78T,11,4,5,85.1,20,3,27.7,83,203,377.3,5.6,18,19,44,43,1,2,50,24,217,33:14,4,4,21.0546722412109
28,"Collins, Alex",3,sea,vs SF,W  37-18,0,4,12,0,0,0,0,0,sf,3,0,0,0,0,0,0,2016,5450,RB,SEA,t,nyj,2.04999995231628,4500,23,San Francisco 49ers,23,3,27.7,83,91,30.3,368,4,122.7,2,41T,19,20.9,2,1,1,14,3,27.7,83,63,107,58.9,35.7,764,7.4,254.7,6,4,31,29,78T,11,4,5,85.1,20,3,27.7,83,203,377.3,5.6,18,19,44,43,1,2,50,24,217,33:14,4,4,3.29313707351685
28,"Collins, Alex",3,sea,vs SF,W  37-18,0,0,19,0,0,0,0,0,sf,9.5,2,0,0,0,0,0,2016,5450,RB,SEA,t,nyj,2.04999995231628,4500,23,San Francisco 49ers,23,3,27.7,83,91,30.3,368,4,122.7,2,41T,19,20.9,2,1,1,14,3,27.7,83,63,107,58.9,35.7,764,7.4,254.7,6,4,31,29,78T,11,4,5,85.1,20,3,27.7,83,203,377.3,5.6,18,19,44,43,1,2,50,24,217,33:14,4,4,4.99118566513062
28,"Hauschka, Steven",3,sea,vs SF,W  37-18,0,0,0,0,0,0,0,0,sf,0,0,3,3,4,4,13,2016,6167,K,SEA,t,nyj,7.33333333333333,4800,23,San Francisco 49ers,23,3,27.7,83,91,30.3,368,4,122.7,2,41T,19,20.9,2,1,1,14,3,27.7,83,63,107,58.9,35.7,764,7.4,254.7,6,4,31,29,78T,11,4,5,85.1,20,3,27.7,83,203,377.3,5.6,18,19,44,43,1,2,50,24,217,33:14,4,4,14.4673089981079
28,"Kearse, Jermaine",3,sea,vs SF,W  37-18,0,0,11,0,0,0,0,0,sf,5.5,2,0,0,0,0,0,2016,5186,WR,SEA,t,nyj,4.13333320617676,4900,23,San Francisco 49ers,23,3,27.7,83,91,30.3,368,4,122.7,2,41T,19,20.9,2,1,1,14,3,27.7,83,63,107,58.9,35.7,764,7.4,254.7,6,4,31,29,78T,11,4,5,85.1,20,3,27.7,83,203,377.3,5.6,18,19,44,43,1,2,50,24,217,33:14,4,4,2.92615365982056
28,"Michael, Christine",3,sea,vs SF,W  37-18,0,20,106,2,0,0,0,0,sf,5.3,0,0,0,0,0,0,2016,2898,RB,SEA,t,nyj,13.4333330790202,7500,23,San Francisco 49ers,23,3,27.7,83,91,30.3,368,4,122.7,2,41T,19,20.9,2,1,1,14,3,27.7,83,63,107,58.9,35.7,764,7.4,254.7,6,4,31,29,78T,11,4,5,85.1,20,3,27.7,83,203,377.3,5.6,18,19,44,43,1,2,50,24,217,33:14,4,4,23.0565052032471
28,"Michael, Christine",3,sea,vs SF,W  37-18,0,0,5,0,0,0,0,0,sf,2.5,2,0,0,0,0,0,2016,2898,RB,SEA,t,nyj,13.4333330790202,7500,23,San Francisco 49ers,23,3,27.7,83,91,30.3,368,4,122.7,2,41T,19,20.9,2,1,1,14,3,27.7,83,63,107,58.9,35.7,764,7.4,254.7,6,4,31,29,78T,11,4,5,85.1,20,3,27.7,83,203,377.3,5.6,18,19,44,43,1,2,50,24,217,33:14,4,4,20.2101917266846
28,"Willson, Luke",3,sea,vs SF,W  37-18,0,0,9,0,0,0,0,0,sf,4.5,2,0,0,0,0,0,2016,4578,TE,SEA,t,nyj,2.19999996821086,4500,23,San Francisco 49ers,23,3,27.7,83,91,30.3,368,4,122.7,2,41T,19,20.9,2,1,1,14,3,27.7,83,63,107,58.9,35.7,764,7.4,254.7,6,4,31,29,78T,11,4,5,85.1,20,3,27.7,83,203,377.3,5.6,18,19,44,43,1,2,50,24,217,33:14,4,4,2.73855137825012
28,"Wilson, Russell",3,sea,vs SF,W  37-18,15,23,243,1,0,2,0,114.9,sf,0,0,0,0,0,0,0,2016,1412,QB,SEA,t,nyj,12.8333333333333,8400,23,San Francisco 49ers,23,3,27.7,83,91,30.3,368,4,122.7,2,41T,19,20.9,2,1,1,14,3,27.7,83,63,107,58.9,35.7,764,7.4,254.7,6,4,31,29,78T,11,4,5,85.1,20,3,27.7,83,203,377.3,5.6,18,19,44,43,1,2,50,24,217,33:14,4,4,13.0595903396606
28,"Wilson, Russell",3,sea,vs SF,W  37-18,0,1,3,0,0,0,0,0,sf,3,0,0,0,0,0,0,2016,1412,QB,SEA,t,nyj,12.8333333333333,8400,23,San Francisco 49ers,23,3,27.7,83,91,30.3,368,4,122.7,2,41T,19,20.9,2,1,1,14,3,27.7,83,63,107,58.9,35.7,764,7.4,254.7,6,4,31,29,78T,11,4,5,85.1,20,3,27.7,83,203,377.3,5.6,18,19,44,43,1,2,50,24,217,33:14,4,4,20.9655933380127
29,"Bell, Blake",3,sf,@ SEA,L  18-37,0,0,0,0,0,0,0,0,sea,0,0,0,0,0,0,0,2016,4666,TE,SF,t,dal,0.550000011920929,4500,9,Seattle Seahawks,9,3,12.3,37,76,25.3,263,3.5,87.7,3,34,12,15.8,1,0,1,2,3,12.3,37,48,84,57.1,28,488,6.5,162.7,0,1,23,27.4,50,7,2,8,71.7,1,3,12.3,37,168,250.3,4.5,13.3,10,41,24,1,2,50,17,153,26:29,3,0,1.26261579990387
29,"Dawson, Phil",3,sf,@ SEA,L  18-37,0,0,0,0,0,0,0,0,sea,0,0,1,2,1,1,4,2016,6016,K,SF,t,dal,5.66666666666667,4500,9,Seattle Seahawks,9,3,12.3,37,76,25.3,263,3.5,87.7,3,34,12,15.8,1,0,1,2,3,12.3,37,48,84,57.1,28,488,6.5,162.7,0,1,23,27.4,50,7,2,8,71.7,1,3,12.3,37,168,250.3,4.5,13.3,10,41,24,1,2,50,17,153,26:29,3,0,4.67774820327759
29,"Draughn, Shaun",3,sf,@ SEA,L  18-37,0,5,10,0,0,0,0,0,sea,2,0,0,0,0,0,0,2016,2875,RB,SF,t,dal,4.13333320617676,4800,9,Seattle Seahawks,9,3,12.3,37,76,25.3,263,3.5,87.7,3,34,12,15.8,1,0,1,2,3,12.3,37,48,84,57.1,28,488,6.5,162.7,0,1,23,27.4,50,7,2,8,71.7,1,3,12.3,37,168,250.3,4.5,13.3,10,41,24,1,2,50,17,153,26:29,3,0,2.27210664749146
29,"Draughn, Shaun",3,sf,@ SEA,L  18-37,0,0,2,0,0,0,0,0,sea,2,1,0,0,0,0,0,2016,2875,RB,SF,t,dal,4.13333320617676,4800,9,Seattle Seahawks,9,3,12.3,37,76,25.3,263,3.5,87.7,3,34,12,15.8,1,0,1,2,3,12.3,37,48,84,57.1,28,488,6.5,162.7,0,1,23,27.4,50,7,2,8,71.7,1,3,12.3,37,168,250.3,4.5,13.3,10,41,24,1,2,50,17,153,26:29,3,0,3.2355854511261
29,"Gabbert, Blaine",3,sf,@ SEA,L  18-37,14,25,119,0,1,0,0,51.9,sea,0,0,0,0,0,0,0,2016,1381,QB,SF,t,dal,14.2266667683919,6400,9,Seattle Seahawks,9,3,12.3,37,76,25.3,263,3.5,87.7,3,34,12,15.8,1,0,1,2,3,12.3,37,48,84,57.1,28,488,6.5,162.7,0,1,23,27.4,50,7,2,8,71.7,1,3,12.3,37,168,250.3,4.5,13.3,10,41,24,1,2,50,17,153,26:29,3,0,6.9346079826355
29,"Gabbert, Blaine",3,sf,@ SEA,L  18-37,0,5,22,0,0,0,0,0,sea,4.4,0,0,0,0,0,0,2016,1381,QB,SF,t,dal,14.2266667683919,6400,9,Seattle Seahawks,9,3,12.3,37,76,25.3,263,3.5,87.7,3,34,12,15.8,1,0,1,2,3,12.3,37,48,84,57.1,28,488,6.5,162.7,0,1,23,27.4,50,7,2,8,71.7,1,3,12.3,37,168,250.3,4.5,13.3,10,41,24,1,2,50,17,153,26:29,3,0,11.3546886444092
29,"Hyde, Carlos",3,sf,@ SEA,L  18-37,0,21,103,2,0,0,0,0,sea,4.9,0,0,0,0,0,0,2016,2933,RB,SF,t,dal,17.3333333333333,6800,9,Seattle Seahawks,9,3,12.3,37,76,25.3,263,3.5,87.7,3,34,12,15.8,1,0,1,2,3,12.3,37,48,84,57.1,28,488,6.5,162.7,0,1,23,27.4,50,7,2,8,71.7,1,3,12.3,37,168,250.3,4.5,13.3,10,41,24,1,2,50,17,153,26:29,3,0,25.6477680206299
29,"Hyde, Carlos",3,sf,@ SEA,L  18-37,0,0,2,0,0,0,0,0,sea,2,1,0,0,0,0,0,2016,2933,RB,SF,t,dal,17.3333333333333,6800,9,Seattle Seahawks,9,3,12.3,37,76,25.3,263,3.5,87.7,3,34,12,15.8,1,0,1,2,3,12.3,37,48,84,57.1,28,488,6.5,162.7,0,1,23,27.4,50,7,2,8,71.7,1,3,12.3,37,168,250.3,4.5,13.3,10,41,24,1,2,50,17,153,26:29,3,0,19.9249515533447
29,"Kerley, Jeremy",3,sf,@ SEA,L  18-37,0,0,24,0,0,0,0,0,sea,12,2,0,0,0,0,0,2016,5111,WR,SF,t,dal,5.79999987284342,5200,9,Seattle Seahawks,9,3,12.3,37,76,25.3,263,3.5,87.7,3,34,12,15.8,1,0,1,2,3,12.3,37,48,84,57.1,28,488,6.5,162.7,0,1,23,27.4,50,7,2,8,71.7,1,3,12.3,37,168,250.3,4.5,13.3,10,41,24,1,2,50,17,153,26:29,3,0,4.46217250823975
29,"Patton, Quinton",3,sf,@ SEA,L  18-37,0,0,8,0,0,0,0,0,sea,8,1,0,0,0,0,0,2016,5209,WR,SF,t,dal,4.60000006357829,4800,9,Seattle Seahawks,9,3,12.3,37,76,25.3,263,3.5,87.7,3,34,12,15.8,1,0,1,2,3,12.3,37,48,84,57.1,28,488,6.5,162.7,0,1,23,27.4,50,7,2,8,71.7,1,3,12.3,37,168,250.3,4.5,13.3,10,41,24,1,2,50,17,153,26:29,3,0,1.95134449005127
29,"Smith, Torrey",3,sf,@ SEA,L  18-37,0,0,35,0,0,0,0,0,sea,11.7,3,0,0,0,0,0,2016,5113,WR,SF,t,dal,6.76666641235352,5600,9,Seattle Seahawks,9,3,12.3,37,76,25.3,263,3.5,87.7,3,34,12,15.8,1,0,1,2,3,12.3,37,48,84,57.1,28,488,6.5,162.7,0,1,23,27.4,50,7,2,8,71.7,1,3,12.3,37,168,250.3,4.5,13.3,10,41,24,1,2,50,17,153,26:29,3,0,5.8077244758606
29,"Streater, Rod",3,sf,@ SEA,L  18-37,0,0,19,0,0,0,0,0,sea,19,1,0,0,0,0,0,2016,5169,WR,SF,t,dal,2.09999990463257,4500,9,Seattle Seahawks,9,3,12.3,37,76,25.3,263,3.5,87.7,3,34,12,15.8,1,0,1,2,3,12.3,37,48,84,57.1,28,488,6.5,162.7,0,1,23,27.4,50,7,2,8,71.7,1,3,12.3,37,168,250.3,4.5,13.3,10,41,24,1,2,50,17,153,26:29,3,0,2.39973044395447
30,"Cunningham, Benny",3,la,@ TB,W  37-32,0,2,29,0,0,0,0,0,tb,14.5,0,0,0,0,0,0,2016,2911,RB,LA,t,ari,2.36666663487752,4700,1,Tampa Bay Buccaneers,14,3,33.7,101,85,28.3,294,3.5,98,3,22,14,16.5,1,0,0,20,3,33.7,101,59,99,59.6,33,816,8.5,272,7,1,39,39.4,59,12,6,5,106.4,19,3,33.7,101,189,370,5.9,19,15,40,38,1,2,50,18,173,29:17,1,1,6.78608655929565
30,"Cunningham, Benny",3,la,@ TB,W  37-32,0,0,10,0,0,0,0,0,tb,10,1,0,0,0,0,0,2016,2911,RB,LA,t,ari,2.36666663487752,4700,1,Tampa Bay Buccaneers,14,3,33.7,101,85,28.3,294,3.5,98,3,22,14,16.5,1,0,0,20,3,33.7,101,59,99,59.6,33,816,8.5,272,7,1,39,39.4,59,12,6,5,106.4,19,3,33.7,101,189,370,5.9,19,15,40,38,1,2,50,18,173,29:17,1,1,3.49927854537964
30,"Gurley, Todd",3,la,@ TB,W  37-32,0,27,85,2,0,0,0,0,tb,3.1,0,0,0,0,0,0,2016,2992,RB,LA,t,ari,10.9000002543132,7700,1,Tampa Bay Buccaneers,14,3,33.7,101,85,28.3,294,3.5,98,3,22,14,16.5,1,0,0,20,3,33.7,101,59,99,59.6,33,816,8.5,272,7,1,39,39.4,59,12,6,5,106.4,19,3,33.7,101,189,370,5.9,19,15,40,38,1,2,50,18,173,29:17,1,1,21.414493560791
30,"Gurley, Todd",3,la,@ TB,W  37-32,0,0,-5,0,0,0,0,0,tb,-5,1,0,0,0,0,0,2016,2992,RB,LA,t,ari,10.9000002543132,7700,1,Tampa Bay Buccaneers,14,3,33.7,101,85,28.3,294,3.5,98,3,22,14,16.5,1,0,0,20,3,33.7,101,59,99,59.6,33,816,8.5,272,7,1,39,39.4,59,12,6,5,106.4,19,3,33.7,101,189,370,5.9,19,15,40,38,1,2,50,18,173,29:17,1,1,20.6248645782471
30,"Keenum, Case",3,la,@ TB,W  37-32,14,26,190,2,1,1,0,87,tb,0,0,0,0,0,0,0,2016,1435,QB,LA,t,ari,9.65333302815755,6500,1,Tampa Bay Buccaneers,14,3,33.7,101,85,28.3,294,3.5,98,3,22,14,16.5,1,0,0,20,3,33.7,101,59,99,59.6,33,816,8.5,272,7,1,39,39.4,59,12,6,5,106.4,19,3,33.7,101,189,370,5.9,19,15,40,38,1,2,50,18,173,29:17,1,1,14.1681518554688
30,"Keenum, Case",3,la,@ TB,W  37-32,0,2,1,0,0,0,0,0,tb,0.5,0,0,0,0,0,0,2016,1435,QB,LA,t,ari,9.65333302815755,6500,1,Tampa Bay Buccaneers,14,3,33.7,101,85,28.3,294,3.5,98,3,22,14,16.5,1,0,0,20,3,33.7,101,59,99,59.6,33,816,8.5,272,7,1,39,39.4,59,12,6,5,106.4,19,3,33.7,101,189,370,5.9,19,15,40,38,1,2,50,18,173,29:17,1,1,14.5541000366211
30,"Kendricks, Lance",3,la,@ TB,W  37-32,0,0,0,0,0,0,0,0,tb,0,0,0,0,0,0,0,2016,4538,TE,LA,t,ari,3.53333346048991,4500,1,Tampa Bay Buccaneers,14,3,33.7,101,85,28.3,294,3.5,98,3,22,14,16.5,1,0,0,20,3,33.7,101,59,99,59.6,33,816,8.5,272,7,1,39,39.4,59,12,6,5,106.4,19,3,33.7,101,189,370,5.9,19,15,40,38,1,2,50,18,173,29:17,1,1,0.210558041930199
30,"Marquez, Bradley",3,la,@ TB,W  37-32,0,0,12,0,0,0,0,0,tb,12,1,0,0,0,0,0,2016,5428,WR,LA,t,ari,1.70000004768372,4500,1,Tampa Bay Buccaneers,14,3,33.7,101,85,28.3,294,3.5,98,3,22,14,16.5,1,0,0,20,3,33.7,101,59,99,59.6,33,816,8.5,272,7,1,39,39.4,59,12,6,5,106.4,19,3,33.7,101,189,370,5.9,19,15,40,38,1,2,50,18,173,29:17,1,1,3.01730632781982
30,"Quick, Brian",3,la,@ TB,W  37-32,0,0,53,1,0,0,0,0,tb,26.5,2,0,0,0,0,0,2016,5157,WR,LA,t,ari,5.79999987284342,4500,1,Tampa Bay Buccaneers,14,3,33.7,101,85,28.3,294,3.5,98,3,22,14,16.5,1,0,0,20,3,33.7,101,59,99,59.6,33,816,8.5,272,7,1,39,39.4,59,12,6,5,106.4,19,3,33.7,101,189,370,5.9,19,15,40,38,1,2,50,18,173,29:17,1,1,10.7028026580811
30,"Zuerlein, Greg",3,la,@ TB,W  37-32,0,0,0,0,0,0,0,0,tb,0,0,1,1,4,4,7,2016,6205,K,LA,t,ari,9.5,4500,1,Tampa Bay Buccaneers,14,3,33.7,101,85,28.3,294,3.5,98,3,22,14,16.5,1,0,0,20,3,33.7,101,59,99,59.6,33,816,8.5,272,7,1,39,39.4,59,12,6,5,106.4,19,3,33.7,101,189,370,5.9,19,15,40,38,1,2,50,18,173,29:17,1,1,7.15044498443604
31,"Carr, Derek",3,oak,@ TEN,W  17-10,21,35,249,1,1,1,0,79.3,ten,0,0,0,0,0,0,0,2016,1441,QB,OAK,t,bal,20.0600001017253,8000,3,Tennessee Titans,17,3,19,57,76,25.3,325,4.3,108.3,1,30,13,17.1,5,0,0,12,3,19,57,61,108,56.5,36,719,6.9,239.7,2,2,36,33.3,47,11,1,5,76.4,11,3,19,57,189,348,5.5,18,18,43,42,0,0,0,28,235,29:16,0,0,13.2346391677856
31,"Carr, Derek",3,oak,@ TEN,W  17-10,0,1,-1,0,0,0,0,0,ten,-1,0,0,0,0,0,0,2016,1441,QB,OAK,t,bal,20.0600001017253,8000,3,Tennessee Titans,17,3,19,57,76,25.3,325,4.3,108.3,1,30,13,17.1,5,0,0,12,3,19,57,61,108,56.5,36,719,6.9,239.7,2,2,36,33.3,47,11,1,5,76.4,11,3,19,57,189,348,5.5,18,18,43,42,0,0,0,28,235,29:16,0,0,12.971809387207
31,"Cooper, Amari",3,oak,@ TEN,W  17-10,0,0,62,0,0,0,0,0,ten,15.5,4,0,0,0,0,0,2016,5376,WR,OAK,t,bal,12.1666666666667,7600,3,Tennessee Titans,17,3,19,57,76,25.3,325,4.3,108.3,1,30,13,17.1,5,0,0,12,3,19,57,61,108,56.5,36,719,6.9,239.7,2,2,36,33.3,47,11,1,5,76.4,11,3,19,57,189,348,5.5,18,18,43,42,0,0,0,28,235,29:16,0,0,8.09560298919678
31,"Crabtree, Michael",3,oak,@ TEN,W  17-10,0,0,102,0,0,0,0,0,ten,12.8,8,0,0,0,0,0,2016,3872,WR,OAK,t,bal,13.1666666666667,6500,3,Tennessee Titans,17,3,19,57,76,25.3,325,4.3,108.3,1,30,13,17.1,5,0,0,12,3,19,57,61,108,56.5,36,719,6.9,239.7,2,2,36,33.3,47,11,1,5,76.4,11,3,19,57,189,348,5.5,18,18,43,42,0,0,0,28,235,29:16,0,0,14.1035404205322
31,"Holmes, Andre",3,oak,@ TEN,W  17-10,0,0,8,0,0,0,0,0,ten,8,1,0,0,0,0,0,2016,5177,WR,OAK,t,bal,2.79999987284342,4600,3,Tennessee Titans,17,3,19,57,76,25.3,325,4.3,108.3,1,30,13,17.1,5,0,0,12,3,19,57,61,108,56.5,36,719,6.9,239.7,2,2,36,33.3,47,11,1,5,76.4,11,3,19,57,189,348,5.5,18,18,43,42,0,0,0,28,235,29:16,0,0,2.00565147399902
31,"Janikowski, Sebastian",3,oak,@ TEN,W  17-10,0,0,0,0,0,0,0,0,ten,0,0,1,1,2,2,5,2016,6048,K,OAK,t,bal,6.33333333333333,4700,3,Tennessee Titans,17,3,19,57,76,25.3,325,4.3,108.3,1,30,13,17.1,5,0,0,12,3,19,57,61,108,56.5,36,719,6.9,239.7,2,2,36,33.3,47,11,1,5,76.4,11,3,19,57,189,348,5.5,18,18,43,42,0,0,0,28,235,29:16,0,0,6.52117204666138
31,"Murray, Latavius",3,oak,@ TEN,W  17-10,0,10,37,1,0,0,0,0,ten,3.7,0,0,0,0,0,0,2016,2899,RB,OAK,t,bal,14.3666661580404,7100,3,Tennessee Titans,17,3,19,57,76,25.3,325,4.3,108.3,1,30,13,17.1,5,0,0,12,3,19,57,61,108,56.5,36,719,6.9,239.7,2,2,36,33.3,47,11,1,5,76.4,11,3,19,57,189,348,5.5,18,18,43,42,0,0,0,28,235,29:16,0,0,11.9286088943481
31,"Murray, Latavius",3,oak,@ TEN,W  17-10,0,0,1,0,0,0,0,0,ten,1,1,0,0,0,0,0,2016,2899,RB,OAK,t,bal,14.3666661580404,7100,3,Tennessee Titans,17,3,19,57,76,25.3,325,4.3,108.3,1,30,13,17.1,5,0,0,12,3,19,57,61,108,56.5,36,719,6.9,239.7,2,2,36,33.3,47,11,1,5,76.4,11,3,19,57,189,348,5.5,18,18,43,42,0,0,0,28,235,29:16,0,0,10.3845357894897
31,"Olawale, Jamize",3,oak,@ TEN,W  17-10,0,1,0,0,0,0,0,0,ten,0,0,0,0,0,0,0,2016,2913,RB,OAK,t,bal,3.70000012715658,4500,3,Tennessee Titans,17,3,19,57,76,25.3,325,4.3,108.3,1,30,13,17.1,5,0,0,12,3,19,57,61,108,56.5,36,719,6.9,239.7,2,2,36,33.3,47,11,1,5,76.4,11,3,19,57,189,348,5.5,18,18,43,42,0,0,0,28,235,29:16,0,0,0.29796901345253
31,"Olawale, Jamize",3,oak,@ TEN,W  17-10,0,0,0,0,0,0,0,0,ten,0,0,0,0,0,0,0,2016,2913,RB,OAK,t,bal,3.70000012715658,4500,3,Tennessee Titans,17,3,19,57,76,25.3,325,4.3,108.3,1,30,13,17.1,5,0,0,12,3,19,57,61,108,56.5,36,719,6.9,239.7,2,2,36,33.3,47,11,1,5,76.4,11,3,19,57,189,348,5.5,18,18,43,42,0,0,0,28,235,29:16,0,0,0.401418924331665
31,"Richard, Jalen",3,oak,@ TEN,W  17-10,0,6,28,0,0,0,0,0,ten,4.7,0,0,0,0,0,0,2016,5490,RB,OAK,t,bal,8.09999974568685,4900,3,Tennessee Titans,17,3,19,57,76,25.3,325,4.3,108.3,1,30,13,17.1,5,0,0,12,3,19,57,61,108,56.5,36,719,6.9,239.7,2,2,36,33.3,47,11,1,5,76.4,11,3,19,57,189,348,5.5,18,18,43,42,0,0,0,28,235,29:16,0,0,4.85636138916016
31,"Richard, Jalen",3,oak,@ TEN,W  17-10,0,0,13,0,0,0,0,0,ten,13,1,0,0,0,0,0,2016,5490,RB,OAK,t,bal,8.09999974568685,4900,3,Tennessee Titans,17,3,19,57,76,25.3,325,4.3,108.3,1,30,13,17.1,5,0,0,12,3,19,57,61,108,56.5,36,719,6.9,239.7,2,2,36,33.3,47,11,1,5,76.4,11,3,19,57,189,348,5.5,18,18,43,42,0,0,0,28,235,29:16,0,0,3.10164403915405
31,"Roberts, Seth",3,oak,@ TEN,W  17-10,0,0,27,1,0,0,0,0,ten,13.5,2,0,0,0,0,0,2016,5408,WR,OAK,t,bal,7.53333346048991,5400,3,Tennessee Titans,17,3,19,57,76,25.3,325,4.3,108.3,1,30,13,17.1,5,0,0,12,3,19,57,61,108,56.5,36,719,6.9,239.7,2,2,36,33.3,47,11,1,5,76.4,11,3,19,57,189,348,5.5,18,18,43,42,0,0,0,28,235,29:16,0,0,8.83102130889893
31,"Smith, Lee",3,oak,@ TEN,W  17-10,0,0,4,0,0,0,0,0,ten,4,1,0,0,0,0,0,2016,4535,TE,OAK,t,bal,2.65000009536743,4500,3,Tennessee Titans,17,3,19,57,76,25.3,325,4.3,108.3,1,30,13,17.1,5,0,0,12,3,19,57,61,108,56.5,36,719,6.9,239.7,2,2,36,33.3,47,11,1,5,76.4,11,3,19,57,189,348,5.5,18,18,43,42,0,0,0,28,235,29:16,0,0,1.99666297435761
31,"Walford, Clive",3,oak,@ TEN,W  17-10,0,0,27,0,0,0,0,0,ten,13.5,2,0,0,0,0,0,2016,4651,TE,OAK,t,bal,7.23333358764648,4900,3,Tennessee Titans,17,3,19,57,76,25.3,325,4.3,108.3,1,30,13,17.1,5,0,0,12,3,19,57,61,108,56.5,36,719,6.9,239.7,2,2,36,33.3,47,11,1,5,76.4,11,3,19,57,189,348,5.5,18,18,43,42,0,0,0,28,235,29:16,0,0,4.64498043060303
31,"Washington, DeAndre",3,oak,@ TEN,W  17-10,0,6,57,0,0,0,0,0,ten,9.5,0,0,0,0,0,0,2016,5449,RB,OAK,t,bal,5.10000006357829,4800,3,Tennessee Titans,17,3,19,57,76,25.3,325,4.3,108.3,1,30,13,17.1,5,0,0,12,3,19,57,61,108,56.5,36,719,6.9,239.7,2,2,36,33.3,47,11,1,5,76.4,11,3,19,57,189,348,5.5,18,18,43,42,0,0,0,28,235,29:16,0,0,6.79875183105469
31,"Washington, DeAndre",3,oak,@ TEN,W  17-10,0,0,5,0,0,0,0,0,ten,5,1,0,0,0,0,0,2016,5449,RB,OAK,t,bal,5.10000006357829,4800,3,Tennessee Titans,17,3,19,57,76,25.3,325,4.3,108.3,1,30,13,17.1,5,0,0,12,3,19,57,61,108,56.5,36,719,6.9,239.7,2,2,36,33.3,47,11,1,5,76.4,11,3,19,57,189,348,5.5,18,18,43,42,0,0,0,28,235,29:16,0,0,5.74103116989136
