TeamID,Name,Week,Team.x,Opp,Score,PlayerCompletions,PlayerPassingAttempts,PlayerPassingYds,PlayerPassingTDs,PlayerInterceptions,PlayerSacked,FUM.x,PlayerPassRating,Oppt.x,PlayerRushingAttempts,PlayerRushingYds,Avg,PlayerRushingTDs,PlayerReceptions,PlayerReceivingYds,PlayerReceivingTDs,FG.Made,FG.Att,XP.Made,XP.Att,Pts,Year,GID,Pos,Team.y,h.a,Oppt.y,FD.points,FD.salary,TeamID.y,Team,RunDRk,RushingGamesPlayed,RusingPointsperGameGAllowed,TotalRushingPointsAllowed,TotalRushAttemptsAgainst,RushAttemptsAgainstPerGame,RushYdsAllowed,AverageYardsPerCarryAllowed,RushingYardsPerGameAllowed,RushingTDAllowed,LongestRunAllowed,FirstDownsAllowed,FirstDownPercentageAllowed,20yardsRunOrLongerAllowed,40yardsRunOrLongerAllowed,FumblesCaused,PassDRk,PassingGamesPlayed,PassingPointsperGameGAllowed,TotalPassingPointsAllowed,CompletionsAllowed,TotalPassAttemptsAgainst,CompletionPercentageAllowed,PassAttemptsAgainstPerGame,PassingYdsAllowed,AverageYardsPerPassAllowed,PassingYardsPerGameAllowed,PassingTDAllowed,Interceptions,PassingFirstDownsAllowed,PassingFirstDownPercentageAllowed,LongestPassAllowed,20yardsPassOrLongerAllowed,40yardsPassOrLongerAllowed,Sacs,PassDefenseRating,Rk,G,Pts.G,TotPts,Scrm.Plys,Yds.G,Yds.P,X1st.G,X3rd.Md,X3rd.Att,X3rd.Pct,X4th.Md,X4th.Att,X4th.Pct,Pen,Pen.Yds,ToP.G,FUM.y,Lost,Scored Labels
1,"Carpenter, Dan",0,buf,vs ARI,W  33-18,0,0,0,0,0,0,0,0,ari,0,0.0140845070422535,0.151515151515152,0,0,0.040983606557377,0,0.666666666666667,0.666666666666667,0.75,1,0.9,0,0.986005597760896,K,BUF,t,la,7.5,4600,0.6,0,0.571428571428571,0,0.25,0.25,0.269230769230769,0.276923076923077,0.513513513513513,0.727272727272727,0.512635379061372,0.8,0.941176470588235,0.461538461538462,0.760869565217391,0.8,1,1,0.227272727272727,0,0.25,0.25,0.318181818181818,0.6875,0.307086614173228,0.699999999999999,0.827586206896552,0.296296296296296,0.316279069767442,0.25,1,0,0,0.842105263157895,0.75,0.166666666666667,0.454545454545455,0.252212389380531,0.2,0,0.25,0.25,0.714285714285714,0.30421686746988,0.333333333333334,0,1,0.875,1,0,0.333333333333333,0,0.538461538461538,0.344,0.238095238095238,1,1,11.6554298400879
1,"Gillislee, Mike",0,buf,vs ARI,W  33-18,0,0,0,0,0,0,0,0,ari,0.1,0.154929577464789,0.354545454545455,0,0,0.040983606557377,0,0,0,0,0,0,0,0.332467013194722,RB,BUF,t,la,3.79999995231628,4800,0.6,0,0.571428571428571,0,0.25,0.25,0.269230769230769,0.276923076923077,0.513513513513513,0.727272727272727,0.512635379061372,0.8,0.941176470588235,0.461538461538462,0.760869565217391,0.8,1,1,0.227272727272727,0,0.25,0.25,0.318181818181818,0.6875,0.307086614173228,0.699999999999999,0.827586206896552,0.296296296296296,0.316279069767442,0.25,1,0,0,0.842105263157895,0.75,0.166666666666667,0.454545454545455,0.252212389380531,0.2,0,0.25,0.25,0.714285714285714,0.30421686746988,0.333333333333334,0,1,0.875,1,0,0.333333333333333,0,0.538461538461538,0.344,0.238095238095238,1,1,8.00499439239502
1,"Goodwin, Marquise",0,buf,vs ARI,W  33-18,0,0,0,0,0,0,0,0,ari,0,0.0140845070422535,0.333333333333333,0,0.111111111111111,0.0901639344262295,0,0,0,0,0,0,0,0.794482207117153,WR,BUF,t,la,7,5500,0.6,0,0.571428571428571,0,0.25,0.25,0.269230769230769,0.276923076923077,0.513513513513513,0.727272727272727,0.512635379061372,0.8,0.941176470588235,0.461538461538462,0.760869565217391,0.8,1,1,0.227272727272727,0,0.25,0.25,0.318181818181818,0.6875,0.307086614173228,0.699999999999999,0.827586206896552,0.296296296296296,0.316279069767442,0.25,1,0,0,0.842105263157895,0.75,0.166666666666667,0.454545454545455,0.252212389380531,0.2,0,0.25,0.25,0.714285714285714,0.30421686746988,0.333333333333334,0,1,0.875,1,0,0.333333333333333,0,0.538461538461538,0.344,0.238095238095238,1,1,5.27788543701172
1,"O'Leary, Nick",0,buf,vs ARI,W  33-18,0,0,0,0,0,0,0,0,ari,0,0.0140845070422535,1,0,0.111111111111111,0.270491803278689,0,0,0,0,0,0,0,0.685725709716114,TE,BUF,t,la,2.10000006357829,4500,0.6,0,0.571428571428571,0,0.25,0.25,0.269230769230769,0.276923076923077,0.513513513513513,0.727272727272727,0.512635379061372,0.8,0.941176470588235,0.461538461538462,0.760869565217391,0.8,1,1,0.227272727272727,0,0.25,0.25,0.318181818181818,0.6875,0.307086614173228,0.699999999999999,0.827586206896552,0.296296296296296,0.316279069767442,0.25,1,0,0,0.842105263157895,0.75,0.166666666666667,0.454545454545455,0.252212389380531,0.2,0,0.25,0.25,0.714285714285714,0.30421686746988,0.333333333333334,0,1,0.875,1,0,0.333333333333333,0,0.538461538461538,0.344,0.238095238095238,1,1,6.17199659347534
1,"Taylor, Tyrod",0,buf,vs ARI,W  33-18,0.538461538461538,0.641025641025641,0.360606060606061,0,1,1,0,0.419902912621359,ari,0,0.0140845070422535,0.151515151515152,0,0,0.040983606557377,0,0,0,0,0,0,0,0.0337864854058377,QB,BUF,t,la,16.2299995422363,7600,0.6,0,0.571428571428571,0,0.25,0.25,0.269230769230769,0.276923076923077,0.513513513513513,0.727272727272727,0.512635379061372,0.8,0.941176470588235,0.461538461538462,0.760869565217391,0.8,1,1,0.227272727272727,0,0.25,0.25,0.318181818181818,0.6875,0.307086614173228,0.699999999999999,0.827586206896552,0.296296296296296,0.316279069767442,0.25,1,0,0,0.842105263157895,0.75,0.166666666666667,0.454545454545455,0.252212389380531,0.2,0,0.25,0.25,0.714285714285714,0.30421686746988,0.333333333333334,0,1,0.875,1,0,0.333333333333333,0,0.538461538461538,0.344,0.238095238095238,1,1,11.7992277145386
1,"Taylor, Tyrod",0,buf,vs ARI,W  33-18,0,0,0,0,0,0,0,0,ari,0.3,0.549295774647887,0.406060606060606,0.5,0,0.040983606557377,0,0,0,0,0,0,0,0.0337864854058377,QB,BUF,t,la,16.2299995422363,7600,0.6,0,0.571428571428571,0,0.25,0.25,0.269230769230769,0.276923076923077,0.513513513513513,0.727272727272727,0.512635379061372,0.8,0.941176470588235,0.461538461538462,0.760869565217391,0.8,1,1,0.227272727272727,0,0.25,0.25,0.318181818181818,0.6875,0.307086614173228,0.699999999999999,0.827586206896552,0.296296296296296,0.316279069767442,0.25,1,0,0,0.842105263157895,0.75,0.166666666666667,0.454545454545455,0.252212389380531,0.2,0,0.25,0.25,0.714285714285714,0.30421686746988,0.333333333333334,0,1,0.875,1,0,0.333333333333333,0,0.538461538461538,0.344,0.238095238095238,1,1,20.7356834411621
1,"Woods, Robert",0,buf,vs ARI,W  33-18,0,0,0,0,0,0,0,0,ari,0,0.0140845070422535,0.409090909090909,0,0.666666666666667,0.459016393442623,0,0,0,0,0,0,0,0.796881247501,WR,BUF,t,la,6.5,5300,0.6,0,0.571428571428571,0,0.25,0.25,0.269230769230769,0.276923076923077,0.513513513513513,0.727272727272727,0.512635379061372,0.8,0.941176470588235,0.461538461538462,0.760869565217391,0.8,1,1,0.227272727272727,0,0.25,0.25,0.318181818181818,0.6875,0.307086614173228,0.699999999999999,0.827586206896552,0.296296296296296,0.316279069767442,0.25,1,0,0,0.842105263157895,0.75,0.166666666666667,0.454545454545455,0.252212389380531,0.2,0,0.25,0.25,0.714285714285714,0.30421686746988,0.333333333333334,0,1,0.875,1,0,0.333333333333333,0,0.538461538461538,0.344,0.238095238095238,1,1,16.3178253173828
6,"Beasley, Cole",0,dal,vs CHI,W  31-17,0,0,0,0,0,0,0,0,chi,0,0.0140845070422535,0.466666666666667,0,0.777777777777778,0.639344262295082,0,0,0,0,0,0,0,0.78608556577369,WR,DAL,t,cin,10.0249996185303,5500,0.2,0.166666666666667,1,0,0.5125,0.515625,1,1,1,0.545454545454545,1,1,0.470588235294118,1,1,0.4,0,0.2,0.272727272727273,0,0.5125,0.515625,0.409090909090909,0,0.826771653543308,0,0.862068965517241,0.444444444444444,0.376744186046512,0.25,0.5,0.15,0.358778625954198,0.210526315789474,0.375,0.166666666666667,0,0.548672566371681,0.3,0,0.5125,0.515625,0.857142857142857,0.505020080321285,0.444444444444444,0.466666666666667,0.875,1,0.636363636363636,1,1,1,0.0769230769230769,0,1,0.25,0.25,19.9786758422852
6,"Butler, Brice",0,dal,vs CHI,W  31-17,0,0,0,0,0,0,0,0,chi,0,0.0140845070422535,0.151515151515152,0,0,0.040983606557377,0,0,0,0,0,0,0,0.797281087564974,WR,DAL,t,cin,3.67499995231628,5100,0.2,0.166666666666667,1,0,0.5125,0.515625,1,1,1,0.545454545454545,1,1,0.470588235294118,1,1,0.4,0,0.2,0.272727272727273,0,0.5125,0.515625,0.409090909090909,0,0.826771653543308,0,0.862068965517241,0.444444444444444,0.376744186046512,0.25,0.5,0.15,0.358778625954198,0.210526315789474,0.375,0.166666666666667,0,0.548672566371681,0.3,0,0.5125,0.515625,0.857142857142857,0.505020080321285,0.444444444444444,0.466666666666667,0.875,1,0.636363636363636,1,1,1,0.0769230769230769,0,1,0.25,0.25,2.95113182067871
6,"Elliott, Ezekiel",0,dal,vs CHI,W  31-17,0,0,0,0,0,0,0,0,chi,1,1,0.293939393939394,0,0,0.040983606557377,0,0,0,0,0,0,0,0.842263094762095,RB,DAL,t,cin,16.1499996185303,7900,0.2,0.166666666666667,1,0,0.5125,0.515625,1,1,1,0.545454545454545,1,1,0.470588235294118,1,1,0.4,0,0.2,0.272727272727273,0,0.5125,0.515625,0.409090909090909,0,0.826771653543308,0,0.862068965517241,0.444444444444444,0.376744186046512,0.25,0.5,0.15,0.358778625954198,0.210526315789474,0.375,0.166666666666667,0,0.548672566371681,0.3,0,0.5125,0.515625,0.857142857142857,0.505020080321285,0.444444444444444,0.466666666666667,0.875,1,0.636363636363636,1,1,1,0.0769230769230769,0,1,0.25,0.25,16.9335384368896
6,"Elliott, Ezekiel",0,dal,vs CHI,W  31-17,0,0,0,0,0,0,0,0,chi,0,0.0140845070422535,0.454545454545455,0,0.222222222222222,0.204918032786885,0,0,0,0,0,0,0,0.842263094762095,RB,DAL,t,cin,16.1499996185303,7900,0.2,0.166666666666667,1,0,0.5125,0.515625,1,1,1,0.545454545454545,1,1,0.470588235294118,1,1,0.4,0,0.2,0.272727272727273,0,0.5125,0.515625,0.409090909090909,0,0.826771653543308,0,0.862068965517241,0.444444444444444,0.376744186046512,0.25,0.5,0.15,0.358778625954198,0.210526315789474,0.375,0.166666666666667,0,0.548672566371681,0.3,0,0.5125,0.515625,0.857142857142857,0.505020080321285,0.444444444444444,0.466666666666667,0.875,1,0.636363636363636,1,1,1,0.0769230769230769,0,1,0.25,0.25,14.4784936904907
6,"Morris, Alfred",0,dal,vs CHI,W  31-17,0,0,0,0,0,0,0,0,chi,0.166666666666667,0.147887323943662,0.266666666666667,0.5,0,0.040983606557377,0,0,0,0,0,0,0,0.327868852459016,RB,DAL,t,cin,5.55000019073486,5100,0.2,0.166666666666667,1,0,0.5125,0.515625,1,1,1,0.545454545454545,1,1,0.470588235294118,1,1,0.4,0,0.2,0.272727272727273,0,0.5125,0.515625,0.409090909090909,0,0.826771653543308,0,0.862068965517241,0.444444444444444,0.376744186046512,0.25,0.5,0.15,0.358778625954198,0.210526315789474,0.375,0.166666666666667,0,0.548672566371681,0.3,0,0.5125,0.515625,0.857142857142857,0.505020080321285,0.444444444444444,0.466666666666667,0.875,1,0.636363636363636,1,1,1,0.0769230769230769,0,1,0.25,0.25,11.1429777145386
6,"Morris, Alfred",0,dal,vs CHI,W  31-17,0,0,0,0,0,0,0,0,chi,0,0.0140845070422535,0.212121212121212,0,0.111111111111111,0.0573770491803279,0,0,0,0,0,0,0,0.327868852459016,RB,DAL,t,cin,5.55000019073486,5100,0.2,0.166666666666667,1,0,0.5125,0.515625,1,1,1,0.545454545454545,1,1,0.470588235294118,1,1,0.4,0,0.2,0.272727272727273,0,0.5125,0.515625,0.409090909090909,0,0.826771653543308,0,0.862068965517241,0.444444444444444,0.376744186046512,0.25,0.5,0.15,0.358778625954198,0.210526315789474,0.375,0.166666666666667,0,0.548672566371681,0.3,0,0.5125,0.515625,0.857142857142857,0.505020080321285,0.444444444444444,0.466666666666667,0.875,1,0.636363636363636,1,1,1,0.0769230769230769,0,1,0.25,0.25,8.15421867370605
6,"Prescott, Dak",0,dal,vs CHI,W  31-17,0.730769230769231,0.615384615384615,0.751515151515151,0.5,0,0,0,1,chi,0,0.0140845070422535,0.151515151515152,0,0,0.040983606557377,0,0,0,0,0,0,0,0.0539784086365454,QB,DAL,t,cin,17.5450000762939,7300,0.2,0.166666666666667,1,0,0.5125,0.515625,1,1,1,0.545454545454545,1,1,0.470588235294118,1,1,0.4,0,0.2,0.272727272727273,0,0.5125,0.515625,0.409090909090909,0,0.826771653543308,0,0.862068965517241,0.444444444444444,0.376744186046512,0.25,0.5,0.15,0.358778625954198,0.210526315789474,0.375,0.166666666666667,0,0.548672566371681,0.3,0,0.5125,0.515625,0.857142857142857,0.505020080321285,0.444444444444444,0.466666666666667,0.875,1,0.636363636363636,1,1,1,0.0769230769230769,0,1,0.25,0.25,23.4710865020752
6,"Prescott, Dak",0,dal,vs CHI,W  31-17,0,0,0,0,0,0,0,0,chi,0.133333333333333,0.267605633802817,0.424242424242424,0.5,0,0.040983606557377,0,0,0,0,0,0,0,0.0539784086365454,QB,DAL,t,cin,17.5450000762939,7300,0.2,0.166666666666667,1,0,0.5125,0.515625,1,1,1,0.545454545454545,1,1,0.470588235294118,1,1,0.4,0,0.2,0.272727272727273,0,0.5125,0.515625,0.409090909090909,0,0.826771653543308,0,0.862068965517241,0.444444444444444,0.376744186046512,0.25,0.5,0.15,0.358778625954198,0.210526315789474,0.375,0.166666666666667,0,0.548672566371681,0.3,0,0.5125,0.515625,0.857142857142857,0.505020080321285,0.444444444444444,0.466666666666667,0.875,1,0.636363636363636,1,1,1,0.0769230769230769,0,1,0.25,0.25,17.2698650360107
6,"Swaim, Geoff",0,dal,vs CHI,W  31-17,0,0,0,0,0,0,0,0,chi,0,0.0140845070422535,0.151515151515152,0,0,0.040983606557377,0,0,0,0,0,0,0,0.687125149940024,TE,DAL,t,cin,2.16666666666667,4500,0.2,0.166666666666667,1,0,0.5125,0.515625,1,1,1,0.545454545454545,1,1,0.470588235294118,1,1,0.4,0,0.2,0.272727272727273,0,0.5125,0.515625,0.409090909090909,0,0.826771653543308,0,0.862068965517241,0.444444444444444,0.376744186046512,0.25,0.5,0.15,0.358778625954198,0.210526315789474,0.375,0.166666666666667,0,0.548672566371681,0.3,0,0.5125,0.515625,0.857142857142857,0.505020080321285,0.444444444444444,0.466666666666667,0.875,1,0.636363636363636,1,1,1,0.0769230769230769,0,1,0.25,0.25,-0.533793330192566
6,"Whitehead, Lucky",0,dal,vs CHI,W  31-17,0,0,0,0,0,0,0,0,chi,0.0333333333333333,0.0352112676056338,0.242424242424242,0,0,0.040983606557377,0,0,0,0,0,0,0,0.833466613354658,WR,DAL,t,cin,0.275000005960464,4500,0.2,0.166666666666667,1,0,0.5125,0.515625,1,1,1,0.545454545454545,1,1,0.470588235294118,1,1,0.4,0,0.2,0.272727272727273,0,0.5125,0.515625,0.409090909090909,0,0.826771653543308,0,0.862068965517241,0.444444444444444,0.376744186046512,0.25,0.5,0.15,0.358778625954198,0.210526315789474,0.375,0.166666666666667,0,0.548672566371681,0.3,0,0.5125,0.515625,0.857142857142857,0.505020080321285,0.444444444444444,0.466666666666667,0.875,1,0.636363636363636,1,1,1,0.0769230769230769,0,1,0.25,0.25,2.75697374343872
6,"Williams, Terrance",0,dal,vs CHI,W  31-17,0,0,0,0,0,0,1,0,chi,0,0.0140845070422535,0.818181818181818,0,0.444444444444444,0.762295081967213,0,0,0,0,0,0,0,0.796681327469012,WR,DAL,t,cin,8.70000012715658,5500,0.2,0.166666666666667,1,0,0.5125,0.515625,1,1,1,0.545454545454545,1,1,0.470588235294118,1,1,0.4,0,0.2,0.272727272727273,0,0.5125,0.515625,0.409090909090909,0,0.826771653543308,0,0.862068965517241,0.444444444444444,0.376744186046512,0.25,0.5,0.15,0.358778625954198,0.210526315789474,0.375,0.166666666666667,0,0.548672566371681,0.3,0,0.5125,0.515625,0.857142857142857,0.505020080321285,0.444444444444444,0.466666666666667,0.875,1,0.636363636363636,1,1,1,0.0769230769230769,0,1,0.25,0.25,18.7708854675293
6,"Witten, Jason",0,dal,vs CHI,W  31-17,0,0,0,0,0,0,0,0,chi,0,0.0140845070422535,0.53030303030303,0,0.222222222222222,0.245901639344262,0,0,0,0,0,0,0,0.605957616953219,TE,DAL,t,cin,7.34999990463257,5800,0.2,0.166666666666667,1,0,0.5125,0.515625,1,1,1,0.545454545454545,1,1,0.470588235294118,1,1,0.4,0,0.2,0.272727272727273,0,0.5125,0.515625,0.409090909090909,0,0.826771653543308,0,0.862068965517241,0.444444444444444,0.376744186046512,0.25,0.5,0.15,0.358778625954198,0.210526315789474,0.375,0.166666666666667,0,0.548672566371681,0.3,0,0.5125,0.515625,0.857142857142857,0.505020080321285,0.444444444444444,0.466666666666667,0.875,1,0.636363636363636,1,1,1,0.0769230769230769,0,1,0.25,0.25,8.46442699432373
7,"Anderson, C.J.",0,den,@ CIN,W  29-17,0,0,0,0,0,0,0,0,cin,0.466666666666667,0.274647887323944,0.23030303030303,0,0,0.040983606557377,0,0,0,0,0,0,0,0.338464614154338,RB,DEN,t,atl,15.25,8000,0,0.2,0.142857142857143,0,0.28125,0.28125,0.0769230769230769,0.0769230769230769,0.0630630630630631,0.454545454545454,0.0613718411552348,0,0,0.153846153846154,0.456521739130435,0,0,0.2,0.363636363636364,0,0.28125,0.28125,0,0.1875,0.173228346456693,0.199999999999999,0.896551724137931,0.592592592592593,0.518139534883721,1,0.75,0.05,0.190839694656489,1,0.75,0.833333333333333,0.272727272727273,0.692477876106195,0.25,0,0.28125,0.28125,0,0.397590361445783,0.555555555555556,0.0833333333333333,0.25,0.625,0.181818181818182,0,0.333333333333333,0,0,0.272,0.142857142857143,0.5,0.5,12.5055484771729
7,"Anderson, C.J.",0,den,@ CIN,W  29-17,0,0,0,0,0,0,0,0,cin,0,0.0140845070422535,0.272727272727273,0,0.111111111111111,0.0737704918032787,0,0,0,0,0,0,0,0.338464614154338,RB,DEN,t,atl,15.25,8000,0,0.2,0.142857142857143,0,0.28125,0.28125,0.0769230769230769,0.0769230769230769,0.0630630630630631,0.454545454545454,0.0613718411552348,0,0,0.153846153846154,0.456521739130435,0,0,0.2,0.363636363636364,0,0.28125,0.28125,0,0.1875,0.173228346456693,0.199999999999999,0.896551724137931,0.592592592592593,0.518139534883721,1,0.75,0.05,0.190839694656489,1,0.75,0.833333333333333,0.272727272727273,0.692477876106195,0.25,0,0.28125,0.28125,0,0.397590361445783,0.555555555555556,0.0833333333333333,0.25,0.625,0.181818181818182,0,0.333333333333333,0,0,0.272,0.142857142857143,0.5,0.5,13.5067367553711
7,"Booker, Devontae",0,den,@ CIN,W  29-17,0,0,0,0,0,0,0,0,cin,0.133333333333333,0.0704225352112676,0.212121212121212,0,0,0.040983606557377,0,0,0,0,0,0,0,0.847061175529788,RB,DEN,t,atl,2.59999990463257,5100,0,0.2,0.142857142857143,0,0.28125,0.28125,0.0769230769230769,0.0769230769230769,0.0630630630630631,0.454545454545454,0.0613718411552348,0,0,0.153846153846154,0.456521739130435,0,0,0.2,0.363636363636364,0,0.28125,0.28125,0,0.1875,0.173228346456693,0.199999999999999,0.896551724137931,0.592592592592593,0.518139534883721,1,0.75,0.05,0.190839694656489,1,0.75,0.833333333333333,0.272727272727273,0.692477876106195,0.25,0,0.28125,0.28125,0,0.397590361445783,0.555555555555556,0.0833333333333333,0.25,0.625,0.181818181818182,0,0.333333333333333,0,0,0.272,0.142857142857143,0.5,0.5,2.24047517776489
7,"Booker, Devontae",0,den,@ CIN,W  29-17,0,0,0,0,0,0,0,0,cin,0,0.0140845070422535,0.666666666666667,0,0.111111111111111,0.180327868852459,0,0,0,0,0,0,0,0.847061175529788,RB,DEN,t,atl,2.59999990463257,5100,0,0.2,0.142857142857143,0,0.28125,0.28125,0.0769230769230769,0.0769230769230769,0.0630630630630631,0.454545454545454,0.0613718411552348,0,0,0.153846153846154,0.456521739130435,0,0,0.2,0.363636363636364,0,0.28125,0.28125,0,0.1875,0.173228346456693,0.199999999999999,0.896551724137931,0.592592592592593,0.518139534883721,1,0.75,0.05,0.190839694656489,1,0.75,0.833333333333333,0.272727272727273,0.692477876106195,0.25,0,0.28125,0.28125,0,0.397590361445783,0.555555555555556,0.0833333333333333,0.25,0.625,0.181818181818182,0,0.333333333333333,0,0,0.272,0.142857142857143,0.5,0.5,3.26693892478943
7,"Fowler, Bennie",0,den,@ CIN,W  29-17,0,0,0,0,0,0,0,0,cin,0,0.0140845070422535,0.545454545454545,0,0.111111111111111,0.147540983606557,0,0,0,0,0,0,0,0.82407037185126,WR,DEN,t,atl,0.899999976158142,4600,0,0.2,0.142857142857143,0,0.28125,0.28125,0.0769230769230769,0.0769230769230769,0.0630630630630631,0.454545454545454,0.0613718411552348,0,0,0.153846153846154,0.456521739130435,0,0,0.2,0.363636363636364,0,0.28125,0.28125,0,0.1875,0.173228346456693,0.199999999999999,0.896551724137931,0.592592592592593,0.518139534883721,1,0.75,0.05,0.190839694656489,1,0.75,0.833333333333333,0.272727272727273,0.692477876106195,0.25,0,0.28125,0.28125,0,0.397590361445783,0.555555555555556,0.0833333333333333,0.25,0.625,0.181818181818182,0,0.333333333333333,0,0,0.272,0.142857142857143,0.5,0.5,2.57999968528748
7,"Janovich, Andy",0,den,@ CIN,W  29-17,0,0,0,0,0,0,0,0,cin,0.0333333333333333,0.028169014084507,0.212121212121212,0,0,0.040983606557377,0,0,0,0,0,0,0,0.849860055977609,RB,DEN,t,atl,4.13333320617676,4500,0,0.2,0.142857142857143,0,0.28125,0.28125,0.0769230769230769,0.0769230769230769,0.0630630630630631,0.454545454545454,0.0613718411552348,0,0,0.153846153846154,0.456521739130435,0,0,0.2,0.363636363636364,0,0.28125,0.28125,0,0.1875,0.173228346456693,0.199999999999999,0.896551724137931,0.592592592592593,0.518139534883721,1,0.75,0.05,0.190839694656489,1,0.75,0.833333333333333,0.272727272727273,0.692477876106195,0.25,0,0.28125,0.28125,0,0.397590361445783,0.555555555555556,0.0833333333333333,0.25,0.625,0.181818181818182,0,0.333333333333333,0,0,0.272,0.142857142857143,0.5,0.5,0.0505589433014393
7,"Janovich, Andy",0,den,@ CIN,W  29-17,0,0,0,0,0,0,0,0,cin,0,0.0140845070422535,0.545454545454545,0,0.111111111111111,0.147540983606557,0,0,0,0,0,0,0,0.849860055977609,RB,DEN,t,atl,4.13333320617676,4500,0,0.2,0.142857142857143,0,0.28125,0.28125,0.0769230769230769,0.0769230769230769,0.0630630630630631,0.454545454545454,0.0613718411552348,0,0,0.153846153846154,0.456521739130435,0,0,0.2,0.363636363636364,0,0.28125,0.28125,0,0.1875,0.173228346456693,0.199999999999999,0.896551724137931,0.592592592592593,0.518139534883721,1,0.75,0.05,0.190839694656489,1,0.75,0.833333333333333,0.272727272727273,0.692477876106195,0.25,0,0.28125,0.28125,0,0.397590361445783,0.555555555555556,0.0833333333333333,0.25,0.625,0.181818181818182,0,0.333333333333333,0,0,0.272,0.142857142857143,0.5,0.5,2.14418005943298
7,"Latimer, Cody",0,den,@ CIN,W  29-17,0,0,0,0,0,0,0,0,cin,0,0.0140845070422535,0.454545454545455,0,0.111111111111111,0.122950819672131,0,0,0,0,0,0,0,0.807077169132347,WR,DEN,t,atl,1.23333334922791,4500,0,0.2,0.142857142857143,0,0.28125,0.28125,0.0769230769230769,0.0769230769230769,0.0630630630630631,0.454545454545454,0.0613718411552348,0,0,0.153846153846154,0.456521739130435,0,0,0.2,0.363636363636364,0,0.28125,0.28125,0,0.1875,0.173228346456693,0.199999999999999,0.896551724137931,0.592592592592593,0.518139534883721,1,0.75,0.05,0.190839694656489,1,0.75,0.833333333333333,0.272727272727273,0.692477876106195,0.25,0,0.28125,0.28125,0,0.397590361445783,0.555555555555556,0.0833333333333333,0.25,0.625,0.181818181818182,0,0.333333333333333,0,0,0.272,0.142857142857143,0.5,0.5,1.77275705337524
7,"McManus, Brandon",0,den,@ CIN,W  29-17,0,0,0,0,0,0,0,0,cin,0,0.0140845070422535,0.151515151515152,0,0,0.040983606557377,0,0.333333333333333,0.333333333333333,0.5,0.75,0.5,0,0.998800479808077,K,DEN,t,atl,8,4700,0,0.2,0.142857142857143,0,0.28125,0.28125,0.0769230769230769,0.0769230769230769,0.0630630630630631,0.454545454545454,0.0613718411552348,0,0,0.153846153846154,0.456521739130435,0,0,0.2,0.363636363636364,0,0.28125,0.28125,0,0.1875,0.173228346456693,0.199999999999999,0.896551724137931,0.592592592592593,0.518139534883721,1,0.75,0.05,0.190839694656489,1,0.75,0.833333333333333,0.272727272727273,0.692477876106195,0.25,0,0.28125,0.28125,0,0.397590361445783,0.555555555555556,0.0833333333333333,0.25,0.625,0.181818181818182,0,0.333333333333333,0,0,0.272,0.142857142857143,0.5,0.5,6.59204339981079
7,"Norwood, Jordan",0,den,@ CIN,W  29-17,0,0,0,0,0,0,0,0,cin,0.0333333333333333,0.0140845070422535,0.151515151515152,0,0,0.040983606557377,0,0,0,0,0,0,0,0.519192323070772,WR,DEN,t,atl,1.85000002384186,4500,0,0.2,0.142857142857143,0,0.28125,0.28125,0.0769230769230769,0.0769230769230769,0.0630630630630631,0.454545454545454,0.0613718411552348,0,0,0.153846153846154,0.456521739130435,0,0,0.2,0.363636363636364,0,0.28125,0.28125,0,0.1875,0.173228346456693,0.199999999999999,0.896551724137931,0.592592592592593,0.518139534883721,1,0.75,0.05,0.190839694656489,1,0.75,0.833333333333333,0.272727272727273,0.692477876106195,0.25,0,0.28125,0.28125,0,0.397590361445783,0.555555555555556,0.0833333333333333,0.25,0.625,0.181818181818182,0,0.333333333333333,0,0,0.272,0.142857142857143,0.5,0.5,-1.64499080181122
7,"Norwood, Jordan",0,den,@ CIN,W  29-17,0,0,0,0,0,0,0,0,cin,0,0.0140845070422535,0.151515151515152,0,0,0.040983606557377,0,0,0,0,0,0,0,0.519192323070772,WR,DEN,t,atl,1.85000002384186,4500,0,0.2,0.142857142857143,0,0.28125,0.28125,0.0769230769230769,0.0769230769230769,0.0630630630630631,0.454545454545454,0.0613718411552348,0,0,0.153846153846154,0.456521739130435,0,0,0.2,0.363636363636364,0,0.28125,0.28125,0,0.1875,0.173228346456693,0.199999999999999,0.896551724137931,0.592592592592593,0.518139534883721,1,0.75,0.05,0.190839694656489,1,0.75,0.833333333333333,0.272727272727273,0.692477876106195,0.25,0,0.28125,0.28125,0,0.397590361445783,0.555555555555556,0.0833333333333333,0.25,0.625,0.181818181818182,0,0.333333333333333,0,0,0.272,0.142857142857143,0.5,0.5,-1.64499080181122
7,"Phillips, John",0,den,@ CIN,W  29-17,0,0,0,0,0,0,0,0,cin,0,0.0140845070422535,0.287878787878788,0,0.222222222222222,0.114754098360656,0.5,0,0,0,0,0,0,0.640143942423031,TE,DEN,t,atl,7.90000009536743,4700,0,0.2,0.142857142857143,0,0.28125,0.28125,0.0769230769230769,0.0769230769230769,0.0630630630630631,0.454545454545454,0.0613718411552348,0,0,0.153846153846154,0.456521739130435,0,0,0.2,0.363636363636364,0,0.28125,0.28125,0,0.1875,0.173228346456693,0.199999999999999,0.896551724137931,0.592592592592593,0.518139534883721,1,0.75,0.05,0.190839694656489,1,0.75,0.833333333333333,0.272727272727273,0.692477876106195,0.25,0,0.28125,0.28125,0,0.397590361445783,0.555555555555556,0.0833333333333333,0.25,0.625,0.181818181818182,0,0.333333333333333,0,0,0.272,0.142857142857143,0.5,0.5,6.54870700836182
7,"Sanders, Emmanuel",0,den,@ CIN,W  29-17,0,0,0,0,0,0,0,0,cin,0,0.0140845070422535,0.545454545454545,0,1,1,1,0,0,0,0,0,0,0.550179928028788,WR,DEN,t,atl,14.9499998092651,7100,0,0.2,0.142857142857143,0,0.28125,0.28125,0.0769230769230769,0.0769230769230769,0.0630630630630631,0.454545454545454,0.0613718411552348,0,0,0.153846153846154,0.456521739130435,0,0,0.2,0.363636363636364,0,0.28125,0.28125,0,0.1875,0.173228346456693,0.199999999999999,0.896551724137931,0.592592592592593,0.518139534883721,1,0.75,0.05,0.190839694656489,1,0.75,0.833333333333333,0.272727272727273,0.692477876106195,0.25,0,0.28125,0.28125,0,0.397590361445783,0.555555555555556,0.0833333333333333,0.25,0.625,0.181818181818182,0,0.333333333333333,0,0,0.272,0.142857142857143,0.5,0.5,30.9886417388916
7,"Thomas, Demaryius",0,den,@ CIN,W  29-17,0,0,0,0,0,0,1,0,cin,0,0.0140845070422535,0.657575757575758,0,0.666666666666667,0.860655737704918,0.5,0,0,0,0,0,0,0.552978808476609,WR,DEN,t,atl,13.9250001907349,7700,0,0.2,0.142857142857143,0,0.28125,0.28125,0.0769230769230769,0.0769230769230769,0.0630630630630631,0.454545454545454,0.0613718411552348,0,0,0.153846153846154,0.456521739130435,0,0,0.2,0.363636363636364,0,0.28125,0.28125,0,0.1875,0.173228346456693,0.199999999999999,0.896551724137931,0.592592592592593,0.518139534883721,1,0.75,0.05,0.190839694656489,1,0.75,0.833333333333333,0.272727272727273,0.692477876106195,0.25,0,0.28125,0.28125,0,0.397590361445783,0.555555555555556,0.0833333333333333,0.25,0.625,0.181818181818182,0,0.333333333333333,0,0,0.272,0.142857142857143,0.5,0.5,30.7869110107422
10,"Bernard, Giovani",0,cin,vs DEN,L  17-29,0,0,0,0,0,0,0,0,den,0.166666666666667,0.0704225352112676,0.2,0,0,0.040983606557377,0,0,0,0,0,0,0,0.331467413034786,RB,CIN,t,dal,9.19999980926514,5500,0.28,0.3,0.714285714285714,0,0,0,0.307692307692308,0.307692307692308,0.648648648648649,0.818181818181818,0.649819494584837,1,1,0.307692307692308,0.543478260869565,0.6,1,0.4,0,0,0,0,0.0454545454545455,0.625,0,0.649999999999999,0.655172413793103,0,0,0,1,0.2,0.236641221374046,0,0,0,1,0,0,0,0,0,1,0,0,0.3,1,0.9375,0.909090909090909,0.25,0.666666666666667,0.33,0.769230769230769,0.744,0.523809523809524,0.5,0.75,9.29833221435547
10,"Bernard, Giovani",0,cin,vs DEN,L  17-29,0,0,0,0,0,0,0,0,den,0,0.0140845070422535,0.36969696969697,0,0.555555555555556,0.336065573770492,0,0,0,0,0,0,0,0.331467413034786,RB,CIN,t,dal,9.19999980926514,5500,0.28,0.3,0.714285714285714,0,0,0,0.307692307692308,0.307692307692308,0.648648648648649,0.818181818181818,0.649819494584837,1,1,0.307692307692308,0.543478260869565,0.6,1,0.4,0,0,0,0,0.0454545454545455,0.625,0,0.649999999999999,0.655172413793103,0,0,0,1,0.2,0.236641221374046,0,0,0,1,0,0,0,0,0,1,0,0,0.3,1,0.9375,0.909090909090909,0.25,0.666666666666667,0.33,0.769230769230769,0.744,0.523809523809524,0.5,0.75,14.7097005844116
10,"Boyd, Tyler",0,cin,vs DEN,L  17-29,0,0,0,0,0,0,0,0,den,0,0.0140845070422535,0.333333333333333,0,0.333333333333333,0.188524590163934,0,0,0,0,0,0,0,0.844462215113954,WR,CIN,t,dal,4.25,5300,0.28,0.3,0.714285714285714,0,0,0,0.307692307692308,0.307692307692308,0.648648648648649,0.818181818181818,0.649819494584837,1,1,0.307692307692308,0.543478260869565,0.6,1,0.4,0,0,0,0,0.0454545454545455,0.625,0,0.649999999999999,0.655172413793103,0,0,0,1,0.2,0.236641221374046,0,0,0,1,0,0,0,0,0,1,0,0,0.3,1,0.9375,0.909090909090909,0.25,0.666666666666667,0.33,0.769230769230769,0.744,0.523809523809524,0.5,0.75,6.28778171539307
10,"Dalton, Andy",0,cin,vs DEN,L  17-29,0.807692307692308,0.794871794871795,0.624242424242424,0,1,1,0,0.588996763754045,den,0,0.0140845070422535,0.151515151515152,0,0,0.040983606557377,0,0,0,0,0,0,0,0.0343862455017993,QB,CIN,t,dal,15.8900003433228,7800,0.28,0.3,0.714285714285714,0,0,0,0.307692307692308,0.307692307692308,0.648648648648649,0.818181818181818,0.649819494584837,1,1,0.307692307692308,0.543478260869565,0.6,1,0.4,0,0,0,0,0.0454545454545455,0.625,0,0.649999999999999,0.655172413793103,0,0,0,1,0.2,0.236641221374046,0,0,0,1,0,0,0,0,0,1,0,0,0.3,1,0.9375,0.909090909090909,0.25,0.666666666666667,0.33,0.769230769230769,0.744,0.523809523809524,0.5,0.75,8.23942852020264
10,"Dalton, Andy",0,cin,vs DEN,L  17-29,0,0,0,0,0,0,0,0,den,0.2,0.295774647887324,0.354545454545455,0,0,0.040983606557377,0,0,0,0,0,0,0,0.0343862455017993,QB,CIN,t,dal,15.8900003433228,7800,0.28,0.3,0.714285714285714,0,0,0,0.307692307692308,0.307692307692308,0.648648648648649,0.818181818181818,0.649819494584837,1,1,0.307692307692308,0.543478260869565,0.6,1,0.4,0,0,0,0,0.0454545454545455,0.625,0,0.649999999999999,0.655172413793103,0,0,0,1,0.2,0.236641221374046,0,0,0,1,0,0,0,0,0,1,0,0,0.3,1,0.9375,0.909090909090909,0.25,0.666666666666667,0.33,0.769230769230769,0.744,0.523809523809524,0.5,0.75,10.6772928237915
10,"Green, A.J.",0,cin,vs DEN,L  17-29,0,0,0,0,0,0,0,0,den,0,0.0140845070422535,0.442424242424242,0,0.888888888888889,0.672131147540984,0,0,0,0,0,0,0,0.771691323470612,WR,CIN,t,dal,18.7000007629395,8700,0.28,0.3,0.714285714285714,0,0,0,0.307692307692308,0.307692307692308,0.648648648648649,0.818181818181818,0.649819494584837,1,1,0.307692307692308,0.543478260869565,0.6,1,0.4,0,0,0,0,0.0454545454545455,0.625,0,0.649999999999999,0.655172413793103,0,0,0,1,0.2,0.236641221374046,0,0,0,1,0,0,0,0,0,1,0,0,0.3,1,0.9375,0.909090909090909,0.25,0.666666666666667,0.33,0.769230769230769,0.744,0.523809523809524,0.5,0.75,20.0164394378662
10,"Hill, Jeremy",0,cin,vs DEN,L  17-29,0,0,0,0,0,0,0,0,den,0.566666666666667,0.697183098591549,0.324242424242424,1,0,0.040983606557377,0,0,0,0,0,0,0,0.339264294282287,RB,CIN,t,dal,11.3249998092651,7300,0.28,0.3,0.714285714285714,0,0,0,0.307692307692308,0.307692307692308,0.648648648648649,0.818181818181818,0.649819494584837,1,1,0.307692307692308,0.543478260869565,0.6,1,0.4,0,0,0,0,0.0454545454545455,0.625,0,0.649999999999999,0.655172413793103,0,0,0,1,0.2,0.236641221374046,0,0,0,1,0,0,0,0,0,1,0,0,0.3,1,0.9375,0.909090909090909,0.25,0.666666666666667,0.33,0.769230769230769,0.744,0.523809523809524,0.5,0.75,21.6034641265869
10,"LaFell, Brandon",0,cin,vs DEN,L  17-29,0,0,0,0,0,0,0,0,den,0.0333333333333333,0,0.0909090909090909,0,0,0.040983606557377,0,0,0,0,0,0,0,0.542782886845262,WR,CIN,t,dal,6.77500009536743,5400,0.28,0.3,0.714285714285714,0,0,0,0.307692307692308,0.307692307692308,0.648648648648649,0.818181818181818,0.649819494584837,1,1,0.307692307692308,0.543478260869565,0.6,1,0.4,0,0,0,0,0.0454545454545455,0.625,0,0.649999999999999,0.655172413793103,0,0,0,1,0.2,0.236641221374046,0,0,0,1,0,0,0,0,0,1,0,0,0.3,1,0.9375,0.909090909090909,0.25,0.666666666666667,0.33,0.769230769230769,0.744,0.523809523809524,0.5,0.75,4.25819540023804
10,"LaFell, Brandon",0,cin,vs DEN,L  17-29,0,0,0,0,0,0,0,0,den,0,0.0140845070422535,0.666666666666667,0,0.222222222222222,0.319672131147541,0,0,0,0,0,0,0,0.542782886845262,WR,CIN,t,dal,6.77500009536743,5400,0.28,0.3,0.714285714285714,0,0,0,0.307692307692308,0.307692307692308,0.648648648648649,0.818181818181818,0.649819494584837,1,1,0.307692307692308,0.543478260869565,0.6,1,0.4,0,0,0,0,0.0454545454545455,0.625,0,0.649999999999999,0.655172413793103,0,0,0,1,0.2,0.236641221374046,0,0,0,1,0,0,0,0,0,1,0,0,0.3,1,0.9375,0.909090909090909,0.25,0.666666666666667,0.33,0.769230769230769,0.744,0.523809523809524,0.5,0.75,10.5527849197388
10,"Nugent, Mike",0,cin,vs DEN,L  17-29,0,0,0,0,0,0,0,0,den,0,0.0140845070422535,0.151515151515152,0,0,0.040983606557377,0,0.333333333333333,0.333333333333333,0.5,0.5,0.5,0,0.972011195521791,K,CIN,t,dal,11.5,4600,0.28,0.3,0.714285714285714,0,0,0,0.307692307692308,0.307692307692308,0.648648648648649,0.818181818181818,0.649819494584837,1,1,0.307692307692308,0.543478260869565,0.6,1,0.4,0,0,0,0,0.0454545454545455,0.625,0,0.649999999999999,0.655172413793103,0,0,0,1,0.2,0.236641221374046,0,0,0,1,0,0,0,0,0,1,0,0,0.3,1,0.9375,0.909090909090909,0.25,0.666666666666667,0.33,0.769230769230769,0.744,0.523809523809524,0.5,0.75,6.3499174118042
10,"Uzomah, C.J.",0,cin,vs DEN,L  17-29,0,0,0,0,0,0,0,0,den,0,0.0140845070422535,0.621212121212121,0,0.222222222222222,0.295081967213115,0,0,0,0,0,0,0,0.684726109556178,TE,CIN,t,dal,4.97499990463257,5100,0.28,0.3,0.714285714285714,0,0,0,0.307692307692308,0.307692307692308,0.648648648648649,0.818181818181818,0.649819494584837,1,1,0.307692307692308,0.543478260869565,0.6,1,0.4,0,0,0,0,0.0454545454545455,0.625,0,0.649999999999999,0.655172413793103,0,0,0,1,0.2,0.236641221374046,0,0,0,1,0,0,0,0,0,1,0,0,0.3,1,0.9375,0.909090909090909,0.25,0.666666666666667,0.33,0.769230769230769,0.744,0.523809523809524,0.5,0.75,8.20468711853027
14,"Benjamin, Travis",0,sd,@ IND,L  22-26,0,0,0,0,0,0,1,0,ind,0,0.0140845070422535,0.772727272727273,0,0.444444444444444,0.713114754098361,0,0,0,0,0,0,0,0.788084766093563,WR,SD,t,oak,11.5249996185303,6500,0.88,0.433333333333333,0.428571428571429,0,0.95,0.953125,0.0384615384615385,0.0307692307692307,0.36036036036036,0.818181818181818,0.36101083032491,1,0.117647058823529,0.307692307692308,0.695652173913043,0.2,0,0.2,1,0,0.95,0.953125,1,0.9375,1,0.949999999999999,0.275862068965517,0.851851851851852,1,0.375,0,1,1,0.157894736842105,0.625,0.5,0.0909090909090909,0.865044247787611,1,0,0.95,0.953125,0.428571428571429,1,1,1,0,0,0.545454545454545,0.25,0,1,1,1,0,0.625,0.75,17.6689968109131
14,"Gordon, Melvin",0,sd,@ IND,L  22-26,0,0,0,0,0,0,0,0,ind,0.533333333333333,0.26056338028169,0.218181818181818,0.5,0,0.040983606557377,0,0,0,0,0,0,0,0.351859256297481,RB,SD,t,oak,18.4750003814697,7700,0.88,0.433333333333333,0.428571428571429,0,0.95,0.953125,0.0384615384615385,0.0307692307692307,0.36036036036036,0.818181818181818,0.36101083032491,1,0.117647058823529,0.307692307692308,0.695652173913043,0.2,0,0.2,1,0,0.95,0.953125,1,0.9375,1,0.949999999999999,0.275862068965517,0.851851851851852,1,0.375,0,1,1,0.157894736842105,0.625,0.5,0.0909090909090909,0.865044247787611,1,0,0.95,0.953125,0.428571428571429,1,1,1,0,0,0.545454545454545,0.25,0,1,1,1,0,0.625,0.75,18.9060230255127
14,"Gordon, Melvin",0,sd,@ IND,L  22-26,0,0,0,0,0,0,0,0,ind,0,0.0140845070422535,0.478787878787879,0,0.444444444444444,0.39344262295082,0,0,0,0,0,0,0,0.351859256297481,RB,SD,t,oak,18.4750003814697,7700,0.88,0.433333333333333,0.428571428571429,0,0.95,0.953125,0.0384615384615385,0.0307692307692307,0.36036036036036,0.818181818181818,0.36101083032491,1,0.117647058823529,0.307692307692308,0.695652173913043,0.2,0,0.2,1,0,0.95,0.953125,1,0.9375,1,0.949999999999999,0.275862068965517,0.851851851851852,1,0.375,0,1,1,0.157894736842105,0.625,0.5,0.0909090909090909,0.865044247787611,1,0,0.95,0.953125,0.428571428571429,1,1,1,0,0,0.545454545454545,0.25,0,1,1,1,0,0.625,0.75,17.8644332885742
14,"Henry, Hunter",0,sd,@ IND,L  22-26,0,0,0,0,0,0,1,0,ind,0,0.0140845070422535,0.612121212121212,0,0.555555555555556,0.663934426229508,0,0,0,0,0,0,0,0.688524590163934,TE,SD,t,oak,8.09999974568685,5400,0.88,0.433333333333333,0.428571428571429,0,0.95,0.953125,0.0384615384615385,0.0307692307692307,0.36036036036036,0.818181818181818,0.36101083032491,1,0.117647058823529,0.307692307692308,0.695652173913043,0.2,0,0.2,1,0,0.95,0.953125,1,0.9375,1,0.949999999999999,0.275862068965517,0.851851851851852,1,0.375,0,1,1,0.157894736842105,0.625,0.5,0.0909090909090909,0.865044247787611,1,0,0.95,0.953125,0.428571428571429,1,1,1,0,0,0.545454545454545,0.25,0,1,1,1,0,0.625,0.75,16.2531089782715
14,"Inman, Dontrelle",0,sd,@ IND,L  22-26,0,0,0,0,0,0,0,0,ind,0,0.0140845070422535,0.475757575757576,0,0.333333333333333,0.30327868852459,0,0,0,0,0,0,0,0.772890843662535,WR,SD,t,oak,7.125,6100,0.88,0.433333333333333,0.428571428571429,0,0.95,0.953125,0.0384615384615385,0.0307692307692307,0.36036036036036,0.818181818181818,0.36101083032491,1,0.117647058823529,0.307692307692308,0.695652173913043,0.2,0,0.2,1,0,0.95,0.953125,1,0.9375,1,0.949999999999999,0.275862068965517,0.851851851851852,1,0.375,0,1,1,0.157894736842105,0.625,0.5,0.0909090909090909,0.865044247787611,1,0,0.95,0.953125,0.428571428571429,1,1,1,0,0,0.545454545454545,0.25,0,1,1,1,0,0.625,0.75,11.5459575653076
14,"Lambo, Josh",0,sd,@ IND,L  22-26,0,0,0,0,0,0,0,0,ind,0,0.0140845070422535,0.151515151515152,0,0,0.040983606557377,0,1,1,0.25,0.5,1,0,1,K,SD,t,oak,9.75,4600,0.88,0.433333333333333,0.428571428571429,0,0.95,0.953125,0.0384615384615385,0.0307692307692307,0.36036036036036,0.818181818181818,0.36101083032491,1,0.117647058823529,0.307692307692308,0.695652173913043,0.2,0,0.2,1,0,0.95,0.953125,1,0.9375,1,0.949999999999999,0.275862068965517,0.851851851851852,1,0.375,0,1,1,0.157894736842105,0.625,0.5,0.0909090909090909,0.865044247787611,1,0,0.95,0.953125,0.428571428571429,1,1,1,0,0,0.545454545454545,0.25,0,1,1,1,0,0.625,0.75,12.1699142456055
14,"McCluster, Dexter",0,sd,@ IND,L  22-26,0,0,0,0,0,0,0,0,ind,0,0.0140845070422535,0.287878787878788,0,0.222222222222222,0.114754098360656,0,0,0,0,0,0,0,0.544182327069172,RB,SD,t,oak,2,4500,0.88,0.433333333333333,0.428571428571429,0,0.95,0.953125,0.0384615384615385,0.0307692307692307,0.36036036036036,0.818181818181818,0.36101083032491,1,0.117647058823529,0.307692307692308,0.695652173913043,0.2,0,0.2,1,0,0.95,0.953125,1,0.9375,1,0.949999999999999,0.275862068965517,0.851851851851852,1,0.375,0,1,1,0.157894736842105,0.625,0.5,0.0909090909090909,0.865044247787611,1,0,0.95,0.953125,0.428571428571429,1,1,1,0,0,0.545454545454545,0.25,0,1,1,1,0,0.625,0.75,5.39206027984619
14,"McGrath, Sean",0,sd,@ IND,L  22-26,0,0,0,0,0,0,0,0,ind,0,0.0140845070422535,0.545454545454545,0,0.111111111111111,0.147540983606557,0,0,0,0,0,0,0,0.671131547381048,TE,SD,t,oak,1.79999995231628,4500,0.88,0.433333333333333,0.428571428571429,0,0.95,0.953125,0.0384615384615385,0.0307692307692307,0.36036036036036,0.818181818181818,0.36101083032491,1,0.117647058823529,0.307692307692308,0.695652173913043,0.2,0,0.2,1,0,0.95,0.953125,1,0.9375,1,0.949999999999999,0.275862068965517,0.851851851851852,1,0.375,0,1,1,0.157894736842105,0.625,0.5,0.0909090909090909,0.865044247787611,1,0,0.95,0.953125,0.428571428571429,1,1,1,0,0,0.545454545454545,0.25,0,1,1,1,0,0.625,0.75,1.4691709280014
14,"Rivers, Philip",0,sd,@ IND,L  22-26,1,1,1,0,0,0.5,1,0.751618122977346,ind,0,0.0140845070422535,0.151515151515152,0,0,0.040983606557377,0,0,0,0,0,0,0,0,QB,SD,t,oak,17.375,8300,0.88,0.433333333333333,0.428571428571429,0,0.95,0.953125,0.0384615384615385,0.0307692307692307,0.36036036036036,0.818181818181818,0.36101083032491,1,0.117647058823529,0.307692307692308,0.695652173913043,0.2,0,0.2,1,0,0.95,0.953125,1,0.9375,1,0.949999999999999,0.275862068965517,0.851851851851852,1,0.375,0,1,1,0.157894736842105,0.625,0.5,0.0909090909090909,0.865044247787611,1,0,0.95,0.953125,0.428571428571429,1,1,1,0,0,0.545454545454545,0.25,0,1,1,1,0,0.625,0.75,16.8939208984375
14,"Rivers, Philip",0,sd,@ IND,L  22-26,0,0,0,0,0,0,1,0,ind,0.0333333333333333,0.028169014084507,0.212121212121212,0,0,0.040983606557377,0,0,0,0,0,0,0,0,QB,SD,t,oak,17.375,8300,0.88,0.433333333333333,0.428571428571429,0,0.95,0.953125,0.0384615384615385,0.0307692307692307,0.36036036036036,0.818181818181818,0.36101083032491,1,0.117647058823529,0.307692307692308,0.695652173913043,0.2,0,0.2,1,0,0.95,0.953125,1,0.9375,1,0.949999999999999,0.275862068965517,0.851851851851852,1,0.375,0,1,1,0.157894736842105,0.625,0.5,0.0909090909090909,0.865044247787611,1,0,0.95,0.953125,0.428571428571429,1,1,1,0,0,0.545454545454545,0.25,0,1,1,1,0,0.625,0.75,17.92405128479
14,"Williams, Tyrell",0,sd,@ IND,L  22-26,0,0,0,0,0,0,0,0,ind,0,0.0140845070422535,0.5,0,0.666666666666667,0.60655737704918,0,0,0,0,0,0,0,0.839864054378249,WR,SD,t,oak,9.52499961853027,6500,0.88,0.433333333333333,0.428571428571429,0,0.95,0.953125,0.0384615384615385,0.0307692307692307,0.36036036036036,0.818181818181818,0.36101083032491,1,0.117647058823529,0.307692307692308,0.695652173913043,0.2,0,0.2,1,0,0.95,0.953125,1,0.9375,1,0.949999999999999,0.275862068965517,0.851851851851852,1,0.375,0,1,1,0.157894736842105,0.625,0.5,0.0909090909090909,0.865044247787611,1,0,0.95,0.953125,0.428571428571429,1,1,1,0,0,0.545454545454545,0.25,0,1,1,1,0,0.625,0.75,19.5054454803467
30,"Austin, Tavon",0,la,@ TB,W  37-32,0,0,0,0,0,0,0,0,tb,0.0666666666666667,0.169014084507042,0.484848484848485,0,0,0.040983606557377,0,0,0,0,0,0,0,0.79328268692523,WR,LA,t,buf,8.07499980926514,5800,0.08,0.966666666666667,0,0,1,1,0.653846153846154,0.646153846153846,0,0,0,0.8,0.176470588235294,0,0,0.2,0,0,0.590909090909091,0,1,1,0.0909090909090909,0.0625,0.362204724409449,0.0749999999999993,0,1,0.827906976744186,0.875,0,0.65,0.931297709923664,0.631578947368421,1,1,0.272727272727273,1,0.55,0,1,1,0.619047619047619,0.71285140562249,0.666666666666667,0.466666666666667,0.125,0.6875,0,0.25,0.333333333333333,0.5,0.230769230769231,0.296,0.333333333333333,0.125,0.25,14.3175821304321
30,"Austin, Tavon",0,la,@ TB,W  37-32,0,0,0,0,0,0,0,0,tb,0,0.0140845070422535,0.648484848484848,0,0.555555555555556,0.713114754098361,0.5,0,0,0,0,0,0,0.79328268692523,WR,LA,t,buf,8.07499980926514,5800,0.08,0.966666666666667,0,0,1,1,0.653846153846154,0.646153846153846,0,0,0,0.8,0.176470588235294,0,0,0.2,0,0,0.590909090909091,0,1,1,0.0909090909090909,0.0625,0.362204724409449,0.0749999999999993,0,1,0.827906976744186,0.875,0,0.65,0.931297709923664,0.631578947368421,1,1,0.272727272727273,1,0.55,0,1,1,0.619047619047619,0.71285140562249,0.666666666666667,0.466666666666667,0.125,0.6875,0,0.25,0.333333333333333,0.5,0.230769230769231,0.296,0.333333333333333,0.125,0.25,25.8777179718018
30,"Gurley, Todd",0,la,@ TB,W  37-32,0,0,0,0,0,0,0,0,tb,0.9,0.612676056338028,0.245454545454545,1,0,0.040983606557377,0,0,0,0,0,0,0,0.352059176329468,RB,LA,t,buf,10.8500003814697,7600,0.08,0.966666666666667,0,0,1,1,0.653846153846154,0.646153846153846,0,0,0,0.8,0.176470588235294,0,0,0.2,0,0,0.590909090909091,0,1,1,0.0909090909090909,0.0625,0.362204724409449,0.0749999999999993,0,1,0.827906976744186,0.875,0,0.65,0.931297709923664,0.631578947368421,1,1,0.272727272727273,1,0.55,0,1,1,0.619047619047619,0.71285140562249,0.666666666666667,0.466666666666667,0.125,0.6875,0,0.25,0.333333333333333,0.5,0.230769230769231,0.296,0.333333333333333,0.125,0.25,24.9260368347168
30,"Gurley, Todd",0,la,@ TB,W  37-32,0,0,0,0,0,0,0,0,tb,0,0.0140845070422535,0,0,0.111111111111111,0,0,0,0,0,0,0,0,0.352059176329468,RB,LA,t,buf,10.8500003814697,7600,0.08,0.966666666666667,0,0,1,1,0.653846153846154,0.646153846153846,0,0,0,0.8,0.176470588235294,0,0,0.2,0,0,0.590909090909091,0,1,1,0.0909090909090909,0.0625,0.362204724409449,0.0749999999999993,0,1,0.827906976744186,0.875,0,0.65,0.931297709923664,0.631578947368421,1,1,0.272727272727273,1,0.55,0,1,1,0.619047619047619,0.71285140562249,0.666666666666667,0.466666666666667,0.125,0.6875,0,0.25,0.333333333333333,0.5,0.230769230769231,0.296,0.333333333333333,0.125,0.25,16.4144344329834
30,"Keenum, Case",0,la,@ TB,W  37-32,0.538461538461538,0.666666666666667,0.575757575757576,1,1,0.25,0,0.703883495145631,tb,0,0.0140845070422535,0.151515151515152,0,0,0.040983606557377,0,0,0,0,0,0,0,0.0407836865253898,QB,LA,t,buf,11.75,6600,0.08,0.966666666666667,0,0,1,1,0.653846153846154,0.646153846153846,0,0,0,0.8,0.176470588235294,0,0,0.2,0,0,0.590909090909091,0,1,1,0.0909090909090909,0.0625,0.362204724409449,0.0749999999999993,0,1,0.827906976744186,0.875,0,0.65,0.931297709923664,0.631578947368421,1,1,0.272727272727273,1,0.55,0,1,1,0.619047619047619,0.71285140562249,0.666666666666667,0.466666666666667,0.125,0.6875,0,0.25,0.333333333333333,0.5,0.230769230769231,0.296,0.333333333333333,0.125,0.25,15.3761672973633
30,"Keenum, Case",0,la,@ TB,W  37-32,0,0,0,0,0,0,0,0,tb,0.0666666666666667,0.0211267605633803,0.166666666666667,0,0,0.040983606557377,0,0,0,0,0,0,0,0.0407836865253898,QB,LA,t,buf,11.75,6600,0.08,0.966666666666667,0,0,1,1,0.653846153846154,0.646153846153846,0,0,0,0.8,0.176470588235294,0,0,0.2,0,0,0.590909090909091,0,1,1,0.0909090909090909,0.0625,0.362204724409449,0.0749999999999993,0,1,0.827906976744186,0.875,0,0.65,0.931297709923664,0.631578947368421,1,1,0.272727272727273,1,0.55,0,1,1,0.619047619047619,0.71285140562249,0.666666666666667,0.466666666666667,0.125,0.6875,0,0.25,0.333333333333333,0.5,0.230769230769231,0.296,0.333333333333333,0.125,0.25,10.0467290878296
30,"Kendricks, Lance",0,la,@ TB,W  37-32,0,0,0,0,0,0,0,0,tb,0,0.0140845070422535,0.151515151515152,0,0,0.040983606557377,0,0,0,0,0,0,0,0.661135545781687,TE,LA,t,buf,4.57499980926514,4500,0.08,0.966666666666667,0,0,1,1,0.653846153846154,0.646153846153846,0,0,0,0.8,0.176470588235294,0,0,0.2,0,0,0.590909090909091,0,1,1,0.0909090909090909,0.0625,0.362204724409449,0.0749999999999993,0,1,0.827906976744186,0.875,0,0.65,0.931297709923664,0.631578947368421,1,1,0.272727272727273,1,0.55,0,1,1,0.619047619047619,0.71285140562249,0.666666666666667,0.466666666666667,0.125,0.6875,0,0.25,0.333333333333333,0.5,0.230769230769231,0.296,0.333333333333333,0.125,0.25,-0.817556262016296
30,"Marquez, Bradley",0,la,@ TB,W  37-32,0,0,0,0,0,0,0,0,tb,0,0.0140845070422535,0.515151515151515,0,0.111111111111111,0.139344262295082,0,0,0,0,0,0,0,0.8390643742503,WR,LA,t,buf,1.70000004768372,4500,0.08,0.966666666666667,0,0,1,1,0.653846153846154,0.646153846153846,0,0,0,0.8,0.176470588235294,0,0,0.2,0,0,0.590909090909091,0,1,1,0.0909090909090909,0.0625,0.362204724409449,0.0749999999999993,0,1,0.827906976744186,0.875,0,0.65,0.931297709923664,0.631578947368421,1,1,0.272727272727273,1,0.55,0,1,1,0.619047619047619,0.71285140562249,0.666666666666667,0.466666666666667,0.125,0.6875,0,0.25,0.333333333333333,0.5,0.230769230769231,0.296,0.333333333333333,0.125,0.25,2.29142212867737
30,"Quick, Brian",0,la,@ TB,W  37-32,0,0,0,0,0,0,0,0,tb,0,0.0140845070422535,0.954545454545455,0,0.222222222222222,0.475409836065574,0.5,0,0,0,0,0,0,0.784886045581767,WR,LA,t,buf,9.32499980926514,4500,0.08,0.966666666666667,0,0,1,1,0.653846153846154,0.646153846153846,0,0,0,0.8,0.176470588235294,0,0,0.2,0,0,0.590909090909091,0,1,1,0.0909090909090909,0.0625,0.362204724409449,0.0749999999999993,0,1,0.827906976744186,0.875,0,0.65,0.931297709923664,0.631578947368421,1,1,0.272727272727273,1,0.55,0,1,1,0.619047619047619,0.71285140562249,0.666666666666667,0.466666666666667,0.125,0.6875,0,0.25,0.333333333333333,0.5,0.230769230769231,0.296,0.333333333333333,0.125,0.25,16.6203804016113
30,"Zuerlein, Greg",0,la,@ TB,W  37-32,0,0,0,0,0,0,0,0,tb,0,0.0140845070422535,0.151515151515152,0,0,0.040983606557377,0,0.333333333333333,0.333333333333333,1,1,0.7,0,0.994402239104358,K,LA,t,buf,8,4600,0.08,0.966666666666667,0,0,1,1,0.653846153846154,0.646153846153846,0,0,0,0.8,0.176470588235294,0,0,0.2,0,0,0.590909090909091,0,1,1,0.0909090909090909,0.0625,0.362204724409449,0.0749999999999993,0,1,0.827906976744186,0.875,0,0.65,0.931297709923664,0.631578947368421,1,1,0.272727272727273,1,0.55,0,1,1,0.619047619047619,0.71285140562249,0.666666666666667,0.466666666666667,0.125,0.6875,0,0.25,0.333333333333333,0.5,0.230769230769231,0.296,0.333333333333333,0.125,0.25,11.1549558639526
31,"Carr, Derek",0,oak,@ TEN,W  17-10,0.807692307692308,0.897435897435897,0.754545454545455,0.5,1,0.25,0,0.641585760517799,ten,0,0.0140845070422535,0.151515151515152,0,0,0.040983606557377,0,0,0,0,0,0,0,0.0419832067173131,QB,OAK,t,sd,20.9850006103516,8100,1,1,0.571428571428571,0,0.3125,0.3125,0,0,0.513513513513513,1,0.512635379061372,0.2,0.470588235294118,0.0769230769230769,0.391304347826087,1,0,0,0.454545454545455,0,0.3125,0.3125,0.454545454545455,1,0.307086614173228,1,1,0.481481481481482,0.663255813953488,0.25,0.75,0.45,0.396946564885496,0.210526315789474,1,0.333333333333333,0,0.367256637168142,0.5,0,0.3125,0.3125,0.380952380952381,0.678714859437751,0.722222222222222,0.3,0.75,0.8125,0.727272727272727,0,0,0,0.769230769230769,0.56,0.0476190476190476,0,0,21.2087497711182
31,"Carr, Derek",0,oak,@ TEN,W  17-10,0,0,0,0,0,0,0,0,ten,0.0333333333333333,0.00704225352112676,0.121212121212121,0,0,0.040983606557377,0,0,0,0,0,0,0,0.0419832067173131,QB,OAK,t,sd,20.9850006103516,8100,1,1,0.571428571428571,0,0.3125,0.3125,0,0,0.513513513513513,1,0.512635379061372,0.2,0.470588235294118,0.0769230769230769,0.391304347826087,1,0,0,0.454545454545455,0,0.3125,0.3125,0.454545454545455,1,0.307086614173228,1,1,0.481481481481482,0.663255813953488,0.25,0.75,0.45,0.396946564885496,0.210526315789474,1,0.333333333333333,0,0.367256637168142,0.5,0,0.3125,0.3125,0.380952380952381,0.678714859437751,0.722222222222222,0.3,0.75,0.8125,0.727272727272727,0,0,0,0.769230769230769,0.56,0.0476190476190476,0,0,14.5759887695313
31,"Cooper, Amari",0,oak,@ TEN,W  17-10,0,0,0,0,0,0,0,0,ten,0,0.0140845070422535,0.621212121212121,0,0.444444444444444,0.549180327868853,0,0,0,0,0,0,0,0.828668532586965,WR,OAK,t,sd,10.9499998092651,7200,1,1,0.571428571428571,0,0.3125,0.3125,0,0,0.513513513513513,1,0.512635379061372,0.2,0.470588235294118,0.0769230769230769,0.391304347826087,1,0,0,0.454545454545455,0,0.3125,0.3125,0.454545454545455,1,0.307086614173228,1,1,0.481481481481482,0.663255813953488,0.25,0.75,0.45,0.396946564885496,0.210526315789474,1,0.333333333333333,0,0.367256637168142,0.5,0,0.3125,0.3125,0.380952380952381,0.678714859437751,0.722222222222222,0.3,0.75,0.8125,0.727272727272727,0,0,0,0.769230769230769,0.56,0.0476190476190476,0,0,19.1501197814941
31,"Crabtree, Michael",0,oak,@ TEN,W  17-10,0,0,0,0,0,0,0,0,ten,0,0.0140845070422535,0.539393939393939,0,0.888888888888889,0.877049180327869,0,0,0,0,0,0,0,0.527988804478209,WR,OAK,t,sd,17.4500007629395,6900,1,1,0.571428571428571,0,0.3125,0.3125,0,0,0.513513513513513,1,0.512635379061372,0.2,0.470588235294118,0.0769230769230769,0.391304347826087,1,0,0,0.454545454545455,0,0.3125,0.3125,0.454545454545455,1,0.307086614173228,1,1,0.481481481481482,0.663255813953488,0.25,0.75,0.45,0.396946564885496,0.210526315789474,1,0.333333333333333,0,0.367256637168142,0.5,0,0.3125,0.3125,0.380952380952381,0.678714859437751,0.722222222222222,0.3,0.75,0.8125,0.727272727272727,0,0,0,0.769230769230769,0.56,0.0476190476190476,0,0,22.1919193267822
31,"Holmes, Andre",0,oak,@ TEN,W  17-10,0,0,0,0,0,0,0,0,ten,0,0.0140845070422535,0.393939393939394,0,0.111111111111111,0.10655737704918,0,0,0,0,0,0,0,0.788884446221511,WR,OAK,t,sd,2.79999987284342,4500,1,1,0.571428571428571,0,0.3125,0.3125,0,0,0.513513513513513,1,0.512635379061372,0.2,0.470588235294118,0.0769230769230769,0.391304347826087,1,0,0,0.454545454545455,0,0.3125,0.3125,0.454545454545455,1,0.307086614173228,1,1,0.481481481481482,0.663255813953488,0.25,0.75,0.45,0.396946564885496,0.210526315789474,1,0.333333333333333,0,0.367256637168142,0.5,0,0.3125,0.3125,0.380952380952381,0.678714859437751,0.722222222222222,0.3,0.75,0.8125,0.727272727272727,0,0,0,0.769230769230769,0.56,0.0476190476190476,0,0,3.11693787574768
31,"Janikowski, Sebastian",0,oak,@ TEN,W  17-10,0,0,0,0,0,0,0,0,ten,0,0.0140845070422535,0.151515151515152,0,0,0.040983606557377,0,0.333333333333333,0.333333333333333,0.5,0.5,0.5,0,0.963014794082367,K,OAK,t,sd,5.75,4800,1,1,0.571428571428571,0,0.3125,0.3125,0,0,0.513513513513513,1,0.512635379061372,0.2,0.470588235294118,0.0769230769230769,0.391304347826087,1,0,0,0.454545454545455,0,0.3125,0.3125,0.454545454545455,1,0.307086614173228,1,1,0.481481481481482,0.663255813953488,0.25,0.75,0.45,0.396946564885496,0.210526315789474,1,0.333333333333333,0,0.367256637168142,0.5,0,0.3125,0.3125,0.380952380952381,0.678714859437751,0.722222222222222,0.3,0.75,0.8125,0.727272727272727,0,0,0,0.769230769230769,0.56,0.0476190476190476,0,0,8.73278617858887
31,"Olawale, Jamize",0,oak,@ TEN,W  17-10,0,0,0,0,0,0,0,0,ten,0.0333333333333333,0.0140845070422535,0.151515151515152,0,0,0.040983606557377,0,0,0,0,0,0,0,0.336265493802479,RB,OAK,t,sd,2.77500009536743,4500,1,1,0.571428571428571,0,0.3125,0.3125,0,0,0.513513513513513,1,0.512635379061372,0.2,0.470588235294118,0.0769230769230769,0.391304347826087,1,0,0,0.454545454545455,0,0.3125,0.3125,0.454545454545455,1,0.307086614173228,1,1,0.481481481481482,0.663255813953488,0.25,0.75,0.45,0.396946564885496,0.210526315789474,1,0.333333333333333,0,0.367256637168142,0.5,0,0.3125,0.3125,0.380952380952381,0.678714859437751,0.722222222222222,0.3,0.75,0.8125,0.727272727272727,0,0,0,0.769230769230769,0.56,0.0476190476190476,0,0,1.79815590381622
31,"Olawale, Jamize",0,oak,@ TEN,W  17-10,0,0,0,0,0,0,0,0,ten,0,0.0140845070422535,0.151515151515152,0,0,0.040983606557377,0,0,0,0,0,0,0,0.336265493802479,RB,OAK,t,sd,2.77500009536743,4500,1,1,0.571428571428571,0,0.3125,0.3125,0,0,0.513513513513513,1,0.512635379061372,0.2,0.470588235294118,0.0769230769230769,0.391304347826087,1,0,0,0.454545454545455,0,0.3125,0.3125,0.454545454545455,1,0.307086614173228,1,1,0.481481481481482,0.663255813953488,0.25,0.75,0.45,0.396946564885496,0.210526315789474,1,0.333333333333333,0,0.367256637168142,0.5,0,0.3125,0.3125,0.380952380952381,0.678714859437751,0.722222222222222,0.3,0.75,0.8125,0.727272727272727,0,0,0,0.769230769230769,0.56,0.0476190476190476,0,0,1.79815590381622
31,"Richard, Jalen",0,oak,@ TEN,W  17-10,0,0,0,0,0,0,0,0,ten,0.2,0.211267605633803,0.293939393939394,0,0,0.040983606557377,0,0,0,0,0,0,0,0.851459416233507,RB,OAK,t,sd,6.69999980926514,4900,1,1,0.571428571428571,0,0.3125,0.3125,0,0,0.513513513513513,1,0.512635379061372,0.2,0.470588235294118,0.0769230769230769,0.391304347826087,1,0,0,0.454545454545455,0,0.3125,0.3125,0.454545454545455,1,0.307086614173228,1,1,0.481481481481482,0.663255813953488,0.25,0.75,0.45,0.396946564885496,0.210526315789474,1,0.333333333333333,0,0.367256637168142,0.5,0,0.3125,0.3125,0.380952380952381,0.678714859437751,0.722222222222222,0.3,0.75,0.8125,0.727272727272727,0,0,0,0.769230769230769,0.56,0.0476190476190476,0,0,3.41600012779236
31,"Richard, Jalen",0,oak,@ TEN,W  17-10,0,0,0,0,0,0,0,0,ten,0,0.0140845070422535,0.545454545454545,0,0.111111111111111,0.147540983606557,0,0,0,0,0,0,0,0.851459416233507,RB,OAK,t,sd,6.69999980926514,4900,1,1,0.571428571428571,0,0.3125,0.3125,0,0,0.513513513513513,1,0.512635379061372,0.2,0.470588235294118,0.0769230769230769,0.391304347826087,1,0,0,0.454545454545455,0,0.3125,0.3125,0.454545454545455,1,0.307086614173228,1,1,0.481481481481482,0.663255813953488,0.25,0.75,0.45,0.396946564885496,0.210526315789474,1,0.333333333333333,0,0.367256637168142,0.5,0,0.3125,0.3125,0.380952380952381,0.678714859437751,0.722222222222222,0.3,0.75,0.8125,0.727272727272727,0,0,0,0.769230769230769,0.56,0.0476190476190476,0,0,5.31254625320435
31,"Roberts, Seth",0,oak,@ TEN,W  17-10,0,0,0,0,0,0,0,0,ten,0,0.0140845070422535,0.560606060606061,0,0.222222222222222,0.262295081967213,0.5,0,0,0,0,0,0,0.835065973610556,WR,OAK,t,sd,7.82499980926514,5600,1,1,0.571428571428571,0,0.3125,0.3125,0,0,0.513513513513513,1,0.512635379061372,0.2,0.470588235294118,0.0769230769230769,0.391304347826087,1,0,0,0.454545454545455,0,0.3125,0.3125,0.454545454545455,1,0.307086614173228,1,1,0.481481481481482,0.663255813953488,0.25,0.75,0.45,0.396946564885496,0.210526315789474,1,0.333333333333333,0,0.367256637168142,0.5,0,0.3125,0.3125,0.380952380952381,0.678714859437751,0.722222222222222,0.3,0.75,0.8125,0.727272727272727,0,0,0,0.769230769230769,0.56,0.0476190476190476,0,0,16.6140460968018
31,"Washington, DeAndre",0,oak,@ TEN,W  17-10,0,0,0,0,0,0,0,0,ten,0.2,0.415492957746479,0.439393939393939,0,0,0.040983606557377,0,0,0,0,0,0,0,0.843262694922031,RB,OAK,t,sd,4.84999990463257,4700,1,1,0.571428571428571,0,0.3125,0.3125,0,0,0.513513513513513,1,0.512635379061372,0.2,0.470588235294118,0.0769230769230769,0.391304347826087,1,0,0,0.454545454545455,0,0.3125,0.3125,0.454545454545455,1,0.307086614173228,1,1,0.481481481481482,0.663255813953488,0.25,0.75,0.45,0.396946564885496,0.210526315789474,1,0.333333333333333,0,0.367256637168142,0.5,0,0.3125,0.3125,0.380952380952381,0.678714859437751,0.722222222222222,0.3,0.75,0.8125,0.727272727272727,0,0,0,0.769230769230769,0.56,0.0476190476190476,0,0,6.0590705871582
31,"Washington, DeAndre",0,oak,@ TEN,W  17-10,0,0,0,0,0,0,0,0,ten,0,0.0140845070422535,0.303030303030303,0,0.111111111111111,0.0819672131147541,0,0,0,0,0,0,0,0.843262694922031,RB,OAK,t,sd,4.84999990463257,4700,1,1,0.571428571428571,0,0.3125,0.3125,0,0,0.513513513513513,1,0.512635379061372,0.2,0.470588235294118,0.0769230769230769,0.391304347826087,1,0,0,0.454545454545455,0,0.3125,0.3125,0.454545454545455,1,0.307086614173228,1,1,0.481481481481482,0.663255813953488,0.25,0.75,0.45,0.396946564885496,0.210526315789474,1,0.333333333333333,0,0.367256637168142,0.5,0,0.3125,0.3125,0.380952380952381,0.678714859437751,0.722222222222222,0.3,0.75,0.8125,0.727272727272727,0,0,0,0.769230769230769,0.56,0.0476190476190476,0,0,3.08170318603516
